openalex_id,doi,titulo,ano,periodico,source_id,issn,url,acesso_aberto,autores,docentes_ppge,linhas
"https://openalex.org/W7167891787","10.1080/14427591.2026.2690231","“A constellation of ideas and practices”: Social transformation as addressed in occupational science and occupational therapy","2026","Journal of Occupational Science","https://openalex.org/S2765020922","1442-7591","https://doi.org/10.1080/14427591.2026.2690231","fechado","Debbie Laliberté Rudman; Ana Paula Serrata Malfitano; Rebecca M. Aldrich; ́Patrícia Leme de Oliveira Borba; Jaime Daniel Leite; Roseli Esquerdo Lopes; Gail Teachman","Roseli Esquerdo Lopes","HFSE"
"https://openalex.org/W7165786365","10.36311/2236-5192.2026.v27.e026023","""PRA NÃO DIZER QUE NÃO FALEI DAS FLORES""","2026","Educação em Revista","https://openalex.org/S4210228243","1518-7926","https://doi.org/10.36311/2236-5192.2026.v27.e026023","aberto","Klinger Teodoro Ciríaco","Klinger Teodoro Ciríaco","FPOAE"
"https://openalex.org/W7133510906","10.37001/remat25269062v25id837","A experiência de um grupo colaborativo com análise de tarefas ligadas ao pensamento algébrico no início da escolarização","2026","Revista de Educação Matemática","https://openalex.org/S4210206594","1676-8868","https://doi.org/10.37001/remat25269062v25id837","aberto","Jocelei Miranda da Silva; Klinger Teodoro Ciríaco","Klinger Teodoro Ciríaco","FPOAE"
"https://openalex.org/W7148513119","10.24933/horizontes.v44i1.2189","A tarefa escolar para casa no Ensino Fundamental","2026","Horizontes","https://openalex.org/S4210198334","0103-7706","https://doi.org/10.24933/horizontes.v44i1.2189","aberto","Izabella Anaja Romão de Paula Nunes; Ana Paula Gestoso de Souza","Ana Paula Gestoso de Souza","FPOAE"
"https://openalex.org/W7165619842","10.63595/momento.v35i2.21304","Apresentação EDUCAÇÃO EM PRISÕES: DIREITOS, EXPERIÊNCIAS FORMATIVAS E PRÁTICAS PEDAGÓGICAS","2026","Momento","https://openalex.org/S4210176317","0102-2717","https://doi.org/10.63595/momento.v35i2.21304","aberto","Fernando Fidalgo; Elenice Maria Cammarosano Onofre","Elenice Maria Cammarosano Onofre","EPFH"
"https://openalex.org/W7172386303","10.9771/cgd.v12i2.71196","Ativistas e militantes que são LGBTQIAPN+ nas Jornadas de 2013:","2026","Cadernos de Gênero e Diversidade","https://openalex.org/S4210201251","2525-6904","https://doi.org/10.9771/cgd.v12i2.71196","aberto","Beatriz Nogueira  da Silva; Luís Antônio Groppo; Fernanda Milan de Carvalho; Gislene Da Silva; Yasmin A. da Silva Oliveira","Luís Antonio Groppo","HFSE"
"https://openalex.org/W7135237485","10.1590/es.305009","ATUALIZAÇÃO DAS LUTAS: SISTEMA NACIONAL DE EDUCAÇÃO E OS 30 ANOS DA LEI DE DIRETRIZES E BASES DA EDUCAÇÃO NACIONAL","2026","Educação & Sociedade","https://openalex.org/S2737687728","0101-7330","https://doi.org/10.1590/es.305009","aberto","Salomão Barros Ximenes; Roberto Leher; Ivany Rodrigues Pino; Antônio Alvaro Soares Zuin; Luana Costa Almeida; Ana Maria F. Almeida; Anderson Ricardo Trevisan; Carlos Ernesto Noguera Ramírez; Carmen Sylvia Vidigal Moraes; Claudio Almir Dalbosco; Celso João Ferretti; Débora Mazza; Licínio C. Lima; Nilma Lino Gomes; Pedro Goergen; Romuald Normand; Sandra Maria Zákia Lian Sousa; Xavier Rambla; Vicente Sisto","Luana Costa Almeida","EETPC"
"https://openalex.org/W7169505553","10.5380/atoz.v15.99036","Autores predatórios","2026","AtoZ novas práticas em informação e conhecimento","https://openalex.org/S2738360216","2237-826X","https://doi.org/10.5380/atoz.v15.99036","aberto","María Cristina Piumbato Innocentini Hayashi; José Augusto Chaves Guimarães; Laura Maria Rego-Piva; Amanda Maria dos Santos Silva","Maria Cristina Piumbato Innocentini Hayashi","HFSE"
"https://openalex.org/W7147206540","10.46642/efd.v31i335.8568","Concepções de graduandos(as) de Educação Física sobre docência e escola no Programa Residência Pedagógica","2026","Lecturas: Educación física y deportes","https://openalex.org/S4306518338","1514-3465","https://doi.org/10.46642/efd.v31i335.8568","aberto","Maria Eduarda Rodrigues da Silva Pereira; Eliane Isabel Fabri; Denise Aparecida Corrêa; Fernanda Rossi","Denise Aparecida Correa","PSPE"
"https://openalex.org/W7203789597","10.18542/amazrecm.v22i48.20068","Contribuições dos métodos mistos para a análise de uma formação continuada de professores(as) baseada na Educação Científica Crítica","2026","Amazônia Revista de Educação em Ciências e Matemáticas","https://openalex.org/S4210179992","1980-5128","https://doi.org/10.18542/amazrecm.v22i48.20068","aberto","Nayara Nogueira Soares Marra; Denise de Freitas; Ruan Coelho","Denise de Freitas","ECM"
"https://openalex.org/W7125011326","10.36311/2447-780x.2025.v11.e025021","Conversas profissionais na mentoria docente","2026","Revista do Instituto de Políticas Públicas de Marília","https://openalex.org/S4210219151","2447-780X","https://doi.org/10.36311/2447-780x.2025.v11.e025021","aberto","Brenda Karla Reis de Carvalho; Aline Maria de Medeiros Rodrigues Reali","Aline Maria de Medeiros Rodrigues Reali","FPOAE"
"https://openalex.org/W7147189872","10.18800/educacion.202601.a012","Educação personalizada no ensino superior: uma revisão internacional no ERIC","2026","Educación","https://openalex.org/S4210202592","1019-9403","https://doi.org/10.18800/educacion.202601.a012","aberto","Nayara de Lima Oliveira; Fernando Stanzione Galizia","Fernando Stanzione Galizia","EETPC"
"https://openalex.org/W7131069507","10.18675/1981-8106.v.36.n.71.s18660","Efeitos da avaliação externa na formação continuada: evidências em uma rede","2026","Educação","https://openalex.org/S2738946615","1517-9869","https://doi.org/10.18675/1981-8106.v.36.n.71.s18660","aberto","Teresinha Aparecida Bernardineli de Oliveira Melo; Luana Costa Almeida","Luana Costa Almeida","EETPC"
"https://openalex.org/W7165544025","10.46667/renbio.v19i1.1860","Ensino de Ciências na educação de pessoas jovens e adultas","2026","Revista de Ensino de Biologia da SBEnBio","https://openalex.org/S4387278505","1982-1867","https://doi.org/10.46667/renbio.v19i1.1860","aberto","David Silvestre; Isabela Custódio Talora Bozzini; Fabiana Marini Braga","Fabiana Marini Braga","EETPC"
"https://openalex.org/W7171709323","10.5902/1984644489378","Entre cadernos e planilhas eletrônicas: diálogos no acampamento Capão das Antas","2026","Educação (UFSM)","https://openalex.org/S2738869710","0101-9031","https://doi.org/10.5902/1984644489378","aberto","Eric Gabriel Aguiar Maximiano; Jarina Rodrigues Fernandes; Izaura Naomi Yoshioka Martins","Jarina Rodrigues Fernandes","EETPC"
"https://openalex.org/W7165655401","10.63595/momento.v35i2.20967","EPISÓDIOS DECOLONIZADORES DA/NA EDUCAÇÃO E PESQUISA EM ESPAÇOS DE PRIVAÇÃO DE LIBERDADE","2026","Momento","https://openalex.org/S4210176317","0102-2717","https://doi.org/10.63595/momento.v35i2.20967","aberto","Elenice Maria Cammarosano Onofre","Elenice Maria Cammarosano Onofre","EPFH"
"https://openalex.org/W7159985689","10.20396/etd.v28i00.8677804","Formação continuada de professores dos anos iniciais em matemática","2026","ETD - Educação Temática Digital","https://openalex.org/S2737549463","1676-2592","https://doi.org/10.20396/etd.v28i00.8677804","aberto","Driele Brasil Vasconcelos; Fabiana Marini Braga","Fabiana Marini Braga","EETPC"
"https://openalex.org/W7165539340","10.1590/1980-6248-2025-0061pt","Formação política de ativistas e militantes nas Jornadas de 2013: experiências e subjetivação política","2026","Pro-Posições","https://openalex.org/S4210208850","0103-7307","https://doi.org/10.1590/1980-6248-2025-0061pt","aberto","Luís Antônio Groppo; Josefa Alexandrina da Silva; Lívia Furtado Borges; Emanoely Ladeira Sigiani; Gislene Silva; José Daniel Coutinho Silva; Joana Marins Vianna; Fernanda Milan de Carvalho; MH Santos","Luís Antonio Groppo","HFSE"
"https://openalex.org/W7167739770","10.21879/faeeba2358-0194.2025.v34.n80.p141-159","Imprensa Surda no CIEJA Perus I sob Olhar das(os) Educadoras (es) (2022-2025)","2026","Revista da FAEEBA- Educação e Contemporaneidade","https://openalex.org/S4210174506","0104-7043","https://doi.org/10.21879/faeeba2358-0194.2025.v34.n80.p141-159","aberto","Jarina Rodrigues Fernandes; Elana Simone Schiavo Caramano","Jarina Rodrigues Fernandes","EETPC"
"https://openalex.org/W7128360625","10.35355/revistafenix.v22i2.1511","influência do ideário neofascista na educação brasileira","2026","Fênix Revista de História e Estudos Culturais","https://openalex.org/S4210203488","1807-6971","https://doi.org/10.35355/revistafenix.v22i2.1511","aberto","Eric Gabriel de Aguiar Maximiano; Antonio Álvaro Soares ZUIN; Maria Cristina da Silveira Galan Fernandes","Maria Cristina da Silveira Galan Fernandes","EPFH"
"https://openalex.org/W7167977195","10.5212/praxeduc.v.21.26189.039","Inteligência artificial preditiva na gestão educacional paulista: os descaminhos recentes do gerencialismo na educação","2026","Praxis Educativa","https://openalex.org/S4210204466","1809-4031","https://doi.org/10.5212/praxeduc.v.21.26189.039","aberto","Géssica Priscila Ramos","Gessica Priscila Ramos","EPFH"
"https://openalex.org/W7168140780","10.35819/tear.v15.n1.a8171","Interseccionalidade de gênero e raça em narrativas de professoras da cidade de Imperatriz -MA","2026","#Tear Revista de Educação Ciência e Tecnologia","https://openalex.org/S2739379204","2238-8079","https://doi.org/10.35819/tear.v15.n1.a8171","aberto","Mayra Silva dos Santos; Andrea Braga Moruzzi","Andrea Braga Moruzzi","RED"
"https://openalex.org/W7163050764","10.69843/rir.v22iunico.77209","Inventibilidade dos conceitos educacionais","2026","Itinerarius Reflectionis","https://openalex.org/S2737048891","1679-2009","https://doi.org/10.69843/rir.v22iunico.77209","aberto","José Sílvio de Oliveira; Nilson Fernandes Dinis","Nilson Fernandes Dinis","ECS"
"https://openalex.org/W7171816184","10.24109/2176-6681.rbep.107.6639","Lideranças escolares no Brasil: construção, testagem e validação de um instrumento","2026","Revista Brasileira de Estudos Pedagógicos","https://openalex.org/S2737504546","0034-7183","https://doi.org/10.24109/2176-6681.rbep.107.6639","aberto","Renata Maria Moschen Nascente; Cynthia Paes de Carvalho","Renata Maria Moschen Nascente","EETPC"
"https://openalex.org/W7140188556","10.21577/0104-8899.20160501","Modelagem em Foco: articulando experimentação, tecnologia e conceitos de oxirredução no Ensino Médio","2026","Química Nova na Escola","https://openalex.org/S4210217831","0104-8899","https://doi.org/10.21577/0104-8899.20160501","aberto","Aline Samara Lima de Jesus; Ettore Paredes Antunes","Ettore Paredes Antunes","ECM"
"https://openalex.org/W7171715405","10.5902/1984644494540","Necessidades formativas docentes no processo de Inclusão Escolar no Ensino Fundamental","2026","Educação (UFSM)","https://openalex.org/S2738869710","0101-9031","https://doi.org/10.5902/1984644494540","aberto","Mirian Mirna Becker; Cremilda Peres Cangussu de Abreu; Ana Paula Gestoso de Souza; Aline Maria de Medeiros Rodrigues Reali","Aline Maria de Medeiros Rodrigues Reali; Ana Paula Gestoso de Souza","FPOAE"
"https://openalex.org/W7169797145","10.1590/1516-731320260019","O apagamento moral dos sujeitos em tempos de onipresença tecnológica: esboços críticos para a educação científica a partir do conto Ordem a bom preço, de Primo Levi","2026","Ciência & Educação (Bauru)","https://openalex.org/S2736612050","1516-7313","https://doi.org/10.1590/1516-731320260019","aberto","Michel Pisa Carnio; João Carlos Soares Zuin","Michel Pisa Carnio","ECM"
"https://openalex.org/W7167416975","10.47249/rba20261011","O ATO DE LER DIALÓGICO","2026","Revista Brasileira de Alfabetização","https://openalex.org/S4210176012","2446-8576","https://doi.org/10.47249/rba20261011","aberto","Patrícia Berlini Alves Ferreira; Fabiana Marini Braga","Fabiana Marini Braga","EETPC"
"https://openalex.org/W7143475134","10.5965/1984723827632026367","O narrar da experiência de um grupo colaborativo em Geometria nos anos iniciais","2026","Linhas","https://openalex.org/S4393917424","1518-367X","https://doi.org/10.5965/1984723827632026367","aberto","Klinger Teodoro Ciríaco; Fernando Schlindwein Santino; Gislaine Aparecida Puton Zortêa","Klinger Teodoro Ciríaco","FPOAE"
"https://openalex.org/W7167829224","10.7213/1981-416x.26.089.ao09","Pesquisas espanholas sobre aprendizagem do campo aritmético e suas metodologias de investigação","2026","Revista Diálogo Educacional","https://openalex.org/S4306527104","1518-3483","https://doi.org/10.7213/1981-416x.26.089.ao09","aberto","José Wrigell; Klinger Teodoro Ciríaco; Ana Caballero Carrasco","Klinger Teodoro Ciríaco","FPOAE"
"https://openalex.org/W7165516560","10.1590/1980-6248-2025-0061en","Political formation of activists and party-affiliated activists in the 2013 protests: experiences and political subjectivation","2026","Pro-Posições","https://openalex.org/S4210208850","0103-7307","https://doi.org/10.1590/1980-6248-2025-0061en","aberto","Luís Antônio Groppo; Josefa Alexandrina da Silva; Lívia Furtado Borges; Emanoely Ladeira Sigiani; Gislene Silva; José Daniel Coutinho Silva; Joana Marins Vianna; Fernanda Milan de Carvalho; MH Santos","Luís Antonio Groppo","HFSE"
"https://openalex.org/W7124989834","10.1590/cc297736","PRÁTICAS EDUCATIVAS NO CENTRO SOCIOEDUCATIVO DE INTERNAÇÃO FEMININA DE MANAUS/AM: DESAFIOS E ESPERANÇAS","2026","Cadernos CEDES","https://openalex.org/S63371229","0101-3262","https://doi.org/10.1590/cc297736","aberto","Edla Cristina; Elenice Maria Cammarosano Onofre","Elenice Maria Cammarosano Onofre","EPFH"
"https://openalex.org/W7131870927","10.24276/rrecien2026.16.44009","Processos educacionais para profissionais de enfermagem em um hospital filantrópico","2026","Revista Recien","https://openalex.org/S4210207964","2177-157X","https://doi.org/10.24276/rrecien2026.16.44009","aberto","Daniele Perez Gomes; Adriana Barbieri Feliciano; Maristel Kasper; Aline Guerra Aquilante","Aline Guerra Aquilante","PSPE"
"https://openalex.org/W7202172289","10.70773/revistatopicos/786390605","PRODUÇÃO CIENTÍFICA DO GEPEC (2010-2020): ANÁLISE BIBLIOMÉTRICA E CONTRIBUIÇÕES PARA A EDUCAÇÃO DO CAMPO","2026","Revista Tópicos.","https://openalex.org/S4404661896","2965-6672","https://doi.org/10.70773/revistatopicos/786390605","aberto","Patric Oberdan dos Santos; Luiz Bezerra Neto","Luiz Bezerra Neto","EPFH"
"https://openalex.org/W7170938463","10.5902/1984644472159","Proposição teórico-conceitual para a análise da institucionalização da Educação a Distância pública","2026","Educação (UFSM)","https://openalex.org/S2738869710","0101-9031","https://doi.org/10.5902/1984644472159","aberto","Braian Veloso; Daniel Mill","Braian Garrito Veloso; Daniel Ribeiro Silva Mill","ECS"
"https://openalex.org/W7170563279","10.5902/1984644493938","Qualidade social na produção em educação: revisão da literatura no contexto da educação básica","2026","Educação (UFSM)","https://openalex.org/S2738869710","0101-9031","https://doi.org/10.5902/1984644493938","aberto","Luana Costa Almeida; Beatriz Nogueira Marques de Vasconcelos; Letícia Nardi","Luana Costa Almeida","EETPC"
"https://openalex.org/W7139002659","10.54899/rpd.v17n1-2601","Química que acolhe: estratégias inclusivas baseadas nas múltiplas inteligências para alunos com Transtorno do Espectro Autista","2026","Revista Projeção e Docência","https://openalex.org/S5406981653","2178-6275","https://doi.org/10.54899/rpd.v17n1-2601","fechado","Skarllat Mayana Kettle Furtado; Ettore Paredes Antunes; Renato Henriques de Souza","Ettore Paredes Antunes","ECM"
"https://openalex.org/W7204252240","10.31418/revistaabpn.v18i47.2166","RAÇA E TERRITÓRIO NAS JORNADAS DE 2013 NO RIO DE JANEIRO: EXPERIÊNCIAS DE ATIVISTAS E MILITANTES DA RAÇA NEGRA","2026","Revista da Associação Brasileira de Pesquisador s Negr s - ABPN","https://openalex.org/S4210214628","2177-2770","https://doi.org/10.31418/revistaabpn.v18i47.2166","aberto","Gislene Silva; Luís Antônio Groppo","Luís Antonio Groppo","HFSE"
"https://openalex.org/W7165756602","10.54886/scire.v32i1.5178","Rankings internacionais como fontes de informação para a governança universitária","2026","Scire representación y organización del conocimiento","https://openalex.org/S4210172642","1135-3716","https://doi.org/10.54886/scire.v32i1.5178","aberto","José Augusto Chaves Guimarães; María Cristina Piumbato Innocentini Hayashi","Maria Cristina Piumbato Innocentini Hayashi","HFSE"
"https://openalex.org/W7203615140","10.29327/243949.6.11-14","SONS, SABORES E IDENTIDADE: uma análise socioespacial comparativa entre o “Festival Café com Música” (Cristina/MG) e a “Festa do Maior Pé de Moleque do Mundo” (Piranguinho/MG","2026","Boletim Alfenense de Geografia","https://openalex.org/S4210238035","2764-1422","https://doi.org/10.29327/243949.6.11-14","aberto","Lucas Inácio Rodrigues; Carlos Roberto Massao Hayashi","Carlos Roberto Massao Hayashi","HFSE"
"https://openalex.org/W7167832935","10.7213/1981-416x.26.089.ao09en","Spanish research on learning arithmetic and its research methodologies","2026","Revista Diálogo Educacional","https://openalex.org/S4306527104","1518-3483","https://doi.org/10.7213/1981-416x.26.089.ao09en","aberto","José Wrigell; Klinger Teodoro Ciríaco; Ana Caballero Carrasco","Klinger Teodoro Ciríaco","FPOAE"
"https://openalex.org/W7202297905","10.1590/1983-2117-60375-t","Technology and Intellectual Labor in Primo Levi's Short Story “The Versifier”","2026","Ensaio","https://openalex.org/S2736400552","1415-2150","https://doi.org/10.1590/1983-2117-60375-t","aberto","João Carlos Soares Zuin; Michel Pisa Carnio","Michel Pisa Carnio","ECM"
"https://openalex.org/W7202027218","10.1590/1983-2117-60375","Tecnologia e trabalho intelectual a partir do conto “O versificador” de Primo Levi","2026","Ensaio","https://openalex.org/S2736400552","1415-2150","https://doi.org/10.1590/1983-2117-60375","aberto","Michel Pisa Carnio; João Carlos Soares Zuin","Michel Pisa Carnio","ECM"
"https://openalex.org/W7171428310","10.70773/revistatopicos/784917551","TEORIA DA COMPLEXIDADE E ALFABETIZAÇÃO CIENTÍFICA: ARTICULAÇÕES TEÓRICAS PARA O ENSINO DE CIÊNCIAS EM FAVORECIMENTO À FORMAÇÃO HUMANA INTEGRAL NO CONTEXTO DO NOVO ENSINO MÉDIO","2026","Revista Tópicos.","https://openalex.org/S4404661896","2965-6672","https://doi.org/10.70773/revistatopicos/784917551","aberto","Giselly de Moura Maciel; Ettore Paredes Antunes","Ettore Paredes Antunes","ECM"
"https://openalex.org/W7117977845","10.21527/2179-1309.2026.123.16098","Tertúlias literárias dialógicas na visão de professoras e familiares de crianças da educação infantil","2026","Revista Contexto & Educação","https://openalex.org/S4306526392","0102-8758","https://doi.org/10.21527/2179-1309.2026.123.16098","aberto","Anselmo Calzolari; Rafaela Maria Rodrigues; Roseli Rodrigues de Mello","Roseli Rodrigues de Mello","EETPC"
"https://openalex.org/W4416196546","10.18310/2446-4813.2025v11nsup5.4602","“Conhecimento se compartilha e faz cada um olhar para seu processo de trabalho!” Um relato de experiência a partir de portfólios reflexivos","2025","Saúde em Redes","https://openalex.org/S2739217285","2446-4813","https://doi.org/10.18310/2446-4813.2025v11nsup5.4602","aberto","Katarina Dudienas Dovidauskas; Bruna Rego Rangel Cabral; Adernanda de Rocco Guimarães; Márcia Cristina Carneiro Cruz; Flávio César Braga Reis; Willian Fernandes Luna; Aline Guerra Aquilante","Aline Guerra Aquilante","PSPE"
"https://openalex.org/W4413942573","10.26694/rles.v29i60.6571","1º ANO NÃO É 1ª SÉRIE! REFLEXÕES TEÓRICO-METODOLÓGICAS SOBRE INFÂNCIA E MATEMÁTICA NO ENSINO FUNDAMENTAL","2025","Linguagens Educação e Sociedade","https://openalex.org/S4210195246","1518-0743","https://doi.org/10.26694/rles.v29i60.6571","aberto","Klinger Teodoro Ciríaco; Leny Rodrigues Martins Teixeira","Klinger Teodoro Ciríaco","FPOAE"
"https://openalex.org/W4409735619","10.30905/rde.v9i1.987","A capoeira como processo educativo para o restabelecimento da Erfahrung (Experiência)","2025","DEVIR EDUCAÇÃO","https://openalex.org/S4210191429","2526-849X","https://doi.org/10.30905/rde.v9i1.987","aberto","Eric Gabriel de Aguiar Maximiano; Luiz Roberto Gomes; Caroline Fernanda Soares","Luiz Roberto Gomes","ECS"
"https://openalex.org/W4415625895","10.20435/inter.v26i1.4788","A comunicação digital nos territórios rurais: uma análise da evolução da conectividade a partir dos dados da pesquisa TIC Domicílios (2015-2023)","2025","Interações (Campo Grande)","https://openalex.org/S4210171864","1518-7012","https://doi.org/10.20435/inter.v26i1.4788","aberto","Renato de Melo Serafin; Ezequiel Redin; Poliana Bruno Zuin; Gabriel Arroyo; Luís Fernando Soares Zuin","Poliana Bruno Zuin","HFSE"
"https://openalex.org/W4413209100","10.29181/2594-6463-2025-v9-n2-p186-200","A experiência do brincar por adultos: memórias e práticas ao longo da vida","2025","MOTRICIDADES Revista da Sociedade de Pesquisa Qualitativa em Motricidade Humana","https://openalex.org/S4210194316","2594-6463","https://doi.org/10.29181/2594-6463-2025-v9-n2-p186-200","aberto","Gabriela Dias Sartori; Fernando Donizete Alves","Fernando Donizete Alves","EETPC"
"https://openalex.org/W7128680008","10.12957/periferia.2025.91471","A FILANTROPIA ESTRATÉGICA","2025","Periferia","https://openalex.org/S4210220864","1984-9540","https://doi.org/10.12957/periferia.2025.91471","aberto","Cíntia Wolfart; Maria Cristina dos Santos Bezerra","Maria Cristina dos Santos","RED"
"https://openalex.org/W4407855231","10.46789/edugeo.v15i25.1409","A heterogeneidade criadora juvenil e a elaboração de sua condição cidadã com o suporte das ferramentas digitais","2025","Revista Brasileira de Educação em Geografia","https://openalex.org/S2736781941","2236-3904","https://doi.org/10.46789/edugeo.v15i25.1409","aberto","Marcos Roberto Pavani; Maria Aparecida Mello","Maria Aparecida Mello","EETPC"
"https://openalex.org/W4412937820","10.1590/s1678-4634202551282663por","A inclusão de estudantes surdos no ensino superior: desafios dessa realidade1","2025","Educação e Pesquisa","https://openalex.org/S2736467988","1517-9702","https://doi.org/10.1590/s1678-4634202551282663por","aberto","Yara Rosa Romanelli Campos Gonçalves da Silva; Fernando Stanzione Galizia","Fernando Stanzione Galizia","EETPC"
"https://openalex.org/W4407160603","10.18264/eadf.v15i1.2340","A Institucionalização da Educação a Distância na Rede Federal: Desafios e Perspectivas para os Institutos Federais de Minas Gerais","2025","EAD em FOCO","https://openalex.org/S4210226534","2177-8310","https://doi.org/10.18264/eadf.v15i1.2340","aberto","Cleder Tadeu Antao da Silva; Daniel Mill","Daniel Ribeiro Silva Mill","ECS"
"https://openalex.org/W4415070093","10.14393/obv9.e2025-20","A Inteligência Artificial na Educação e a formação da consciência: uma análise Leontieviana sobre o risco do “sentido pessoal” delegado ao algoritmo","2025","Obutchénie Revista de Didática e Psicologia Pedagógica","https://openalex.org/S4210189389","2526-7647","https://doi.org/10.14393/obv9.e2025-20","aberto","Elisiane Spencer Quevedo Goethel; Débora Cristina Fonseca","Débora Cristina Fonseca","EPFH"
"https://openalex.org/W4416320411","10.1590/es.297394","A INTELIGÊNCIA ARTIFICIAL, A ÉTICA E A RELAÇÃO ORGÂNICA ENTRE PROFESSORES E ALUNOS","2025","Educação & Sociedade","https://openalex.org/S2737687728","0101-7330","https://doi.org/10.1590/es.297394","aberto","Antônio Álvaro Soares Zuin; Pedro Goergen","Antonio Alvaro Soares Zuin","ECS"
"https://openalex.org/W4416320172","10.1590/es.299616","A INTELIGÊNCIA SEQUESTRADA: IA, DOMINAÇÃO ALGORÍTMICA E INSURGÊNCIA DO CONHECIMENTO","2025","Educação & Sociedade","https://openalex.org/S2737687728","0101-7330","https://doi.org/10.1590/es.299616","aberto","João dos Reis Silva Júnior; Everton Henrique Eleutério Fargoni","Joao dos Reis Silva Junior","EPFH"
"https://openalex.org/W4413272498","10.30681/real.v18i01.12716","A LETRA CURSIVA NO CONTEXTO PÓS-PANDÊMICO: (RES)SIGNIFICANDO SEU LUGAR NA SALA DE AULA","2025","Revista de Estudos Acadêmicos de Letras","https://openalex.org/S4210233257","2358-8403","https://doi.org/10.30681/real.v18i01.12716","aberto","Alice Jorge da Cruz; María Iolanda Monteiro","Maria Iolanda Monteiro","ECS"
"https://openalex.org/W7117583900","10.21723/riaee.v20i00.2022202","A necessary turn in continuing teacher education","2025","Revista Ibero-Americana de Estudos em Educação","https://openalex.org/S2737552301","1982-5587","https://doi.org/10.21723/riaee.v20i00.2022202","aberto","Roseli Rodrigues de Mello; Rafaela Maria Rodrigues; Bruno Cortegoso Prezenszky","Roseli Rodrigues de Mello","EETPC"
"https://openalex.org/W4410739152","10.5585/54.2025.28398","A pedagogia do não-saber","2025","Dialogia","https://openalex.org/S2738518088","1677-1303","https://doi.org/10.5585/54.2025.28398","aberto","Braian Veloso","Braian Garrito Veloso","ECS"
"https://openalex.org/W4411805965","10.14295/aimj.v9i17.221","A Relação entre Emoções Reprimidas e Tensão Muscular Crônica: O Corpo como Espelho das Emoções","2025","Amadeus International Multidisciplinary Journal","https://openalex.org/S4210188529","2525-8281","https://doi.org/10.14295/aimj.v9i17.221","aberto","Francinete Alves de Oliveira Giffoni; Emídia Inácio Timóteo; Elisian Macedo Fechine da Cruz; Márcia Regina Onofre; Ana Flávia Freire Tavares Lima","Márcia Regina Onofre","FPOAE"
"https://openalex.org/W4416042002","10.36704/sdhe.v8i2.9646","A resistência das joias de crioula para um ensino de Química antirracista","2025","SCIAS Direitos Humanos e Educação","https://openalex.org/S4387282647","2596-1772","https://doi.org/10.36704/sdhe.v8i2.9646","aberto","Priscila Duarte de Lira; Larissa Gomes Matos; Larissa Tereza Dos Santos Reis; Ettore Paredes Antunes","Ettore Paredes Antunes","ECM"
"https://openalex.org/W4415069858","10.14393/obv9.e2025-18","A Teoria da Reorganização de Tikhomirov e sua Aplicação na Educação Básica: Computadores como Instrumentos de Mediação do Pensamento","2025","Obutchénie Revista de Didática e Psicologia Pedagógica","https://openalex.org/S4210189389","2526-7647","https://doi.org/10.14393/obv9.e2025-18","aberto","Francielle de Mattos; Maria Aparecida Mello","Maria Aparecida Mello","EETPC"
"https://openalex.org/W4414619357","10.21879/faeeba2358-0194.2025.v34.n79.p158-173","Acesso, Permanência e Inovação na Universidade","2025","Revista da FAEEBA- Educação e Contemporaneidade","https://openalex.org/S4210174506","0104-7043","https://doi.org/10.21879/faeeba2358-0194.2025.v34.n79.p158-173","aberto","Braian Veloso; Marcello Ferreira","Braian Garrito Veloso","ECS"
"https://openalex.org/W4408905750","10.18225/ci.inf.v54i1.7562","Active methodologies: terminological survey according to the means and didactic conditions","2025","Ciência da Informação","https://openalex.org/S4210227022","0100-1965","https://doi.org/10.18225/ci.inf.v54i1.7562","aberto","Raquel Juliana Prado Leite de Sousa; María Iolanda Monteiro","Maria Iolanda Monteiro","ECS"
"https://openalex.org/W7118249360","10.23925/2178-2911.2025v32p292-307","Alfabetização científica e natureza da ciência: potencialidades de uma narrativa histórica-investigativa sobre a ruptura com a teoria do flogisto","2025","História da Ciência e Ensino construindo interfaces","https://openalex.org/S4210210784","2178-2911","https://doi.org/10.23925/2178-2911.2025v32p292-307","aberto","Yana Bárbara da Silva Teixeira; Ettore Paredes Antunes","Ettore Paredes Antunes","ECM"
"https://openalex.org/W4411137363","10.26512/rici.v18.n1.2025.56617","Alfabetização informacional em comunicação científica: a experiência das PROPETIPS – UNESP","2025","Revista Ibero-Americana de Ciência da Informação","https://openalex.org/S2738829075","1983-5213","https://doi.org/10.26512/rici.v18.n1.2025.56617","aberto","José Augusto Chaves Guimarães; María Cristina Piumbato Innocentini Hayashi; Laura Maria Rego-Piva","Maria Cristina Piumbato Innocentini Hayashi","HFSE"
"https://openalex.org/W4416829210","10.3895/actio.v10n2.19721","Análise das toadas de boi-bumbá de Parintins na educação ambiental formal: promovendo um diálogo intercultural","2025","ACTIO Docência em Ciências","https://openalex.org/S4210217385","2525-8923","https://doi.org/10.3895/actio.v10n2.19721","aberto","AKM Lima; Ettore Paredes Antunes","Ettore Paredes Antunes","ECM"
"https://openalex.org/W4416319536","10.1590/es.301731","APRESENTAÇÃO","2025","Educação & Sociedade","https://openalex.org/S2737687728","0101-7330","https://doi.org/10.1590/es.301731","aberto","Antônio Álvaro Soares Zuin; Cláudio Almir Dalbosco","Antonio Alvaro Soares Zuin","ECS"
"https://openalex.org/W4415382724","10.36311/1519-0110.2025.v26.e025005","APRESENTAÇÃO","2025","Revista ORG & DEMO","https://openalex.org/S4210226875","1519-0110","https://doi.org/10.36311/1519-0110.2025.v26.e025005","aberto","Tânia Barbosa Martins; Vagno Emygdio Machado Dias","Vagno Emygdio Machado Dias","HFSE"
"https://openalex.org/W7117271048","10.70860/ufnt.rbec.e19638","As possibilidades de criação político-pedagógica na escola do campo","2025","Revista Brasileira de Educação do Campo","https://openalex.org/S2738740277","2525-4863","https://doi.org/10.70860/ufnt.rbec.e19638","aberto","Beatriz Nogueira Marques de Vasconcelos; Luana Costa Almeida","Luana Costa Almeida","EETPC"
"https://openalex.org/W4412108838","10.55905/rdelosv18.n69-007","Atenção recebida no pré-natal, parto e puerpério à luz da experiência positiva: percepções de mulheres","2025","DELOS Desarrollo Local Sostenible","https://openalex.org/S2737315313","1988-5245","https://doi.org/10.55905/rdelosv18.n69-007","aberto","Júlia Baldi Vieira; Gabriele Petruccelli; Jamile Claro de Castro Bussadori; Mônika Wernet; Mariana Torreglosa Ruiz; Cláudia de Azevedo Aguiar; Natália Rejane Salim","Natália Rejane Salim","PSPE"
"https://openalex.org/W7131828166","10.1590/1809-58442025127pt","ATIVISMO ESTUDANTIL E REDES SOCIAIS: Dinâmicas de mobilização nas Jornadas de 2013","2025","Intercom Revista Brasileira de Ciências da Comunicação","https://openalex.org/S4210175494","1809-5844","https://doi.org/10.1590/1809-58442025127pt","aberto","Vinicius Oliveira Seabra Guimarães; Luís Antônio Groppo; Gislene da Silva; Lívia Furtado Borges","Luís Antonio Groppo","HFSE"
"https://openalex.org/W4408694099","10.24302/redes.v2ianais.5150","Avaliação escolar: um estudo sobre as tendências do neoliberalismo na educação básica da rede pública de ensino do estado de São Paulo","2025","Revista Educação e Saber – REdeS","https://openalex.org/S5407039793","2965-9264","https://doi.org/10.24302/redes.v2ianais.5150","aberto","Andresa Giseli PIane Guidote; Ademir Donizeti Caldeira","Ademir Donizeti Caldeira","ECM"
"https://openalex.org/W4412125226","10.7213/1981-416x.25.085.ds09","Children’s narratives about play in the context of transition from pre-school to the first elementary school year","2025","Revista Diálogo Educacional","https://openalex.org/S4306527104","1518-3483","https://doi.org/10.7213/1981-416x.25.085.ds09","aberto","Letícia Joia de Nois; Aline Sommerhalder; Luana Zanotto","Aline Sommerhalder","EETPC"
"https://openalex.org/W4406553011","10.5902/1984644484802","Cidadania digital crítica em meio aos desafios políticos impostos pela pandemia da COVID-19","2025","Educação (UFSM)","https://openalex.org/S2738869710","0101-9031","https://doi.org/10.5902/1984644484802","aberto","João Mauro Gomes Vieira de Carvalho; Luiz Roberto Gomes; Antônio Álvaro Soares Zuin; Luíz Antônio Calmon Nabuco Lastória","Antonio Alvaro Soares Zuin; Luiz Roberto Gomes","ECS"
"https://openalex.org/W4412528231","10.1590/1980531411355","CIDADANIA(S) EM OBRAS DIDÁTICAS DE PROJETO DE VIDA: (IM)POSSIBILIDADES DIDÁTICO-PEDAGÓGICAS","2025","Cadernos de Pesquisa","https://openalex.org/S4210172135","0100-1574","https://doi.org/10.1590/1980531411355","aberto","Ana Paula dos Santos de Sá; Luiz Roberto Gomes","Luiz Roberto Gomes","ECS"
"https://openalex.org/W4413974735","10.37001/ripem.v15i3.4597","Colaboração em Estudos de Aula: limites, desafios e perspectivas no contexto de Portugal","2025","Revista Internacional de Pesquisa em Educação Matemática","https://openalex.org/S4210197935","2238-0345","https://doi.org/10.37001/ripem.v15i3.4597","aberto","Danielle Abreu Silva; Klinger Teodoro Ciríaco; João Pedro da Ponte","Klinger Teodoro Ciríaco","FPOAE"
"https://openalex.org/W4413110586","10.1590/0034-7167-2024-0341","Communication between healthcare professionals and parturients during the childbirth experience: a mixed-methods study","2025","Revista Brasileira de Enfermagem","https://openalex.org/S150928353","0034-7167","https://doi.org/10.1590/0034-7167-2024-0341","aberto","Luciana Braz de Oliveira Paes; Natália Rejane Salim; Beatriz Rôsana Gonçalves de Oliveira Toso; Jamile Claro de Castro Bussadori; Mônika Wernet; Aline Oliveira Silveira; Mariana Torreglosa Ruiz; Márcia Regina Cangiani Fabbro","Natália Rejane Salim","PSPE"
"https://openalex.org/W4413244884","10.1590/0034-7167-2024-0341pt","Comunicação entre profissionais de saúde e parturientes durante a experiência de parto: um estudo misto","2025","Revista Brasileira de Enfermagem","https://openalex.org/S150928353","0034-7167","https://doi.org/10.1590/0034-7167-2024-0341pt","aberto","Luciana Braz de Oliveira Paes; Natália Rejane Salim; Beatriz Rôsana Gonçalves de Oliveira Toso; Jamile Claro de Castro Bussadori; Mônika Wernet; Aline Oliveira Silveira; Mariana Torreglosa Ruiz; Márcia Regina Cangiani Fabbro","Natália Rejane Salim","PSPE"
"https://openalex.org/W4410739136","10.5585/54.2025.28438","Condução de revisões sistemáticas de literatura mediada pela ferramenta Parsif.al: potencialidades e limites","2025","Dialogia","https://openalex.org/S2738518088","1677-1303","https://doi.org/10.5585/54.2025.28438","aberto","Gustavo Carvalho Mauricio; Daniel Mill","Daniel Ribeiro Silva Mill","ECS"
"https://openalex.org/W4412479916","10.12957/teias.2025.83141","Conteúdos audiovisuais e a educação infantil:","2025","Revista TEIAS","https://openalex.org/S4210184226","1518-5370","https://doi.org/10.12957/teias.2025.83141","aberto","Rebeca Souza de Miranda; Klinger Teodoro Ciríaco","Klinger Teodoro Ciríaco","FPOAE"
"https://openalex.org/W4415443764","10.18675/1981-8106.v35.n.69.s18210","Contribuições da área de Educational Leadership and Management para o debate sobre lideranças escolares no Brasil","2025","Educação","https://openalex.org/S2738946615","1517-9869","https://doi.org/10.18675/1981-8106.v35.n.69.s18210","aberto","Marcelo Oda Yamazato; Renata Maria Moschen Nascente","Renata Maria Moschen Nascente","EETPC"
"https://openalex.org/W4415069934","10.14393/obv9.e2025-24","Contribuições da Teoria Histórico-Cultural para a Robótica Pedagógica na Educação Infantil","2025","Obutchénie Revista de Didática e Psicologia Pedagógica","https://openalex.org/S4210189389","2526-7647","https://doi.org/10.14393/obv9.e2025-24","aberto","Maria Estely Rodrigues Teles; Jarina Rodrigues Fernandes; Maria Aparecida Mello","Jarina Rodrigues Fernandes; Maria Aparecida Mello","EETPC"
"https://openalex.org/W4416642514","10.11606/issn.2178-2075.incid.2025.231255","Critérios de qualidade na avaliação e no apoio institucional a revistas científicas: a experiência da Unesp","2025","InCID Revista de Ciência da Informação e Documentação","https://openalex.org/S4210218408","2178-2075","https://doi.org/10.11606/issn.2178-2075.incid.2025.231255","aberto","José Augusto Chaves Guimarães; María Cristina Piumbato Innocentini Hayashi; Laura Maria Rego-Piva; Marı́a Del Pilar Taboada Sotomayor; Sigmar de Mello Rode; Benedito Barraviera; Edson Cocchieri Botelho; Flávia Maria Bastos","Maria Cristina Piumbato Innocentini Hayashi","HFSE"
"https://openalex.org/W4413280179","10.63595/de.v13i1.19151","DA ZONA SUL PARA O MUNDO","2025","Diversidade e Educação","https://openalex.org/S4210191687","2358-8853","https://doi.org/10.63595/de.v13i1.19151","aberto","Camila Nunes da Costa; Monique Priscila de Abreu Reis; Tatiane Cosentino Rodrigues","Tatiane Cosentino Rodrigues","RED"
"https://openalex.org/W7165905431","10.31792/rc.v23i41.10219","Decolonialidade em jogo na educação física escolar","2025","Revista Cocar","https://openalex.org/S4210168104","1981-9269","https://doi.org/10.31792/rc.v23i41.10219","aberto","Samuel Feliciano Pereira; Denise Aparecida Corrêa","Denise Aparecida Correa","PSPE"
"https://openalex.org/W4407764460","10.1590/s0104-40362025003304924","Decolonialidade: um estudo bibliométrico em artigos científicos (2018–2022)","2025","Ensaio Avaliação e Políticas Públicas em Educação","https://openalex.org/S4210237110","0104-4036","https://doi.org/10.1590/s0104-40362025003304924","aberto","José Carlos Rothen; Cristiane Queiroz Almeida Silva; Elaine Alves Raimundo; Lucas Bonina Trindade; Thiago de Jesus Esteves","Jose Carlos Rothen","EPFH"
"https://openalex.org/W4414220883","10.35699/2965-6931.2024.54166","Do intercessor figura-palhaça","2025","Revista da Universidade Federal de Minas Gerais","https://openalex.org/S4210237694","2316-770X","https://doi.org/10.35699/2965-6931.2024.54166","aberto","Diogo Inácio Dias; Carolina Rodrigues de Souza","Carolina Rodrigues de Souza","ECM"
"https://openalex.org/W4408837997","10.37001/remat25269062v24id611","Do RCNEI à BNCC: Concepção Curricular e Exploração da Matemática com Crianças Pequenas","2025","Revista de Educação Matemática","https://openalex.org/S4210206594","1676-8868","https://doi.org/10.37001/remat25269062v24id611","aberto","Klinger Teodoro Ciríaco; Danielle Abreu Silva; Giovana Maschio Pereira dos Santos","Klinger Teodoro Ciríaco","FPOAE"
"https://openalex.org/W4410444625","10.30827/dreh.23.2025.33110","Docência na Escola de Tempo Integral: reflexões sobre o Currículo com Professoras que ensinam Matemática","2025","Dedica","https://openalex.org/S4210191758","2182-0171","https://doi.org/10.30827/dreh.23.2025.33110","aberto","Klinger Teodoro Ciríaco; Harryson Júnio Lessa Gonçalves","Klinger Teodoro Ciríaco","FPOAE"
"https://openalex.org/W7166719543","10.31792/rc.v23i41.9065","É isso: poder dançar, poder extravasar!","2025","Revista Cocar","https://openalex.org/S4210168104","1981-9269","https://doi.org/10.31792/rc.v23i41.9065","aberto","Roberta Maria Zambon Maziero; Luiz Gonçalves","Luiz Gonçalves Junior","PSPE"
"https://openalex.org/W7122522515","10.1590/0103-6564e240078","Ecoansiedade e práxis libertadora: olhares críticos à educação político-ambiental","2025","Psicologia USP","https://openalex.org/S81262027","0103-6564","https://doi.org/10.1590/0103-6564e240078","aberto","Ana Luiza Júdice Costa; João Marcos Leão Roldão; Douglas Verrangia","Douglas Verrangia Correa da Silva","RED"
"https://openalex.org/W4409884217","10.15332/21459169.10272","Educação ambiental na educação física escolar brasileira: sob a perspectiva da ecomotricidade","2025","Análisis","https://openalex.org/S4210194929","0120-8454","https://doi.org/10.15332/21459169.10272","aberto","Frederico Alexandre Carneiro de Oliveira; Nathan Raphael Varotto; Luiz Gonçalves","Luiz Gonçalves Junior","PSPE"
"https://openalex.org/W4411782229","10.21879/faeeba2358-0194.2025.v34.n78.p191-209","Educação Plataformizada","2025","Revista da FAEEBA- Educação e Contemporaneidade","https://openalex.org/S4210174506","0104-7043","https://doi.org/10.21879/faeeba2358-0194.2025.v34.n78.p191-209","aberto","Denise Maria Reis","Denise Maria Reis","HFSE"
"https://openalex.org/W4407394855","10.56238/arev7n2-141","EDUCAÇÃO SEXUAL, CURRÍCULO, LICENCIATURA EM PEDAGOGIA: O QUE REVELAM AS PESQUISAS SOBRE ESSA TRÍADE A PARTIR DE UMA PERSPECTIVA BOURDIEUSIANA?","2025","Aracê.","https://openalex.org/S4404675830","2358-2472","https://doi.org/10.56238/arev7n2-141","aberto","Gabrielle Marion Onofre Rente Ferreira; Luci Regina Muzzeti; Márcia Regina Onofre; Andreza Olivieri Lopes Carmignolli; Daniela Aparecida Peccin; Jhennyfer Marques Gomes Mendes; Laís Inês Sanseverinato Micheleti; Maria Fernanda Celli de Oliveira","Márcia Regina Onofre","FPOAE"
"https://openalex.org/W4416319372","10.1590/es.296544","ENSINO PLATAFORMIZADO SOB O INFLUXO DA INTELIGÊNCIA ARTIFICIAL: NOVO CANTO DAS SEREIAS?","2025","Educação & Sociedade","https://openalex.org/S2737687728","0101-7330","https://doi.org/10.1590/es.296544","aberto","Juliana Rossi Duci; Luiz Roberto Gomes; Luíz Antônio Calmon Nabuco Lastória","Luiz Roberto Gomes","ECS"
"https://openalex.org/W4411717901","10.3145/infonomy.25.021","Equidad de género en instancias decisorias de la comunicación científica: análisis metodológico a la luz de los ODS 5 y ODS 10","2025","INFONOMY","https://openalex.org/S4387290465","2990-2290","https://doi.org/10.3145/infonomy.25.021","aberto","María Cristina Piumbato Innocentini Hayashi; Alexandre Masson Maroldi; Camila Carneiro Dias Rigolin; Carlos Roberto Massao Hayashi","Carlos Roberto Massao Hayashi; Maria Cristina Piumbato Innocentini Hayashi","HFSE"
"https://openalex.org/W4409079432","10.1590/es.289099","ESCOLARIDADE DE CRIANÇAS E ADOLESCENTES BRASILEIROS NO JAPÃO: DESAFIOS MIGRANTES NA ATUALIDADE","2025","Educação & Sociedade","https://openalex.org/S2737687728","0101-7330","https://doi.org/10.1590/es.289099","aberto","Eri Hachiman; Roseli Rodrigues de Mello","Roseli Rodrigues de Mello","EETPC"
"https://openalex.org/W7116763321","10.34024/csr.2025.61.3.17317","Estruturas elementares das políticas públicas para agricultura familiar brasileira","2025","Ciências Sociais em Revista.","https://openalex.org/S4404670300","2966-2893","https://doi.org/10.34024/csr.2025.61.3.17317","aberto","Diogo Marques Tafuri; Joelson Gonçalves de Carvalho; Victor Marchesin Corrêa","Joelson Gonçalves de Carvalho","EPFH"
"https://openalex.org/W4413102979","10.5007/1518-2924.2025.e103497","Ética e Inteligência Artificial na Comunicação Científica: desafios para os Periódicos Científicos","2025","Encontros Bibli Revista Eletrônica de Biblioteconomia e Ciência da Informação","https://openalex.org/S2738714733","1518-2924","https://doi.org/10.5007/1518-2924.2025.e103497","aberto","María Cristina Piumbato Innocentini Hayashi","Maria Cristina Piumbato Innocentini Hayashi","HFSE"
"https://openalex.org/W4410091594","10.20396/riesup.v12i00.8675985","Formação de professores que ensinam Matemática no contexto da pandemia","2025","Revista Internacional de Educação Superior","https://openalex.org/S4210183452","2446-9424","https://doi.org/10.20396/riesup.v12i00.8675985","aberto","Mariany Fonseca Garcia; Klinger Teodoro Ciríaco","Klinger Teodoro Ciríaco","FPOAE"
"https://openalex.org/W4408278934","10.1590/es.294096","FORMAÇÃO GERAL (ALLGEMEINE BILDUNG): EM DEFESA DA EDUCAÇÃO PÚBLICA DEMOCRÁTICA","2025","Educação & Sociedade","https://openalex.org/S2737687728","0101-7330","https://doi.org/10.1590/es.294096","aberto","Cláudio Almir Dalbosco; Ivany Rodrigues Pino; Antônio Álvaro Soares Zuin; Luana Costa Almeida; Pedro Goergen; Roberto Leher; Carmen Sylvia Vidigal Moraes; Salomão Barros Ximenes; Débora Mazza; Nelson Cardoso Amaral; Sandra Maria Zákia Lian Sousa; Ana Maria F. Almeida; Celso João Ferretti; Vicente Sisto; Anderson Ricardo Trevisan; Licínio C. Lima; Nilma Lino Gomes; Xavier Rambla","Luana Costa Almeida; Antonio Alvaro Soares Zuin","EETPC; ECS"
"https://openalex.org/W4408168910","10.5585/52.2025.26607","Formação remota dialógica de professores: desafios e aprendizagens decorrentes dos tempos da pandemia de COVID-19","2025","Dialogia","https://openalex.org/S2738518088","1677-1303","https://doi.org/10.5585/52.2025.26607","aberto","Roseli Rodrigues de Mello; Anselmo Calzolari; Antônio Álvaro Soares Zuin","Roseli Rodrigues de Mello; Antonio Alvaro Soares Zuin","EETPC; ECS"
"https://openalex.org/W4416716481","10.54103/2039-9251/30244","From the represenationalist stance to conceptual blending in AI-generated images","2025","Itinera","https://openalex.org/S4210230131","2039-9251","https://doi.org/10.54103/2039-9251/30244","aberto","Francesco D'Isa; Lorenzo Manera","Lorenzo Manera","EETPC"
"https://openalex.org/W4413985907","10.17267/2594-7907ijeh.2025.e6189","Fundamentos para iniciantes na abordagem da pesquisa qualitativa em educação médica: uma revisão narrativa","2025","International Journal of Health Education","https://openalex.org/S4210203044","2594-7907","https://doi.org/10.17267/2594-7907ijeh.2025.e6189","aberto","Leonardo Muniz Do Nascimento; Nathalia Fahl Cicotti Fischer; Aline Barreto de Almeida Nordi; Sheyla Ribeiro Rocha; Aline Guerra Aquilante","Aline Guerra Aquilante","PSPE"
"https://openalex.org/W4409408951","10.17979/sportis.2025.11.2.11157","Gender equality among footballers in the early age-stage: a predictive model","2025","Sportis Scientific Journal of School Sport Physical Education and Psychomotricity","https://openalex.org/S2738994920","2386-8333","https://doi.org/10.17979/sportis.2025.11.2.11157","aberto","Pedro Gil Madrona; Luz Marina Méndez Hinojosa; José Luis Gómez Ramos; Pedro Valdívia-Moral; Saeed Ghorbani; Pedrona Serra Payeras; Susanna Soler Prat; María Gil-García; Ratko Pavlović; Osmar Moreira de Souza; Iryna Skrypchenko; Iván Puebla-Martín; Irene Navarro-Clemente; Miguel Delgado","Osmar Moreira de Souza Junior","PSPE"
"https://openalex.org/W4414464573","10.55905/revconv.18n.9-266","Gestão democrática na escola pública: provimento de cargos e liderança","2025","Contribuciones a las Ciencias Sociales","https://openalex.org/S4210199530","1988-7833","https://doi.org/10.55905/revconv.18n.9-266","aberto","Shirley Aparecida Gava; Renata Maria Moschen Nascente","Renata Maria Moschen Nascente","EETPC"
"https://openalex.org/W7128063554","10.18593/r.v50.37496","Grupos de pesquisas que formam, saberes que transformam a formação inicial de professoras/es que ensinam matemática","2025","Roteiro","https://openalex.org/S2737795593","0104-4311","https://doi.org/10.18593/r.v50.37496","aberto","Klinger Teodoro Ciríaco","Klinger Teodoro Ciríaco","FPOAE"
"https://openalex.org/W4416175748","10.69849/revistaft/cl10202511131240","IMPACTO DO USO DE TROMBOLÍTICOS DURANTE O PERÍODO TERAPÊUTICO EM PACIENTES COM ACIDENTE VASCULAR CEREBRAL ISQUÊMICO","2025","Revista fisio&terapia.","https://openalex.org/S4404677285","1678-0817","https://doi.org/10.69849/revistaft/cl10202511131240","fechado","Adriana Pereira de Carvalho; N Pinheiro; Magda Rógéria Pereira Viana; Luiz Bezerra Neto; A. Silva","Luiz Bezerra Neto","EPFH"
"https://openalex.org/W4416282035","10.69849/revistaft/ni10202511171246","IMPORTÂNCIA DA PROFICIÊNCIA EM INGLÊS NA FORMAÇÃO ACADÊMICA E NO DESENVOLVIMENTO PROFISSIONAL EM MEDICINA: REVISÃO INTEGRATIVA","2025","Revista fisio&terapia.","https://openalex.org/S4404677285","1678-0817","https://doi.org/10.69849/revistaft/ni10202511171246","fechado","Lia Beatriz Andrade Brito; Lucas da Silva Alves; Adélia Dalva da Silva Oliveira; Magda Rogéria Pereira Viana; Luiz Bezerra Neto","Luiz Bezerra Neto","EPFH"
"https://openalex.org/W4416955549","10.11606/issn.2238-6149.v35i1-3e237247","Insistindo em revoluções: a problematização como “arma teórica” para a prática terapêutico-ocupacional social","2025","Revista de Terapia Ocupacional da Universidade de São Paulo","https://openalex.org/S4210174686","1415-9104","https://doi.org/10.11606/issn.2238-6149.v35i1-3e237247","aberto","Magno Nunes Farias; Roseli Esquerdo Lopes","Roseli Esquerdo Lopes","HFSE"
"https://openalex.org/W4413009711","10.55905/cuadv17n8-028","Intervenções terapêuticas e suportes profissionais para cuidadores de crianças e adolescentes com diagnóstico de Transtorno Opositor Desafiador: um estudo de revisão da literatura","2025","Cuadernos de Educación y Desarrollo","https://openalex.org/S4210194820","1989-4155","https://doi.org/10.55905/cuadv17n8-028","aberto","Kaíla da Silva Bontempo; Cláudia Maria Simões Martinez; María Cristina Piumbato Innocentini Hayashi; Karina Kaori Yoshida","Maria Cristina Piumbato Innocentini Hayashi","HFSE"
"https://openalex.org/W4409544705","10.35699/2447-6218.2024.57329","Jogos Indígenas Para e Na Educação das Relações Étnico-Raciais no Projeto “Vivências em Atividades Diversificadas de Lazer”","2025","Licere","https://openalex.org/S4210168781","1516-2168","https://doi.org/10.35699/2447-6218.2024.57329","aberto","Luiz Gonçalves; Matheus Oliveira Santos; Leonardo Costa Loreti Lopes; Leonardo Sena de Souza; Samuel Feliciano Pereira; Miriã Martins de Brito; Érica Vecchia","Luiz Gonçalves Junior","PSPE"
"https://openalex.org/W4411094792","10.18764/2595-1033v7n17.2024.10","Jornadas de 2013 e a questão racial no Brasil: trajetórias e experiências de jovens ativistas e militantes negras e negros","2025","Kwanissa Revista de Estudos Africanos e Afro-Brasileiros","https://openalex.org/S4387281569","2595-1033","https://doi.org/10.18764/2595-1033v7n17.2024.10","aberto","Gislene Silva; Luís Antônio Groppo; Alice Campos Claudino; Emanoely Ladeira Sigiani; Ana Flávia Custódio Silva","Luís Antonio Groppo","HFSE"
"https://openalex.org/W4409910427","10.1590/s1678-4634202551x278366en","Knowledge of educational practice revealed by a master shipwright during his work as a teacher-trainer","2025","Educação e Pesquisa","https://openalex.org/S2736467988","1517-9702","https://doi.org/10.1590/s1678-4634202551x278366en","aberto","Rayane de Jesus Santos Melo; Cármen Lúcia Brancaglion Passos","Carmen Lucia Brancaglion Passos","ECM"
"https://openalex.org/W4408346700","10.26843/ae.v18i00.1354","Lideranças escolares no Brasil na perspectiva da gestão democrática","2025","Revista mbienteeducação","https://openalex.org/S4210232383","1982-8632","https://doi.org/10.26843/ae.v18i00.1354","aberto","Ícaro Rodrigo Esposito; Renata Maria Moschen Nascente","Renata Maria Moschen Nascente","EETPC"
"https://openalex.org/W4413421224","10.36704/eef.v28i55.8636","Literatura infantil e suas contribuições às práticas do letramento matemático nos anos iniciais","2025","Educação em Foco","https://openalex.org/S2737392348","1519-3322","https://doi.org/10.36704/eef.v28i55.8636","aberto","Ketiny Luana Firmiano Proieti; Klinger Teodoro Ciríaco; José Wrigell","Klinger Teodoro Ciríaco","FPOAE"
"https://openalex.org/W4412514403","10.3390/healthcare13141757","Mapping the Unmet Informational Needs of Young Portuguese Female Cancer Survivors: Psychometric Validation of a Multidimensional Scale","2025","Healthcare","https://openalex.org/S4210214101","2227-9032","https://doi.org/10.3390/healthcare13141757","aberto","Luana Costa Almeida; Ana Bártolo; Sara Monteiro; Isabel S. Silva; Ana Conde; Alexandra M. Araújo; Luiz Lourenço; Isabel M. Santos","Luana Costa Almeida","EETPC"
"https://openalex.org/W7124895090","10.36311/2447-780x.2025.v11.e025014","Marcas da matemática escolar","2025","Revista do Instituto de Políticas Públicas de Marília","https://openalex.org/S4210219151","2447-780X","https://doi.org/10.36311/2447-780x.2025.v11.e025014","aberto","Adryan Matheus Silva dos Santos; Klinger Teodoro Ciríaco","Klinger Teodoro Ciríaco","FPOAE"
"https://openalex.org/W4409898883","10.3145/infonomy.25.013","Maternidad y dinámicas de cuidado en la trayectoria de investigadoras negras: indicadores preliminares de equidad","2025","INFONOMY","https://openalex.org/S4387290465","2990-2290","https://doi.org/10.3145/infonomy.25.013","aberto","María Cristina Piumbato Innocentini Hayashi; Camila Carneiro Dias Rigolin","Maria Cristina Piumbato Innocentini Hayashi","HFSE"
"https://openalex.org/W4413425519","10.46551/emd.v9n18a01","Mathematical Education, Curriculum (In)Justice, and the (un)told History of Mathematics","2025","Educação Matemática Debate","https://openalex.org/S4210174198","2526-6136","https://doi.org/10.46551/emd.v9n18a01","aberto","Flavio Augusto Leite Taveira; Zaqueu Vieira Oliveira; Maria do Carmo de Sousa","Maria do Carmo de Sousa","ECM"
"https://openalex.org/W4416989603","10.24220/2318-0870v30a2025e15504","Memorial de formação:","2025","Revista de Educação PUC-Campinas","https://openalex.org/S4210186489","1519-3993","https://doi.org/10.24220/2318-0870v30a2025e15504","aberto","Jucenilton Alves dos Santos; Rosa Maria Moraes Anunciato","Rosa Maria Moraes Anunciato","FPOAE"
"https://openalex.org/W7124938800","10.55028/revens.v6i10.23478","Memórias de uma Professora que ensina Matemática sobre Programas de Formação Continuada","2025","Revista Ensin UFMS","https://openalex.org/S4210210381","2525-7056","https://doi.org/10.55028/revens.v6i10.23478","aberto","Klinger Teodoro Ciríaco; José Wrigell; Adriele Gabrine Rossini Rodrigues","Klinger Teodoro Ciríaco","FPOAE"
"https://openalex.org/W4417043894","10.18764/2447-5777v10n1.2024.3","Metodologia Investigativa nos documentos oficiais no Amazonas: o ensino da química em foco","2025","Ensino & Multidisciplinaridade","https://openalex.org/S4210204886","2447-5777","https://doi.org/10.18764/2447-5777v10n1.2024.3","aberto","Kelly Batista de Azevedo; Ettore Paredes Antunes","Ettore Paredes Antunes","ECM"
"https://openalex.org/W4408905762","10.18225/ci.inf.v54i1.7563","Metodologías activas: un estudio terminológico según los medios y las condiciones didácticas","2025","Ciência da Informação","https://openalex.org/S4210227022","0100-1965","https://doi.org/10.18225/ci.inf.v54i1.7563","aberto","Raquel Juliana Prado Leite de Sousa; María Iolanda Monteiro","Maria Iolanda Monteiro","ECS"
"https://openalex.org/W4408892132","10.18225/ci.inf.v54i1.6078","Metodologias ativas","2025","Ciência da Informação","https://openalex.org/S4210227022","0100-1965","https://doi.org/10.18225/ci.inf.v54i1.6078","aberto","Raquel Juliana Prado Leite de Sousa; María Iolanda Monteiro","Maria Iolanda Monteiro","ECS"
"https://openalex.org/W4410085688","10.56083/rcv5n5-013","MORTE SÚBITA CARDÍACA E SUAS PRINCIPAIS ETIOLOGIAS NO CENÁRIO ATUAL: UMA REVISÃO DE LITERATURA","2025","Revista Contemporânea","https://openalex.org/S4387280582","2447-0961","https://doi.org/10.56083/rcv5n5-013","aberto","Moises Costa Silva; Paulo Ricardo Quaresma Nazion; Luiz Bezerra Neto","Luiz Bezerra Neto","EPFH"
"https://openalex.org/W4417500675","10.5335/rep.v32.17666","Movimento lógico-histórico e currículo","2025","Revista Espaço Pedagógico","https://openalex.org/S4210180488","0104-7469","https://doi.org/10.5335/rep.v32.17666","aberto","Wilson Francisco da Rocha Lima; Maria do Carmo de Sousa","Maria do Carmo de Sousa","ECM"
"https://openalex.org/W4412125202","10.7213/1981-416x.25.085.ds09pt","Narrativas de crianças sobre o jogo em contexto de transição da educação infantil para o 1° ano do ensino fundamental","2025","Revista Diálogo Educacional","https://openalex.org/S4306527104","1518-3483","https://doi.org/10.7213/1981-416x.25.085.ds09pt","aberto","Letícia Joia de Nois; Aline Sommerhalder; Luana Zanotto","Aline Sommerhalder","EETPC"
"https://openalex.org/W4408263905","10.29181/2594-6463-2025-v9-n1-p4-17","O Brincar nas narrativas de participantes do Programa Curumim do SESC Bauru-SP","2025","MOTRICIDADES Revista da Sociedade de Pesquisa Qualitativa em Motricidade Humana","https://openalex.org/S4210194316","2594-6463","https://doi.org/10.29181/2594-6463-2025-v9-n1-p4-17","aberto","Luiza Belluci Dantas; Denise Aparecida Corrêa","Denise Aparecida Correa","PSPE"
"https://openalex.org/W4415990294","10.36311/1519-0110.2025.v26.e025008","O CARÁTER BURGUÊS DO ENSINO PROFISSIONAL E SUA ARTICULAÇÃO COM O ENSINO MÉDIO","2025","Revista ORG & DEMO","https://openalex.org/S4210226875","1519-0110","https://doi.org/10.36311/1519-0110.2025.v26.e025008","aberto","Vagno Emygdio Machado Dias","Vagno Emygdio Machado Dias","HFSE"
"https://openalex.org/W4411398949","10.18222/eae.v36.10932","O clima escolar em uma escola do Programa de Ensino Integral do estado de São Paulo","2025","Estudos em Avaliação Educacional","https://openalex.org/S4210176890","0103-6831","https://doi.org/10.18222/eae.v36.10932","aberto","Adriano Moro; Renata Maria Moschen Nascente; Marcelo Oda Yamazato","Renata Maria Moschen Nascente","EETPC"
"https://openalex.org/W4415933278","10.51359/2177-9309.2025.266033","O cuidado e a educação mediados pela linguagem matemática na rotina da creche","2025","Em Teia | Revista de Educação Matemática e Tecnológica Iberoamericana","https://openalex.org/S4210213806","2177-9309","https://doi.org/10.51359/2177-9309.2025.266033","aberto","Klinger Teodoro Ciríaco; Priscila Domingues de Azevedo","Klinger Teodoro Ciríaco","FPOAE"
"https://openalex.org/W4414786132","10.1590/1980531411586","O DIÁLOGO INTERGERACIONAL EM UMA REDE COLABORATIVA ON-LINE DE FORMAÇÃO DE PROFESSORES","2025","Cadernos de Pesquisa","https://openalex.org/S4210172135","0100-1574","https://doi.org/10.1590/1980531411586","aberto","Aline de Cássia Damasceno Lagoeiro; Rosa Maria Moraes Anunciato","Rosa Maria Moraes Anunciato","FPOAE"
"https://openalex.org/W4416319977","10.1590/es.298333","O IMPACTO DAS POLÍTICAS DE AÇÃO AFIRMATIVA NO PROJETO EDUCACIONAL DE FAMÍLIAS NEGRAS: O PROGRAMA ABDIAS NASCIMENTO","2025","Educação & Sociedade","https://openalex.org/S2737687728","0101-7330","https://doi.org/10.1590/es.298333","aberto","Tatiane Cosentino Rodrigues; Anete Abramowicz; Ana Cristina Juvenal da Cruz","Ana Cristina Juvenal da Cruz; Tatiane Cosentino Rodrigues","RED"
"https://openalex.org/W4416664497","10.35168/2175-2613.utp.pens_ed.2025.vol20.n56.pp41-61","O neoliberalismo na educação: tendências na Base Nacional Comum Curricular (BNCC)","2025","CADERNOS DE PESQUISA PENSAMENTO EDUCACIONAL","https://openalex.org/S4210227930","1980-9700","https://doi.org/10.35168/2175-2613.utp.pens_ed.2025.vol20.n56.pp41-61","aberto","Raquel Franco Tassoni; Hellen Cristina Xavier da Silva Mattos; Maria Cristina da Silveira Galan Fernandes","Maria Cristina da Silveira Galan Fernandes","EPFH"
"https://openalex.org/W4416917098","10.5585/2025.29802","O uso da inteligência artificial na educação brasileira: promessas e ruínas de um país dependente","2025","EccoS – Revista Científica","https://openalex.org/S4210177415","1517-1949","https://doi.org/10.5585/2025.29802","aberto","João dos Reis Silva Júnior; Everton Henrique Eleutério Fargoni","Joao dos Reis Silva Junior","EPFH"
"https://openalex.org/W4414079878","10.1590/s1413-24782025300065","Obstacles in the dialectical process of institutionalizing public distance education","2025","Revista Brasileira de Educação","https://openalex.org/S2736711335","1413-2478","https://doi.org/10.1590/s1413-24782025300065","aberto","Braian Veloso; Daniel Mill","Braian Garrito Veloso; Daniel Ribeiro Silva Mill","ECS"
"https://openalex.org/W4407390711","10.1590/2526-8910.ctoao39423822","Occupational therapists’ practices in the context of gender and sexual dissidences: an overview of professional practice in Brazil","2025","Cadernos Brasileiros de Terapia Ocupacional ","https://openalex.org/S4210189390","0104-4931","https://doi.org/10.1590/2526-8910.ctoao39423822","aberto","Jaime Daniel Leite; Roseli Esquerdo Lopes","Roseli Esquerdo Lopes","HFSE"
"https://openalex.org/W4416121997","10.15448/1981-2582.2025.1.46419","Organização da aula para aprendizagem e convívio na diversidade","2025","Educação","https://openalex.org/S4210209057","0101-465X","https://doi.org/10.15448/1981-2582.2025.1.46419","aberto","Marciele Nazaré Coelho; Bruno Cortegoso Prezenszky; Roseli Rodrigues de Mello","Roseli Rodrigues de Mello","EETPC"
"https://openalex.org/W4414786133","10.1590/s1413-24782025300083","Overview of discourses on innovation and development in the academic field: the debate on the Legal Framework of Science, Technology and Innovation","2025","Revista Brasileira de Educação","https://openalex.org/S2736711335","1413-2478","https://doi.org/10.1590/s1413-24782025300083","aberto","Érico Lopes Pinheiro de Paula; José Carlos Rothen","Jose Carlos Rothen","EPFH"
"https://openalex.org/W4414786099","10.1590/s1413-24782025300082","Panorama dos discursos sobre inovação e desenvolvimento no campo acadêmico: o debate do Marco Legal de Ciência e Tecnologia e Inovação","2025","Revista Brasileira de Educação","https://openalex.org/S2736711335","1413-2478","https://doi.org/10.1590/s1413-24782025300082","aberto","Érico Lopes Pinheiro de Paula; José Carlos Rothen","Jose Carlos Rothen","EPFH"
"https://openalex.org/W4414541203","10.1590/2175-6236136456vs02","Partnerships in Education in the State of Minas Gerais: a study on the Trilhas de Futuro Program","2025","Educação & Realidade","https://openalex.org/S2739092582","0100-3143","https://doi.org/10.1590/2175-6236136456vs02","aberto","Vagno Emygdio Machado Dias; Bruno Leandro Silvério Morais","Vagno Emygdio Machado Dias","HFSE"
"https://openalex.org/W7117654331","10.14393/repod-v15n1a2026-79247","Plataformização da educação superior: privatização, padronização e alienação nos processos de ensino","2025","Revista Educação e Políticas em Debate","https://openalex.org/S4210220395","2238-8346","https://doi.org/10.14393/repod-v15n1a2026-79247","aberto","Braian Veloso; Claudinei Zagui Pareschi; Gustavo Carvalho Mauricio; Achilles Alves de Oliveira","Braian Garrito Veloso","ECS"
"https://openalex.org/W4411439461","10.1094/mpmi-03-25-0032-r","Population Genomics of Macrophomina spp. Reveals Cryptic Host Specialization and Evidence for Meiotic Recombination","2025","Molecular Plant-Microbe Interactions","https://openalex.org/S88768767","0894-0282","https://doi.org/10.1094/mpmi-03-25-0032-r","aberto","Kayla K. Pennerman; Polly H. Goldman; Christine Jade Dilla-Ermita; Géssica Priscila Ramos; José María Rosales Jaime; Juan Carlos López‐Hernández; José Ramos Muñoz; M. Avilés; C. Borrero; Apollo Gomez; Joseph M. Neal; Martin I. Chilvers; Viviana Ortiz; Eva H. Stukenbrock; Gustavo H. Goldman; A. Mengitsu; Horacio D. Lopez‐Nicora; Gabriel O. Sacher; Niloofar Vaghefi; Levente Kiss; J. Philipp Benz; Alexandre Reis Machado; Teresa E. Seijo; Natália A. Peres; Frank N. Martin; John C. Broome; Kelly Ivors; Glenn S. Cole; Steven J. Knapp; Dylan McFarlane; S.W. Mattner; M. Gambardella; Emile Gluck‐Thaler; Peter M. Henry","Gessica Priscila Ramos","EPFH"
"https://openalex.org/W4410441868","10.5216/ia.v50i1.79546","POTENCIALIZANDO A APRENDIZAGEM NA ESCOLA E A PESQUISA NA EDUCAÇÃO: A PREMISSA DA INTELIGÊNCIA CULTURAL","2025","Revista Inter-Ação","https://openalex.org/S2738165242","0101-7136","https://doi.org/10.5216/ia.v50i1.79546","aberto","Adriana Fernandes Coimbra Marigo; Roseli Rodrigues de Mello","Roseli Rodrigues de Mello; Adriana Fernandes Coimbra Marigo","EETPC; FPOAE"
"https://openalex.org/W4407363905","10.1590/2526-8910.ctoao39423821","Práticas de terapeutas ocupacionais no âmbito das dissidências de gênero e sexualidade: um panorama da atuação no Brasil","2025","Cadernos Brasileiros de Terapia Ocupacional ","https://openalex.org/S4210189390","0104-4931","https://doi.org/10.1590/2526-8910.ctoao39423821","aberto","Jaime Daniel Leite; Roseli Esquerdo Lopes","Roseli Esquerdo Lopes","HFSE"
"https://openalex.org/W4410299457","10.54033/cadpedv22n7-096","Práticas sociais e processos educativos: análise crítica das ações inclusivas do Ifes para alunos/as com deficiência(s) à luz de Freire e hooks","2025","Caderno Pedagógico","https://openalex.org/S4210173331","1516-6600","https://doi.org/10.54033/cadpedv22n7-096","aberto","Ana Paula Brasil; Vanessa Gomes Ferreira dos Santos; Débora Cristina Fonseca; Osmar Moreira de Souza Júnior","Débora Cristina Fonseca","EPFH"
"https://openalex.org/W4411767031","10.54886/ibersid.v19i1.5095","Presentación de artículos científicos","2025","Ibersid revista de sistemas de información y documentación","https://openalex.org/S4210183853","1888-0967","https://doi.org/10.54886/ibersid.v19i1.5095","aberto","José Augusto Chaves Guimarães; María Cristina Piumbato Innocentini Hayashi; Daniel Martínez‐Ávila","Maria Cristina Piumbato Innocentini Hayashi","HFSE"
"https://openalex.org/W4417452219","10.21814/rpe.38269","Pressupostos democráticos na relação com o outro e a mentoria de diretores escolares","2025","Revista Portuguesa de Educação","https://openalex.org/S2738465378","0871-9187","https://doi.org/10.21814/rpe.38269","aberto","Maria Cecília Luiz; Jéssica Veloso Morito; Michelle Barbosa; Aline Cristina de Souza","Maria Cecilia Luiz","ECS"
"https://openalex.org/W4409079248","10.22347/2175-2753v17i54.4431","Princípios e parâmetros para meta-avaliação de aspectos emancipatórios de autoavaliações institucionais na educação superior: uma avaliação de perspectiva democrático-subjetivista","2025","Revista Meta Avaliação","https://openalex.org/S4210200448","2175-2753","https://doi.org/10.22347/2175-2753v17i54.4431","aberto","Ivan dos Santos Oliveira; José Carlos Rothen","Jose Carlos Rothen","EPFH"
"https://openalex.org/W4410205394","10.24065/re.v15i1.2771","PROGRAMA NACIONAL DE EDUCAÇÃO DO CAMPO (PRONACAMPO)","2025","Revista Exitus","https://openalex.org/S4210238501","2236-2983","https://doi.org/10.24065/re.v15i1.2771","aberto","Wansley Ferreira de Freitas; Luiz Bezerra Neto","Luiz Bezerra Neto","EPFH"
"https://openalex.org/W4407564665","10.5195/biblios.2024.1144","Propetips","2025","Biblios Journal of Librarianship and Information Science","https://openalex.org/S2736540787","1562-4730","https://doi.org/10.5195/biblios.2024.1144","aberto","María Cristina Piumbato Innocentini Hayashi; José Augusto Chaves Guimarães","Maria Cristina Piumbato Innocentini Hayashi","HFSE"
"https://openalex.org/W4415916601","10.47236/2594-7036.2025.v9.1813","Refletindo a educação superior: uma abordagem à luz da teoria do desenvolvimento de Amartya Sen","2025","Revista Sítio Novo","https://openalex.org/S4210192338","2594-7036","https://doi.org/10.47236/2594-7036.2025.v9.1813","aberto","Maurício Reis Sousa do Nascimento; José Carlos Rothen","Jose Carlos Rothen","EPFH"
"https://openalex.org/W4408703760","10.37001/remat25269062v24id612","Registrar/Documentar/Experienciar o Jogo na Educação Infantil - Implicações à Formação Continuada de Professoras em Matemática","2025","Revista de Educação Matemática","https://openalex.org/S4210206594","1676-8868","https://doi.org/10.37001/remat25269062v24id612","aberto","Klinger Teodoro Ciríaco; Andressa Florcena Gama da Costa; J. C. Cruz","Klinger Teodoro Ciríaco","FPOAE"
"https://openalex.org/W4409910539","10.1590/s1678-4634202551x278366por","Saberes da prática educativa revelados por um mestre carpinteiro naval durante atuação como professor-formador","2025","Educação e Pesquisa","https://openalex.org/S2736467988","1517-9702","https://doi.org/10.1590/s1678-4634202551x278366por","aberto","Rayane de Jesus Santos Melo; Cármen Lúcia Brancaglion Passos","Carmen Lucia Brancaglion Passos","ECM"
"https://openalex.org/W7131869480","10.1590/1809-58442025127en","STUDENT ACTIVISM AND SOCIAL NETWORKS: Mobilization dynamics in the 2013 protests","2025","Intercom Revista Brasileira de Ciências da Comunicação","https://openalex.org/S4210175494","1809-5844","https://doi.org/10.1590/1809-58442025127en","aberto","Vinicius Oliveira Seabra Guimarães; Luís Antônio Groppo; Gislene da Silva; Lívia Furtado Borges","Luís Antonio Groppo","HFSE"
"https://openalex.org/W4414861261","10.21680/1984-3879.2025v25n01id37201","TECNOLOGIA, EDUCAÇÃO E PERSONALIDADE","2025","Saberes Revista interdisciplinar de Filosofia e Educação","https://openalex.org/S4387287186","1984-3879","https://doi.org/10.21680/1984-3879.2025v25n01id37201","aberto","Erika Giacometti Rocha Berribili; Luiz Roberto Gomes","Luiz Roberto Gomes","ECS"
"https://openalex.org/W7203931691","10.66451/rbep.v6i1.1137","Trabalhadores no sistema prisional de Minas Gerais - Brasil: relatos de experiência a partir dos saberes constituídos na práxis","2025","Revista Brasileira de Execução Penal","https://openalex.org/S4387282959","2675-1860","https://doi.org/10.66451/rbep.v6i1.1137","aberto","Marcos Melo de Oliveira; Elenice Maria Cammarosano Onofre; Karol Oliveira de Amorim Silva","Elenice Maria Cammarosano Onofre","EPFH"
"https://openalex.org/W4415008807","10.23925/1983-3156.2025v27i4p074-091","Trajetória e focos investigativos da pesquisa no GT19 da ANPEd","2025","Educação Matemática Pesquisa Revista do Programa de Estudos Pós-Graduados em Educação Matemática","https://openalex.org/S4210175120","1516-5388","https://doi.org/10.23925/1983-3156.2025v27i4p074-091","aberto","Flávia dos Santos Soares; Cármen Lúcia Brancaglion Passos; Maria Isabel Ramalho Ortigão","Carmen Lucia Brancaglion Passos","ECM"
"https://openalex.org/W4410000009","10.4025/rbhe.v25.2025.e374","Um eterno presente?","2025","Revista Brasileira de História da Educação","https://openalex.org/S4210217483","1519-5902","https://doi.org/10.4025/rbhe.v25.2025.e374","aberto","Marisa Bittar","Marisa Bittar","HFSE"
"https://openalex.org/W7117532813","10.21723/riaee.v20i00.2022201","Un giro necesario en la formación continuada del profesorado","2025","Revista Ibero-Americana de Estudos em Educação","https://openalex.org/S2737552301","1982-5587","https://doi.org/10.21723/riaee.v20i00.2022201","aberto","Roseli Rodrigues de Mello; Rafaela Maria Rodrigues; Bruno Cortegoso Prezenszky","Roseli Rodrigues de Mello","EETPC"
"https://openalex.org/W7124962897","10.36311/2447-780x.2025.v11.e025007","Upstander Intervention","2025","Revista do Instituto de Políticas Públicas de Marília","https://openalex.org/S4210219151","2447-780X","https://doi.org/10.36311/2447-780x.2025.v11.e025007","aberto","Acácio Rodrigo dos Reis Silva; Alexandre Rodrigo Nishiwaki da Silva; William Rossani dos Santos","Alexandre Rodrigo Nishiwaki da Silva","FPOAE"
"https://openalex.org/W4404604397","10.1177/15579883241299330","“A Man Has to Show That He Is a Man From a Young Age”: Intimate Partner Violence for Young Male University Students in Brazil","2024","American Journal of Men s Health","https://openalex.org/S90816027","1557-9883","https://doi.org/10.1177/15579883241299330","aberto","Caroline Izabela Silva; Daniella Yamada Baragatti; Natália Rejane Salim; Leticia Scotto; Clodomiro Alves; Caroline Grespan Forlani; Diene Monique Carlos","Natália Rejane Salim","PSPE"
"https://openalex.org/W4396770189","10.22481/odeere.v9i1.14628","“Antes de saber para onde vai, é preciso saber quem é”: entrevista com o professor Douglas Verrangia Corrêa da Silva sobre educação para as relações étnico-raciais, ensino de ciências e a lei 10.639/2003","2024","ODEERE","https://openalex.org/S4210213076","2525-4715","https://doi.org/10.22481/odeere.v9i1.14628","aberto","Fabiana Correia Moura; Douglas Verrangia","Douglas Verrangia Correa da Silva","RED"
"https://openalex.org/W4405495001","10.23925/1809-3876.2024v22e60628","""É só aplicar a fórmula: Δ = b2 - 4ac""","2024","Revista e-Curriculum","https://openalex.org/S4210187470","1809-3876","https://doi.org/10.23925/1809-3876.2024v22e60628","aberto","Klinger Teodoro Ciríaco; Maria Raquel Miotto Morelatti; João Pedro da Ponte","Klinger Teodoro Ciríaco","FPOAE"
"https://openalex.org/W4406100893","10.46312/pem.v17i48.22240","""É só trocar um porco por duas galinhas"": experiência com o pensamento algébrico nos anos iniciais no contexto de um grupo de estudos","2024","Perspectivas da Educação Matemática","https://openalex.org/S4210210130","1982-7652","https://doi.org/10.46312/pem.v17i48.22240","aberto","Jocelei Miranda da Silva; Klinger Teodoro Ciríaco","Klinger Teodoro Ciríaco","FPOAE"
"https://openalex.org/W4405670350","10.33532/revemop.e2024027","""Lúcia já vou indo""… e a Matemática também!","2024","Revemop","https://openalex.org/S4210236610","2596-0245","https://doi.org/10.33532/revemop.e2024027","aberto","Klinger Teodoro Ciríaco; Rebeca Souza de Miranda; Thaís de Almeida Brasil","Klinger Teodoro Ciríaco","FPOAE"
"https://openalex.org/W4405262780","10.1590/1981-7746-ojs2905","“O remédio mais usado em medicina é o próprio médico”: cuidado integral e profissionalismo na formação médica","2024","Trabalho Educação e Saúde","https://openalex.org/S2738869887","1678-1007","https://doi.org/10.1590/1981-7746-ojs2905","aberto","Marcelo Calazans Duarte de Menezes; Sheyla Ribeiro Rocha; LARISSA GABRIELLA DE SOUZA SÁ; Aline Guerra Aquilante","Aline Guerra Aquilante","PSPE"
"https://openalex.org/W4406691032","10.28998/redemat.v3i1.18308","""Professor, não tem mais prova?"" Experiências de estudantes de Pedagogia em movimento de produção de vídeos matemáticos","2024","Revista Diálogos em Educação Matemática","https://openalex.org/S5407027983","2764-9997","https://doi.org/10.28998/redemat.v3i1.18308","aberto","Klinger Teodoro Ciríaco; Rebeca Souza de Miranda","Klinger Teodoro Ciríaco","FPOAE"
"https://openalex.org/W4400909304","10.4025/imagenseduc.v14i1.64720","""WORLD CAFÉ"" NA PRÁTICA PEDAGÓGICA","2024","Imagens da Educação","https://openalex.org/S4210235954","2179-8427","https://doi.org/10.4025/imagenseduc.v14i1.64720","aberto","Andréa Cristina Peripato; Braian Veloso; Mara Silvia Pasian; Daniel Mill","Braian Garrito Veloso; Daniel Ribeiro Silva Mill","ECS"
"https://openalex.org/W4404962114","10.22478/ufpb.2359-7003.2024v33n1.70813","60 ANOS DO GOLPE MILITAR","2024","Revista Temas em Educação","https://openalex.org/S4210184948","0104-2777","https://doi.org/10.22478/ufpb.2359-7003.2024v33n1.70813","aberto","Marisa Bittar","Marisa Bittar","HFSE"
"https://openalex.org/W4402771538","10.14393/repod-v13n3a2024-75234","A “qualidade empresarial” e a “qualidade social” na reforma educacional: causas, consequências e disputas","2024","Revista Educação e Políticas em Debate","https://openalex.org/S4210220395","2238-8346","https://doi.org/10.14393/repod-v13n3a2024-75234","aberto","Regiane Helena Bertagna; Luana Costa Almeida","Luana Costa Almeida","EETPC"
"https://openalex.org/W4405177432","10.14244/reveduc.v18i1.6936","A BNCC na Educação Infantil: um estudo brasileiro sobre as fontes dos saberes docentes","2024","Revista Eletrônica de Educação","https://openalex.org/S2736679368","1982-7199","https://doi.org/10.14244/reveduc.v18i1.6936","aberto","Júlia Ines Pinheiro Bolota Pimenta; Aline Sommerhalder; Fernando Donizete Alves","Aline Sommerhalder; Fernando Donizete Alves","EETPC"
"https://openalex.org/W4394684353","10.5902/1984644483241","A burocracia da Nova Gestão Pública: o mundo paralelo da prestação de contas","2024","Educação (UFSM)","https://openalex.org/S2738869710","0101-9031","https://doi.org/10.5902/1984644483241","aberto","Géssica Priscila Ramos; Regilson Maciel Borges; Maria Cristina da Silveira Galan Fernandes; José Carlos Rothen; Ana Paula Silveira","Gessica Priscila Ramos; Jose Carlos Rothen; Maria Cristina da Silveira Galan Fernandes","EPFH"
"https://openalex.org/W4395010796","10.20396/rho.v24i00.8674315","A criação dos grupos escolares no contexto da República","2024","Revista HISTEDBR On-line","https://openalex.org/S4210224784","1676-2584","https://doi.org/10.20396/rho.v24i00.8674315","aberto","Géssica Priscila Ramos","Gessica Priscila Ramos","EPFH"
"https://openalex.org/W4405237072","10.30681/rcc.v1i15.12207","A DOCÊNCIA E A PRECARIZAÇÃO DO TRABALHO EDUCATIVO NA SOCIEDADE CAPITALISTA","2024","Revista de Comunicação Científica","https://openalex.org/S5407004930","2525-670X","https://doi.org/10.30681/rcc.v1i15.12207","aberto","Priscila Carla Cardoso; Juliana Cavicchioli de Souza; Michele Cristina Pedroso Cecarelli","Priscila Carla Cardoso","EPFH"
"https://openalex.org/W4393953021","10.3895/etr.v8n1.17746","A Educação Digital na formação de Pedagogos: um mapeamento da produção científica brasileira (2015 a 2021)","2024","Ensino e Tecnologia em Revista","https://openalex.org/S4210218422","2594-3901","https://doi.org/10.3895/etr.v8n1.17746","aberto","Jolúcia Santos de Jesus; Maria Cristina Xavier Reis Vilas Boas; Valdeir Almeida Santos; Ana Paula Gestoso de Souza","Ana Paula Gestoso de Souza","FPOAE"
"https://openalex.org/W4406785642","10.35699/2238-037x.2023.40949","A FORMAÇÃO DE INTELECTUAIS E A ADMINISTRAÇÃO ESCOLAR NA EDUCAÇÃO INTEGRADA","2024","Trabalho & Educação","https://openalex.org/S4210233084","1516-9537","https://doi.org/10.35699/2238-037x.2023.40949","aberto","Luís Paulo Lombardi Villela Graciano; Vagno Emygdio Machado Dias","Vagno Emygdio Machado Dias","HFSE"
"https://openalex.org/W4393460629","10.5902/1984644475198","A produção de artigos relacionados a jovens em conflito com a lei, educação escolar e projeto de vida: 2011-2021","2024","Educação (UFSM)","https://openalex.org/S2738869710","0101-9031","https://doi.org/10.5902/1984644475198","aberto","Juliana Maria Luccas Duarte Eigenheer; Débora Cristina Fonseca","Débora Cristina Fonseca","EPFH"
"https://openalex.org/W4405262108","10.1590/1980531410855","A PRODUÇÃO SOBRE EDUCAÇÃO ESCOLAR INDÍGENA EM TESES E DISSERTAÇÕES NO BRASIL","2024","Cadernos de Pesquisa","https://openalex.org/S4210172135","0100-1574","https://doi.org/10.1590/1980531410855","aberto","Marcineia Vieira de Almeida Santos Tupinambá; Luana Costa Almeida","Luana Costa Almeida","EETPC"
"https://openalex.org/W4405177135","10.14244/reveduc.v18i1.6910","A Relação com o Saber dos diretores de escola e a gestão democrática participativa","2024","Revista Eletrônica de Educação","https://openalex.org/S2736679368","1982-7199","https://doi.org/10.14244/reveduc.v18i1.6910","aberto","Rita de Cássia Rosa da Silva; Maria Cecília Luiz; Michele Varotto Machado","Maria Cecilia Luiz","ECS"
"https://openalex.org/W4405177147","10.14244/reveduc.v18i1.6237","A resolução nº 2/2019 e o desmonte das licenciaturas no Brasil","2024","Revista Eletrônica de Educação","https://openalex.org/S2736679368","1982-7199","https://doi.org/10.14244/reveduc.v18i1.6237","aberto","Géssica Priscila Ramos","Gessica Priscila Ramos","EPFH"
"https://openalex.org/W4404466480","10.54751/revistafoco.v17n11-133","A RESPONSABILIDADE CIVIL POR ABANDONO AFETIVO","2024","Revista Foco","https://openalex.org/S4210192134","1981-223X","https://doi.org/10.54751/revistafoco.v17n11-133","aberto","Ana Paula Gestoso de Souza; Débora Cristina de Oliveira","Ana Paula Gestoso de Souza","FPOAE"
"https://openalex.org/W4403837933","10.1590/2526-8910.ctore288637482","A social occupational therapy research/intervention experience aimed at providing active and democratic care to young students in the post-pandemic context","2024","Cadernos Brasileiros de Terapia Ocupacional ","https://openalex.org/S4210189390","0104-4931","https://doi.org/10.1590/2526-8910.ctore288637482","aberto","Roseli Esquerdo Lopes; Beatriz Prado Pereira; Lívia Celegati Pan; Rafael Garcia Barreiro; Marina Jorge da Silva; Ana Paula Serrata Malfitano; Magno Nunes Farias; Iara Falleiros Braga; Gisele Gonsalez Ito; Stéphany Conceição Correia Alves Guedes Reis; Bruna Carolina Silva dos Reis; Edna Diniz dos Santos; Patrícia Leme de Oliveira Borba","Roseli Esquerdo Lopes","HFSE"
"https://openalex.org/W4402230273","10.5216/ia.v49i2.79822","A SOCIEDADE DO CONHECIMENTO NA AMÉRICA LATINA: A TRAJETÓRIA CUBANA COMO EXEMPLO SINGULAR","2024","Revista Inter-Ação","https://openalex.org/S2738165242","0101-7136","https://doi.org/10.5216/ia.v49i2.79822","aberto","Maria Cristina da Silveira Galan Fernandes; José Carlos Rothen; Ivan dos Santos Oliveira; Thiago de Jesus Esteves","Jose Carlos Rothen; Maria Cristina da Silveira Galan Fernandes","EPFH"
"https://openalex.org/W4400584756","10.26843/ae.v17iesp.2.1288","Agrupamento de escolas portuguesas","2024","Revista mbienteeducação","https://openalex.org/S4210232383","1982-8632","https://doi.org/10.26843/ae.v17iesp.2.1288","aberto","Maria Cecília Luiz; Fernanda Andrade Martins","Maria Cecilia Luiz","ECS"
"https://openalex.org/W4402924627","10.1590/2177-9465-ean-2023-0159pt","Alcances formativos de atividade extensionista de contação de histórias seguida de intervenção lúdica dirigida","2024","Escola Anna Nery","https://openalex.org/S156506154","1414-8145","https://doi.org/10.1590/2177-9465-ean-2023-0159pt","aberto","Mônika Wernet; Lilia Rosa Batista Oliveira; Gabriele Petruccelli; Cleonice Maria Tomazzetti; Natália Simão Godoy Barboza; Patrícia Akari Nakao","Cleonice Maria Tomazzetti","FPOAE"
"https://openalex.org/W4401066896","10.1080/14427591.2024.2374612","Alianças entre a terapia ocupacional social e a ciência ocupacional crítica: Propostas para mobilizar a justiça social","2024","Journal of Occupational Science","https://openalex.org/S2765020922","1442-7591","https://doi.org/10.1080/14427591.2024.2374612","fechado","Jaime Daniel Leite; Debbie Laliberté Rudman; Roseli Esquerdo Lopes","Roseli Esquerdo Lopes","HFSE"
"https://openalex.org/W4401067287","10.1080/14427591.2024.2374308","Alliances between social occupational therapy and critical occupational science: Propositions to mobilize social justice","2024","Journal of Occupational Science","https://openalex.org/S2765020922","1442-7591","https://doi.org/10.1080/14427591.2024.2374308","fechado","Jaime Daniel Leite; Debbie Laliberté Rudman; Roseli Esquerdo Lopes","Roseli Esquerdo Lopes","HFSE"
"https://openalex.org/W4403637972","10.54033/cadpedv21n10-249","Análise das estratégias de comunicação das redes sociais dos órgãos públicos de Ater durante a pandemia de COVID-19","2024","Caderno Pedagógico","https://openalex.org/S4210173331","1516-6600","https://doi.org/10.54033/cadpedv21n10-249","aberto","Luís Fernando Soares Zuin; Murilo Coutinho Garcia; Renato de Carvalho Lopes; Gabriel Arroyo; Renato de Melo Serafin; Poliana Bruno Zuin; Murilo Mesquita Baesso; Mateus João Marassiro; Ezequiel Redin","Poliana Bruno Zuin","HFSE"
"https://openalex.org/W4405177132","10.14244/reveduc.v18i1.6912","Análise das percepções de educadores sobre relações dos alunos com o saber e com a instituição escolar","2024","Revista Eletrônica de Educação","https://openalex.org/S2736679368","1982-7199","https://doi.org/10.14244/reveduc.v18i1.6912","aberto","Flávio Caetano da Silva","Flavio Caetano da Silva","ECS"
"https://openalex.org/W4403916460","10.55028/pdres.v11i28.20664","Análise do discurso de documentos oficiais sobre educação de bebês e crianças bem pequenas","2024","Perspectivas em Diálogo revista de educação e sociedade","https://openalex.org/S2737922099","2358-1840","https://doi.org/10.55028/pdres.v11i28.20664","aberto","Klinger Teodoro Ciríaco; Fernando Schlindwein Santino; Isabella de Freitas Noronha","Klinger Teodoro Ciríaco","FPOAE"
"https://openalex.org/W4405177499","10.14244/reveduc.v18i1.6920","Apresentação do dossiê: A educação de crianças em contextos escolares: estudos de uma rede de colaboração científica Brasil e Europa","2024","Revista Eletrônica de Educação","https://openalex.org/S2736679368","1982-7199","https://doi.org/10.14244/reveduc.v18i1.6920","aberto","Aline Sommerhalder; Fernando Donizete Alves; Antonio Gariboldi; Antonella Pugnaghi","Aline Sommerhalder; Fernando Donizete Alves","EETPC"
"https://openalex.org/W4405177180","10.14244/reveduc.v18i1.6907","Apresentação do dossiê: Relação com o saber e perspectivas de formação","2024","Revista Eletrônica de Educação","https://openalex.org/S2736679368","1982-7199","https://doi.org/10.14244/reveduc.v18i1.6907","aberto","Flávio Caetano da Silva","Flavio Caetano da Silva","ECS"
"https://openalex.org/W4391947820","10.1590/1983-21172022240166","ARTIGO-PARECER: DE QUE CIDADANIA ESTAMOS FALANDO? UMA REVISÃO DE LITERATURA DAS PESQUISAS EM EDUCAÇÃO EM CIÊNCIAS COM PERSPECTIVA DE FORMAÇÃO PARA CIDADANIA","2024","Ensaio","https://openalex.org/S2736400552","1415-2150","https://doi.org/10.1590/1983-21172022240166","aberto","Michel Pisa Carnio","Michel Pisa Carnio","ECM"
"https://openalex.org/W4401854804","10.34119/bjhrv8n4-315","Aspecto de imagem dos tumores da papila duodenal: ensaio iconográfico","2024","Brazilian Journal of Health Review","https://openalex.org/S4210177346","2595-6825","https://doi.org/10.34119/bjhrv8n4-315","aberto","Lara Basílio Medeiros Veras; Felipe Eduardo Lages Veras Nogueira; Isadora Maria Matias Batista; Danilo Gonçalves Dantas; André Gonçalves da Silva; Luiz Bezerra Neto; Thadeu do Lago Baratta Monteiro; Laís Moreira de Galiza; Lauro Lourival Lopes Filho","Luiz Bezerra Neto","EPFH"
"https://openalex.org/W4392171412","10.23925/2178-2911.2023v27espp193-208","Biografia Científica de João Manso Pereira e a contribuição africana e afro-brasileira para o desenvolvimento da Química no Brasil","2024","História da Ciência e Ensino construindo interfaces","https://openalex.org/S4210210784","2178-2911","https://doi.org/10.23925/2178-2911.2023v27espp193-208","aberto","Priscila Duarte de Lira; Ettore Paredes Antunes","Ettore Paredes Antunes","ECM"
"https://openalex.org/W4401588471","10.1080/00071005.2024.2384208","Brian Simon and the Struggle for Education","2024","British Journal of Educational Studies","https://openalex.org/S93528005","0007-1005","https://doi.org/10.1080/00071005.2024.2384208","aberto","Marisa Bittar","Marisa Bittar","HFSE"
"https://openalex.org/W4399723585","10.22296/2317-1529.rbeur.202418pt","Campesinato e neoextrativismo em São Paulo: dinâmicas e conflitos da atividade sucroenergética na região de Ribeirão Preto","2024","Revista Brasileira de Estudos Urbanos e Regionais","https://openalex.org/S4210177039","1517-4115","https://doi.org/10.22296/2317-1529.rbeur.202418pt","aberto","Victor Marchesin Corrêa; Joelson Gonçalves de Carvalho","Joelson Gonçalves de Carvalho","EPFH"
"https://openalex.org/W4402230203","10.5216/ia.v49i2.79133","CAPITALISMO ACADÊMICO E A COMPETIÇÃO ALIENANTE ENTRE PROFESSORES-PESQUISADORES NOS RANKINGS DE EDUCAÇÃO SUPERIOR","2024","Revista Inter-Ação","https://openalex.org/S2738165242","0101-7136","https://doi.org/10.5216/ia.v49i2.79133","aberto","Everton Henrique Eleutério Fargoni; João dos Reis Silva Júnior; Afrânio Mendes Catani","Joao dos Reis Silva Junior","EPFH"
"https://openalex.org/W4405176870","10.14244/reveduc1816902","Carta ao leitor","2024","Revista Eletrônica de Educação","https://openalex.org/S2736679368","1982-7199","https://doi.org/10.14244/reveduc1816902","aberto","Maria Cecília Luiz","Maria Cecilia Luiz","ECS"
"https://openalex.org/W4403289645","10.34119/bjhrv7n5-427","Cistoadenoma seroso do pâncreas simulando tumor neuroendócrino: relato de caso","2024","Brazilian Journal of Health Review","https://openalex.org/S4210177346","2595-6825","https://doi.org/10.34119/bjhrv7n5-427","aberto","Lara Basílio Medeiros Veras; Amanda Nascimento Teixeira; Thiago Soares Godim Medeiros; Isadora Maria Matias Batista; Lauro Lourival Lopes Filho; Luiz Bezerra Neto; Thadeu do Lago Baratta Monteiro; André Gonçalves da Silva; Laís Moreira de Galiza; João Luis Vieira Ribeiro","Luiz Bezerra Neto","EPFH"
"https://openalex.org/W4399324865","10.1080/0046760x.2024.2306977","Colonisation and Jesuit Education in Brazil","2024","History of Education","https://openalex.org/S105170393","0046-760X","https://doi.org/10.1080/0046760x.2024.2306977","fechado","Marisa Bittar; Amarílio Ferreira","Marisa Bittar","HFSE"
"https://openalex.org/W4404882083","10.69849/revistaft/cl10202411301342","CONHECIMENTO DOS ACADÊMICOS DA ÁREA DA SAÚDE SOBRE SUPORTE BÁSICO DE VIDA NA PARADA CARDIORRESPIRATÓRIA","2024","Revista fisio&terapia.","https://openalex.org/S4404677285","1678-0817","https://doi.org/10.69849/revistaft/cl10202411301342","aberto","Nicolly Leticia Abrantes Fernandes; Vanilla Lago Fernandes; Luiz Bezerra Neto; Adélia Dalva da Silva Oliveira; Nagele de Sousa Lima","Luiz Bezerra Neto","EPFH"
"https://openalex.org/W4390499806","10.21527/2179-1309.2024.121.13319","Conhecimentos docentes no âmbito do sistema Universidade Aberta do Brasil (UAB)","2024","Revista Contexto & Educação","https://openalex.org/S4306526392","0102-8758","https://doi.org/10.21527/2179-1309.2024.121.13319","aberto","Braian Veloso; Daniel Mill","Braian Garrito Veloso; Daniel Ribeiro Silva Mill","ECS"
"https://openalex.org/W4395659485","10.24933/horizontes.v42i1.1745","Construção de uma avaliação de viés formativo:","2024","Horizontes","https://openalex.org/S4210198334","0103-7706","https://doi.org/10.24933/horizontes.v42i1.1745","aberto","Beatriz Nogueira Marques de Vasconcelos; Luana Costa Almeida","Luana Costa Almeida","EETPC"
"https://openalex.org/W4401450973","10.5216/ree.v26.77632","Contação de histórias durante a hospitalização de crianças: percepções das mães à luz do Interacionismo Simbólico","2024","Revista Eletrônica de Enfermagem","https://openalex.org/S4210181833","1518-1944","https://doi.org/10.5216/ree.v26.77632","aberto","Mônika Wernet; Natália Simão Godoy Barboza; Gabriele Petruccelli; Cleonice Maria Tomazzetti; Lilia Rosa Batista Oliveira; Patrícia Akari Nakao; Nathalia Vitória de Carvalho Martinez","Cleonice Maria Tomazzetti","FPOAE"
"https://openalex.org/W4401900496","10.34019/2447-5246.2024.v29.42188","CONTRIBUTOS AO DEBATE TEÓRICO NO CAMPO DA FORMAÇÃO DE PROFESSORES","2024","Educação em Foco","https://openalex.org/S4210193678","0104-3293","https://doi.org/10.34019/2447-5246.2024.v29.42188","aberto","Klinger Teodoro Ciríaco","Klinger Teodoro Ciríaco","FPOAE"
"https://openalex.org/W4401325463","10.19053/uptc.22160159.v15.n42.2024.16673","Criações com Alice no País das Maravilhas: Professoras de Matemática Pesquisam sobre Relações","2024","Praxis & Saber","https://openalex.org/S2736408784","2216-0159","https://doi.org/10.19053/uptc.22160159.v15.n42.2024.16673","aberto","Denise Silva Vilela; Deborah Veviani Da Silva; Maiara Araújo; S. Vicente","Denise Silva Vilela","ECM"
"https://openalex.org/W4391563239","10.12957/riae.2024.74967","CRIANÇAS PROTAGONISTAS E POTENTES: POR UM CURRÍCULO ABERTO AO POSSÍVEL","2024","Revista Interinstitucional Artes de Educar","https://openalex.org/S2738675393","2359-6856","https://doi.org/10.12957/riae.2024.74967","aberto","Cleonice Maria Tomazzetti; Débora Cristina de Sampaio Peixe","Cleonice Maria Tomazzetti","FPOAE"
"https://openalex.org/W4407563868","10.14198/cuid.26146","Cuidado de Enfermería a mujeres gestantes en una Institución de Salud Indígena de Colombia","2024","Cultura de los Cuidados","https://openalex.org/S4210228337","1138-1728","https://doi.org/10.14198/cuid.26146","aberto","Jhovana Trejos Serrato; Silvana Regina Rossi Kissula Souza; Gladys Eugenia Canaval; Katlyn Tatiana Narvaez Muñoz; Tatiane Herreira Trigueiro; Natália Rejane Salim","Natália Rejane Salim","PSPE"
"https://openalex.org/W4404874156","10.22196/rp.v26i1.8000","CUIDAR E EDUCAR MATEMATICAMENTE NA EDUCAÇÃO INFANTIL","2024","Revista Pedagógica","https://openalex.org/S4210190934","1415-8175","https://doi.org/10.22196/rp.v26i1.8000","aberto","Klinger Teodoro Ciríaco","Klinger Teodoro Ciríaco","FPOAE"
"https://openalex.org/W4395066541","10.5902/1984644473567","Cursinhos Populares enquanto ação afirmativa: potencialidades no acesso ao Ensino Superior","2024","Educação (UFSM)","https://openalex.org/S2738869710","0101-9031","https://doi.org/10.5902/1984644473567","aberto","Caroline Rocha Campagni; Débora Cristina Fonseca","Débora Cristina Fonseca","EPFH"
"https://openalex.org/W4402114863","10.18554/rt.v17i2.7397","Da formação de professores que ensinam Matemática às práticas do ensino remoto","2024","Revista Triângulo","https://openalex.org/S4210208975","2175-1609","https://doi.org/10.18554/rt.v17i2.7397","aberto","Mariany Fonseca Garcia; Klinger Teodoro Ciríaco","Klinger Teodoro Ciríaco","FPOAE"
"https://openalex.org/W4403457572","10.1080/14427591.2024.2409265","Debates on race/ethnicity among social occupational therapists: The need for a historically situated dialogue","2024","Journal of Occupational Science","https://openalex.org/S2765020922","1442-7591","https://doi.org/10.1080/14427591.2024.2409265","fechado","Magno Nunes Farias; Késia Maria Maximiano de Melo; Rafael Garcia Barreiro; Iara Falleiros Braga; Ana Paula Serrata Malfitano; Roseli Esquerdo Lopes","Roseli Esquerdo Lopes","HFSE"
"https://openalex.org/W4401769177","10.33871/23594381.2024.22.2.7799","Desenvolvimento profissional de professores: uma discussão acerca do conceito","2024","Revista Ensino & Pesquisa","https://openalex.org/S4210175726","1676-1030","https://doi.org/10.33871/23594381.2024.22.2.7799","aberto","Andréia de Assis Ferreira; Ana Paula Gestoso de Souza","Ana Paula Gestoso de Souza","FPOAE"
"https://openalex.org/W4401950125","10.29035/rcaf.25.2.3","Desigualdades de género en las clases de Educación Física: Entre situaciones-límite e inéditos viables","2024","Ciencias de la actividad física","https://openalex.org/S4210205299","0717-408X","https://doi.org/10.29035/rcaf.25.2.3","aberto","Leandro de Carvalho da Silva; Fábio R. Mizuno-Lemos; Ricardo Souza de Carvalho; Osmar Moreira de Souza","Osmar Moreira de Souza Junior","PSPE"
"https://openalex.org/W4402078170","10.18316/recc.v29i2.11010","Diário reflexivo: processo inicial de escrita de duas mentoras iniciantes","2024","Educação Ciência e Cultura","https://openalex.org/S4210200325","1413-7321","https://doi.org/10.18316/recc.v29i2.11010","aberto","Ana Paula Gestoso de Souza; Tarciana dos Santos Pinheiro; Jéssica Francine Ferreira da Silva","Ana Paula Gestoso de Souza","FPOAE"
"https://openalex.org/W4409412479","10.4025/actascieduc.v47i1.63268","Dificuldades enfrentadas por docentes da educação superior brasileira com o ensino remoto emergencial em tempos de pandemia: estado do conhecimento","2024","Acta Scientiarum Education","https://openalex.org/S2738354532","2178-5198","https://doi.org/10.4025/actascieduc.v47i1.63268","aberto","Natália Neves Macedo Deimling; Aline Maria de Medeiros Rodrigues Reali","Aline Maria de Medeiros Rodrigues Reali","FPOAE"
"https://openalex.org/W4401875618","10.20396/rdbci.v22i00.8676800","Dinâmicas sociais e princípios éticos","2024","RDBCI Revista Digital de Biblioteconomia e Ciência da Informação","https://openalex.org/S2737422535","1678-765X","https://doi.org/10.20396/rdbci.v22i00.8676800","aberto","María Cristina Piumbato Innocentini Hayashi; José Augusto Chaves Guimarães","Maria Cristina Piumbato Innocentini Hayashi","HFSE"
"https://openalex.org/W4390491559","10.24065/re.v14i1.2427","DIREITO À EDUCAÇÃO E SISTEMAS MUNICIPAIS DE ENSINO NA REGIÃO SUDESTE DO BRASIL: o que desvelam as pesquisas?","2024","Revista Exitus","https://openalex.org/S4210238501","2236-2983","https://doi.org/10.24065/re.v14i1.2427","aberto","Kátia Cristina Custódio Ferreira Brito; Celso Luiz Aparecido Conti; Thaíse Luciane Nardim","Celso Luiz Aparecido Conti","EETPC"
"https://openalex.org/W4403066113","10.5935/2238-1279.2024006","Documentação Pedagógica e avaliação em contexto: diálogos na prática de professores da educação infantil","2024","Revista Educação e Cultura Contemporânea/Educação e Cultura Contemporânea","https://openalex.org/S4210197880","1807-2194","https://doi.org/10.5935/2238-1279.2024006","aberto","Cleonice Maria Tomazzetti; Giovana Alonso Botega; Juliana Moreira","Cleonice Maria Tomazzetti","FPOAE"
"https://openalex.org/W4403640307","10.5335/rep.v31.15726","Educação a Distância","2024","Revista Espaço Pedagógico","https://openalex.org/S4210180488","0104-7469","https://doi.org/10.5335/rep.v31.15726","aberto","Braian Veloso","Braian Garrito Veloso","ECS"
"https://openalex.org/W4398207993","10.21814/rpe.29231","Educação a distância e ensino remoto: Oposição pelo vértice","2024","Revista Portuguesa de Educação","https://openalex.org/S2738465378","0871-9187","https://doi.org/10.21814/rpe.29231","aberto","Braian Veloso; Daniel Mill","Braian Garrito Veloso; Daniel Ribeiro Silva Mill","ECS"
"https://openalex.org/W4401956355","10.5380/jpe.v18i1.92255","EDUCAÇÃO PROFISSIONAL E TECNOLÓGICA EM DESTAQUE: ANÁLISE DE INDICADORES DOS INSTITUTOS FEDERAIS DE EDUCAÇÃO, CIÊNCIA E TECNOLOGIA","2024","Jornal de Políticas Educacionais","https://openalex.org/S4210169763","1981-1969","https://doi.org/10.5380/jpe.v18i1.92255","aberto","Ivan dos Santos Oliveira; José Carlos Rothen","Jose Carlos Rothen","EPFH"
"https://openalex.org/W4394954759","10.1590/es.283572","EDUCAÇÃO PÚBLICA NO ATUAL CENÁRIO SÓCIO-POLÍTICO E ECONÔMICO BRASILEIRO","2024","Educação & Sociedade","https://openalex.org/S2737687728","0101-7330","https://doi.org/10.1590/es.283572","aberto","Carmen Sylvia Vidigal Moraes; Roberto Leher; Celso João Ferretti; Nelson Cardoso Amaral; Salomão Barros Ximenes; Nilma Lino Gomes; Antônio Álvaro Soares Zuin; Luana Costa Almeida; Ana Maria F. Almeida; Anderson Ricardo Trevisan; Cláudio Almir Dalbosco; Débora Mazza; Licínio C. Lima; Pedro Goergen; Sandra Maria Zákia Lian Sousa; Xavier Rambla; Vicente Sisto","Luana Costa Almeida; Antonio Alvaro Soares Zuin","EETPC; ECS"
"https://openalex.org/W4405539851","10.5747/ch.2024.v20.h592","EDUCADORAS DA INFÂNCIA E O DESENVOLVIMENTO DA LINGUAGEM MATEMÁTICA NO TERRITÓRIO DAS CRIANÇAS DE ZERO A TRÊS ANOS","2024","Colloquium humanarum","https://openalex.org/S2738472558","1679-6470","https://doi.org/10.5747/ch.2024.v20.h592","aberto","Klinger Teodoro Ciríaco; José Wrigell; Vivian Bianca Inácio Matioli","Klinger Teodoro Ciríaco","FPOAE"
"https://openalex.org/W4392006342","10.17921/2447-8733.2023v24n4p584-592","Educar e Educar-se nas Danças das Culturas Populares no Brasil e em Moçambique","2024","Revista de Ensino Educação e Ciências Humanas","https://openalex.org/S4210173400","2447-8733","https://doi.org/10.17921/2447-8733.2023v24n4p584-592","aberto","Cláudia Foganholi; Luiz Gonçalves; Ângelo José Muria; Nelson Fainde","Luiz Gonçalves Junior","PSPE"
"https://openalex.org/W4393930786","10.1080/00131857.2024.2336025","Educating with Paulo Freire: Teaching and learning on the digital culture","2024","Educational Philosophy and Theory","https://openalex.org/S117564099","0013-1857","https://doi.org/10.1080/00131857.2024.2336025","fechado","Antônio Álvaro Soares Zuin; Roseli Rodrigues de Mello","Roseli Rodrigues de Mello; Antonio Alvaro Soares Zuin","EETPC; ECS"
"https://openalex.org/W4405561051","10.22409/tn.v22i48.62439","ENSINO MÉDIO: PAUTA PARA DEBATE","2024","Revista Trabalho Necessário","https://openalex.org/S2737437775","1808-799X","https://doi.org/10.22409/tn.v22i48.62439","aberto","Paolo Nosella","Paolo Nosella","HFSE"
"https://openalex.org/W4402123963","10.14295/de.v12i1.17326","ENTRE MINAS E MANAS","2024","Diversidade e Educação","https://openalex.org/S4210191687","2358-8853","https://doi.org/10.14295/de.v12i1.17326","aberto","Karoline Rebecka Siqueira Ferreira; Luís Antônio Groppo","Luís Antonio Groppo","HFSE"
"https://openalex.org/W4391681464","10.31639/rbpfp.v15i34.736","ENTRE O ESPECÍFICO E O PEDAGÓGICO: ASPECTOS DO CONHECIMENTO DA DOCÊNCIA NA MATRIZ CURRICULAR NAS LICENCIATURAS EM MATEMÁTICA E PEDAGOGIA","2024","Formação Docente – Revista Brasileira de Pesquisa sobre Formação de Professores","https://openalex.org/S4210178422","2176-4360","https://doi.org/10.31639/rbpfp.v15i34.736","aberto","Klinger Teodoro Ciríaco","Klinger Teodoro Ciríaco","FPOAE"
"https://openalex.org/W4405177211","10.14244/reveduc.v18i1.6579","Escola de Educadores: reflexão sobre a prática na formação continuada de professores","2024","Revista Eletrônica de Educação","https://openalex.org/S2736679368","1982-7199","https://doi.org/10.14244/reveduc.v18i1.6579","aberto","Dijnane Vedovatto; Samuel de Souza Neto; Marina Cyrino; Maria Renata Campanha Turatti","Dijnane Fernanda Vedovatto Machado","FPOAE"
"https://openalex.org/W4402517119","10.1590/s1413-24782024290082","Escola de Pessoas Adultas de La Verneda e Sant-Martí: sonho e ciência em educação","2024","Revista Brasileira de Educação","https://openalex.org/S2736711335","1413-2478","https://doi.org/10.1590/s1413-24782024290082","aberto","Cristiane Fontes de Oliveira; Roseli Rodrigues de Mello; Adriana Fernandes Coimbra Marigo; Francisca de Lima Constantino; Fabiana Marini Braga","Fabiana Marini Braga; Roseli Rodrigues de Mello; Adriana Fernandes Coimbra Marigo","EETPC; FPOAE"
"https://openalex.org/W4396694932","10.1590/s0104-40362024003204004","Escolas no combate à violência sexual contra crianças e adolescentes: análise bibliográfica de ações preventivas","2024","Ensaio Avaliação e Políticas Públicas em Educação","https://openalex.org/S4210237110","0104-4036","https://doi.org/10.1590/s0104-40362024003204004","aberto","Rafaela Maria Rodrigues; Roseli Rodrigues de Mello","Roseli Rodrigues de Mello","EETPC"
"https://openalex.org/W4405636138","10.1016/j.nsa.2024.105373","Exploring manic switch in electroconvulsive therapy: incidence and management","2024","Neuroscience Applied","https://openalex.org/S4210236820","2772-4085","https://doi.org/10.1016/j.nsa.2024.105373","aberto","B. Vidal; J. Azenha; José Veríssimo Fernandes; Fabiana Marini Braga; Magno José Duarte Cândido; Lisbet Suárez Santana","Fabiana Marini Braga","EETPC"
"https://openalex.org/W4391170650","10.1080/07409710.2024.2298175","Exploring the senses of taste with young children: Multisensory discoveries of food","2024","Food and Foodways","https://openalex.org/S2803517","0740-9710","https://doi.org/10.1080/07409710.2024.2298175","aberto","Jennifer Coe; Lorenzo Manera; Erik Fooladi","Lorenzo Manera","EETPC"
"https://openalex.org/W4407291216","10.37001/ripem.v14i4.3885","Explosion of Forces: the Provance of Mathematical Modeling in Brazilian Mathematics Education","2024","Revista Internacional de Pesquisa em Educação Matemática","https://openalex.org/S4210197935","2238-0345","https://doi.org/10.37001/ripem.v14i4.3885","aberto","Maria Carolina Machado Magnus; Ademir Donizeti Caldeira; Claúdia Glavam Duarte","Ademir Donizeti Caldeira","ECM"
"https://openalex.org/W4390495203","10.1186/s12884-023-06175-3","Factors intervening in the childbirth experience: a mixed-methods study","2024","BMC Pregnancy and Childbirth","https://openalex.org/S123732490","1471-2393","https://doi.org/10.1186/s12884-023-06175-3","aberto","Luciana Braz de Oliveira Paes; Márcia Regina Cangiani Fabbro; Beatriz Rôsana Gonçalves de Oliveira Toso; Jamile Claro de Castro Bussadori; Mariana Torreglosa Ruiz; Natália Rejane Salim; Mônika Wernet; Aline Oliveira Silveira; Flávia Corrêa Porto de Abreu D Agostini","Natália Rejane Salim","PSPE"
"https://openalex.org/W4391747307","10.1590/s1678-4634202450268648en","For a pedagogy of the archive: knowledge production and dissemination in the digital culture","2024","Educação e Pesquisa","https://openalex.org/S2736467988","1517-9702","https://doi.org/10.1590/s1678-4634202450268648en","aberto","Antônio Álvaro Soares Zuin","Antonio Alvaro Soares Zuin","ECS"
"https://openalex.org/W4402682384","10.1590/1980-4415v38a230274","Formação de professores de Matemática: o desenvolvimento do pensamento teórico e o processo de aprendizagem da atividade pedagógica","2024","Bolema Boletim de Educação Matemática","https://openalex.org/S4210176729","0103-636X","https://doi.org/10.1590/1980-4415v38a230274","aberto","Maria Marta da Silva; Maria do Carmo de Sousa","Maria do Carmo de Sousa","ECM"
"https://openalex.org/W4392148648","10.34019/1809-8363.2023.v26.38156","Formação do nutricionista para atuação na Atenção Primária à Saúde: perspectiva de docentes","2024","Revista de APS","https://openalex.org/S4210224038","1516-7704","https://doi.org/10.34019/1809-8363.2023.v26.38156","aberto","Larissa Baungartner Zeminian; Sueli Fátima Sampaio; Aline Guerra Aquilante; Carla Maria Vieira","Aline Guerra Aquilante","PSPE"
"https://openalex.org/W4402924447","10.1590/2177-9465-ean-2023-0159en","Formative achievements of an extended activity of storytelling followed by a directed play intervention","2024","Escola Anna Nery","https://openalex.org/S156506154","1414-8145","https://doi.org/10.1590/2177-9465-ean-2023-0159en","aberto","Mônika Wernet; Lilia Rosa Batista Oliveira; Gabriele Petruccelli; Cleonice Maria Tomazzetti; Natália Simão Godoy Barboza; Patrícia Akari Nakao","Cleonice Maria Tomazzetti","FPOAE"
"https://openalex.org/W4401280868","10.18264/eadf.v14i2.2245","Hibridização e Educação 4.0 – Perspectivas para o Futuro da EaD","2024","EAD em FOCO","https://openalex.org/S4210226534","2177-8310","https://doi.org/10.18264/eadf.v14i2.2245","aberto","Danilo Augusto Dias; Daniel Mill","Daniel Ribeiro Silva Mill","ECS"
"https://openalex.org/W4401026357","10.14393/er-v31e2024-23","Horário de Trabalho Pedagógico Coletivo: um estudo com professores de educação física","2024","Ensino em Re-Vista","https://openalex.org/S2737338367","0104-3757","https://doi.org/10.14393/er-v31e2024-23","aberto","Natália da Silva de Oliveira; Fernando Donizete Alves; Luana Zanotto","Fernando Donizete Alves","EETPC"
"https://openalex.org/W4401518937","10.1590/s1678-4634202450273481por","Identificação de necessidades formativas de professoras iniciantes em um programa de mentoria","2024","Educação e Pesquisa","https://openalex.org/S2736467988","1517-9702","https://doi.org/10.1590/s1678-4634202450273481por","aberto","Priscila Menarin Cesário; Rosa Maria Moraes Anunciato","Rosa Maria Moraes Anunciato","FPOAE"
"https://openalex.org/W4401521528","10.1590/s1678-4634202450273481en","Identification of training needs of early career teachers in a mentoring program","2024","Educação e Pesquisa","https://openalex.org/S2736467988","1517-9702","https://doi.org/10.1590/s1678-4634202450273481en","aberto","Priscila Menarin Cesário; Rosa Maria Moraes Anunciato","Rosa Maria Moraes Anunciato","FPOAE"
"https://openalex.org/W4403262370","10.34119/bjhrv7n5-328","Imagem da neoplasia maligna da vesícula biliar: um guia prático para o radiologista","2024","Brazilian Journal of Health Review","https://openalex.org/S4210177346","2595-6825","https://doi.org/10.34119/bjhrv7n5-328","aberto","Heloise Rocha Rodrigues Miranda; Ana Cláudia Vicenzi Raduan Uski; Roberio Silveira Borges; Luiz Bezerra Neto; Thadeu do Lago Baratta Monteiro; Isânio Vasconcelos Mesquita; Thiago Soares Gondim Medeiros; Lara Basílio Medeiros Veras","Luiz Bezerra Neto","EPFH"
"https://openalex.org/W4394699516","10.14571/brajets.v16.n4.999-1012","Imbricações entre Avaliações Externas e Qualidade da Educação Básica","2024","Cadernos de Educação Tecnologia e Sociedade","https://openalex.org/S2739403088","2316-9907","https://doi.org/10.14571/brajets.v16.n4.999-1012","aberto","Lilian Carvalho; Renata Maria Moschen Nascente","Renata Maria Moschen Nascente","EETPC"
"https://openalex.org/W4394948397","10.31496/rpd.v24i49.1587","implicações das contratações temporárias para a docência no ensino superior","2024","Revista Profissão Docente","https://openalex.org/S4210167576","1519-0919","https://doi.org/10.31496/rpd.v24i49.1587","aberto","Adelino Francklin; Maria Cristina da Silveira Galan Fernandes","Maria Cristina da Silveira Galan Fernandes","EPFH"
"https://openalex.org/W4399975788","10.1590/interface.230154","Indígenas universitários no primeiro semestre da pandemia de Covid-19: experiências em uma moradia estudantil","2024","Interface - Comunicação Saúde Educação","https://openalex.org/S4210167574","1414-3283","https://doi.org/10.1590/interface.230154","aberto","Raniel Martinha de Souza; Willian Fernandes Luna; Iraí Maria de Campos Teixeira","Iraí Maria de Campos Teixeira","PSPE"
"https://openalex.org/W4399975772","10.1590/interface.240103","Indigenous university students in the first semester of the Covid-19 pandemic: experiences in a student housing","2024","Interface - Comunicação Saúde Educação","https://openalex.org/S4210167574","1414-3283","https://doi.org/10.1590/interface.240103","aberto","Raniel Martinha de Souza; Willian Fernandes Luna; Iraí Maria de Campos Teixeira","Iraí Maria de Campos Teixeira","PSPE"
"https://openalex.org/W4405176984","10.14244/198271994838","Infâncias no recreio do ensino fundamental: das (im)possibilidades de exploração dos espaços e do tempo","2024","Revista Eletrônica de Educação","https://openalex.org/S2736679368","1982-7199","https://doi.org/10.14244/198271994838","aberto","Aline Sommerhalder; Heliny De Carvalho Massimo","Aline Sommerhalder","EETPC"
"https://openalex.org/W4399021452","10.4025/rbhe.v24.2024.e326","Inserção social dos Grupos Escolares de Campinas segundo os Anuários do Ensino do Estado de São Paulo (1907-1920)","2024","Revista Brasileira de História da Educação","https://openalex.org/S4210217483","1519-5902","https://doi.org/10.4025/rbhe.v24.2024.e326","aberto","Géssica Priscila Ramos","Gessica Priscila Ramos","EPFH"
"https://openalex.org/W4405177153","10.14244/reveduc.v18i1.6934","Inspirações de Pikler à educação de bebês: ambiente e cotidiano educativos","2024","Revista Eletrônica de Educação","https://openalex.org/S2736679368","1982-7199","https://doi.org/10.14244/reveduc.v18i1.6934","aberto","Aline Sommerhalder; Fernando Donizete Alves; Marta Segui Picazo; Azucena Linares Gómez; Gabriela Dias Sartori","Aline Sommerhalder; Fernando Donizete Alves","EETPC"
"https://openalex.org/W4392404134","10.1590/1413-81232024293.04232023en","Institutional racism at the university and consequences in the lives of Black students: a mixed study","2024","Ciência & Saúde Coletiva","https://openalex.org/S53297675","1413-8123","https://doi.org/10.1590/1413-81232024293.04232023en","aberto","Nathalia Ester Martins Guerra; Natália Sevilha Stofel; Flávio Adriano Borges; Willian Fernandes Luna; Natália Rejane Salim; Barbara Stefani Morais Sá; Juliana Cristina dos Santos Monteiro","Natália Rejane Salim","PSPE"
"https://openalex.org/W4405547902","10.17143/rbaad.v24i3.791","INTEGRAÇÃO DAS TECNOLOGIAS DIGITAIS NA EDUCAÇÃO","2024","Revista Brasileira de Aprendizagem Aberta e a Distância","https://openalex.org/S4210231713","1806-1362","https://doi.org/10.17143/rbaad.v24i3.791","aberto","Daniel Mill; Juliano Martoni","Daniel Ribeiro Silva Mill","ECS"
"https://openalex.org/W4403318443","10.1590/1981-7746-ojs2837","Interpretações das dimensões educacionais das Jornadas de 2013: debates, sentidos e legados","2024","Trabalho Educação e Saúde","https://openalex.org/S2738869887","1678-1007","https://doi.org/10.1590/1981-7746-ojs2837","aberto","Luís Antônio Groppo; Emanoely Ladeira Sigiani; Nikole Pereira Mendonça de Almeida; Lucas Costa Vieira","Luís Antonio Groppo","HFSE"
"https://openalex.org/W4393071068","10.14295/reis.v6i2.15566","Interpretações dos sentidos de Junho","2024","Revista Eletrônica Interações Sociais","https://openalex.org/S4387285540","2594-7664","https://doi.org/10.14295/reis.v6i2.15566","aberto","Luís Antônio Groppo; Gislene Da Silva; Guilherme Abraão Silva; Josefa Alexandrina da Silva; Luiz Carlos Felizardo Júnior; Nikole Pereira Mendonça de Almeida; Sandro Amadeu Cerveira; Vitória Neres Soares","Luís Antonio Groppo","HFSE"
"https://openalex.org/W4402926339","10.36311/1981-1640.2024.v18.e024031","Interseccionalidade na Análise da Produção Científica de Pesquisadoras Negras Durante a Pandemia","2024","Brazilian Journal of Information Science research trends","https://openalex.org/S2764412274","1981-1640","https://doi.org/10.36311/1981-1640.2024.v18.e024031","aberto","María Cristina Piumbato Innocentini Hayashi; Camila Carneiro Dias Rigolin","Maria Cristina Piumbato Innocentini Hayashi","HFSE"
"https://openalex.org/W4400180526","10.55028/pdres.v11i27.19658","Itinerários de pesquisas sobre Educação Matemática e meio ambiente (2013-2023)","2024","Perspectivas em Diálogo revista de educação e sociedade","https://openalex.org/S2737922099","2358-1840","https://doi.org/10.55028/pdres.v11i27.19658","aberto","Lorena Nobres de Oliveira; Fernando Schlindwein Santino; Klinger Teodoro Ciríaco","Klinger Teodoro Ciríaco","FPOAE"
"https://openalex.org/W4401554652","10.22483/2177-5796.2024v26id5211","Jogando o jogo","2024","Quaestio revista de estudos em educação","https://openalex.org/S4210195366","1518-2886","https://doi.org/10.22483/2177-5796.2024v26id5211","aberto","Adelino Francklin; Maria Cristina da Silveira Galan Fernandes","Maria Cristina da Silveira Galan Fernandes","EPFH"
"https://openalex.org/W4405109108","10.52780/res.v29iesp1.19387","Juventude e adesão à democracia no sul de Minas Gerais","2024","Estudos de Sociologia","https://openalex.org/S2737994169","1414-0144","https://doi.org/10.52780/res.v29iesp1.19387","aberto","Marcelo Rodrigues Conceição; Luís Antônio Groppo; Odair Sass","Luís Antonio Groppo","HFSE"
"https://openalex.org/W4393265189","10.3917/rief.052.0015","La lutte contre le racisme comme éthique de l’existence","2024","La revue internationale de l éducation familiale","https://openalex.org/S4210177521","1279-7766","https://doi.org/10.3917/rief.052.0015","aberto","Tatiane Cristina Rodrigues; Ana Cristina Juvenal da Cruz; Anete Abramowicz","Ana Cristina Juvenal da Cruz","RED"
"https://openalex.org/W4402517146","10.1590/s1413-24782024290083","La Verneda-Sant Martí Adult School: dream and science in education","2024","Revista Brasileira de Educação","https://openalex.org/S2736711335","1413-2478","https://doi.org/10.1590/s1413-24782024290083","aberto","Cristiane Fontes de Oliveira; Roseli Rodrigues de Mello; Adriana Fernandes Coimbra Marigo; Francisca de Lima Constantino; Fabiana Marini Braga","Fabiana Marini Braga; Roseli Rodrigues de Mello; Adriana Fernandes Coimbra Marigo","EETPC; FPOAE"
"https://openalex.org/W4402666630","10.55905/revconv.17n.9-250","Laicidade brasileira e a educação na Primeira República","2024","Contribuciones a las Ciencias Sociales","https://openalex.org/S4210199530","1988-7833","https://doi.org/10.55905/revconv.17n.9-250","aberto","Maria José Lobato Rodrigues; Marisa Bittar; Iran de Maria Leitão Nunes","Marisa Bittar","HFSE"
"https://openalex.org/W4402052901","10.36704/eef.v27i52.7177","Letramento digital na Educação Infantil:","2024","Educação em Foco","https://openalex.org/S2737392348","1519-3322","https://doi.org/10.36704/eef.v27i52.7177","aberto","Nayara Affonso Souza; María Iolanda Monteiro","Maria Iolanda Monteiro","ECS"
"https://openalex.org/W4405372800","10.1590/2526-8910.ctoar394138202","Life project and occupational therapy: some assumptions and a mapping for meetings","2024","Cadernos Brasileiros de Terapia Ocupacional ","https://openalex.org/S4210189390","0104-4931","https://doi.org/10.1590/2526-8910.ctoar394138202","aberto","Stéphany Conceição Correia Alves Guedes Reis; Roseli Esquerdo Lopes","Roseli Esquerdo Lopes","HFSE"
"https://openalex.org/W4403261326","10.34119/bjhrv7n5-352","Lipossarcoma do espaço de Retzius: relato de caso","2024","Brazilian Journal of Health Review","https://openalex.org/S4210177346","2595-6825","https://doi.org/10.34119/bjhrv7n5-352","aberto","Lara Basílio Medeiros Veras; Francisco Vitor Pereira de Sousa; Thiago Soares Godim Medeiros; Lucas Nery dos Santos; Lauro Lourival Lopes Filho; Luiz Bezerra Neto; Thadeu do Lago Barrata Monteiro; José Arimatéa dos Santos; Laís Moreira de Galiza; João Luiz Vieira Ribeiro; Isânio Vasconcelos Mesquita","Luiz Bezerra Neto","EPFH"
"https://openalex.org/W4401614770","10.21527/2179-1309.2024.121.14438","Marcas da matemática escolar: A experiência narrada por estudantes de pedagogia em um contexto formativo","2024","Revista Contexto & Educação","https://openalex.org/S4306526392","0102-8758","https://doi.org/10.21527/2179-1309.2024.121.14438","aberto","Klinger Teodoro Ciríaco; Danielle Abreu Silva; Fernando Schlindwein Santino","Klinger Teodoro Ciríaco","FPOAE"
"https://openalex.org/W4405177479","10.14244/reveduc.v18i1.6921","MEMO - Multicentro Educacional Modena Sergio Neri: uma entrevista com Franca Amadei","2024","Revista Eletrônica de Educação","https://openalex.org/S2736679368","1982-7199","https://doi.org/10.14244/reveduc.v18i1.6921","aberto","Aline Sommerhalder; Fernando Donizete Alves","Aline Sommerhalder; Fernando Donizete Alves","EETPC"
"https://openalex.org/W4405911461","10.62246/histemat.2447-6447.2024.10.685","Memórias de um Dinossauro da Educação Matemática: A Voz de Carlos Vianna e sua Atuação no Pacto Nacional Pela Alfabetização Na Idade Certa","2024","Revista de História da Educação Matemática","https://openalex.org/S4394906763","2447-6447","https://doi.org/10.62246/histemat.2447-6447.2024.10.685","aberto","Lívia de Oliveira Vasconcelos; Cármen Lúcia Brancaglion Passos","Carmen Lucia Brancaglion Passos","ECM"
"https://openalex.org/W4404634411","10.22478/ufpb.1517-5901.2023v1n59.65421","MERCADO DE TRABALHO BRASILEIRO EM CRISE","2024","REVISTA DE CIÊNCIAS SOCIAIS - POLÍTICA & TRABALHO","https://openalex.org/S4306526601","0104-8015","https://doi.org/10.22478/ufpb.1517-5901.2023v1n59.65421","aberto","Diego Torres de Matos Orteiro; Eduardo Rezende Pereira; Joelson Gonçalves de Carvalho","Joelson Gonçalves de Carvalho","EPFH"
"https://openalex.org/W4398159739","10.18222/eae.v35.10631","Meta-avaliação de aspectos emancipatórios: Uma proposta teórico-metodológica","2024","Estudos em Avaliação Educacional","https://openalex.org/S4210176890","0103-6831","https://doi.org/10.18222/eae.v35.10631","aberto","Ivan dos Santos Oliveira; José Carlos Rothen","Jose Carlos Rothen","EPFH"
"https://openalex.org/W4406750122","10.18617/liinc.v20i1.7036","Métricas igualitárias na ciência","2024","Liinc em Revista","https://openalex.org/S2736391685","1808-3536","https://doi.org/10.18617/liinc.v20i1.7036","aberto","María Cristina Piumbato Innocentini Hayashi; Camila Carneiro Dias Rigolin","Maria Cristina Piumbato Innocentini Hayashi","HFSE"
"https://openalex.org/W4404522210","10.21577/0100-4042.20250073","MICROSCÓPIO USB DE BAIXO CUSTO NO LABORATÓRIO DIDÁTICO DE ELETROQUÍMICA: DOIS EXPERIMENTOS CLÁSSICOS SOB UM NOVO (MICRO) OLHAR","2024","Química Nova","https://openalex.org/S5191015","0100-4042","https://doi.org/10.21577/0100-4042.20250073","aberto","Aline Samara Lima de Jesus; Emerson Costa Rios; Ana Cláudia Kasseboehmer; Ettore Paredes Antunes","Ettore Paredes Antunes","ECM"
"https://openalex.org/W4406242752","10.5007/1981-1322.2024.e96635","Modelagem Matemática na perspectiva CTS: a questão da democracia","2024","Revista Eletrônica de Educação Matemática","https://openalex.org/S4210233558","1981-1322","https://doi.org/10.5007/1981-1322.2024.e96635","aberto","Guilherme Wagner; Everaldo Silveira; Ademir Donizeti Caldeira","Ademir Donizeti Caldeira","ECM"
"https://openalex.org/W4391593640","10.47197/retos.v53.101104","Modelo de predicción multivariado entre los factores psicológicos y los estilos de vida con la percepción de calidad de vida de estudiantes universitarios (Multivariate prediction model between psychological factors and lifestyles with the perception of quality of life of university students)","2024","Retos","https://openalex.org/S2738013834","1579-1726","https://doi.org/10.47197/retos.v53.101104","aberto","Marlucio De Souza Martins; Melba Ximena Figueroa-Ángel; Sergio Toro Arévalo; Luiz Gonçalves","Luiz Gonçalves Junior","PSPE"
"https://openalex.org/W4403304196","10.14393/obv8.e2024-31","Movimento lógico-histórico dos conceitos: formação de professores, ensino e pesquisas","2024","Obutchénie Revista de Didática e Psicologia Pedagógica","https://openalex.org/S4210189389","2526-7647","https://doi.org/10.14393/obv8.e2024-31","aberto","Marisa da Silva Dias; Maria Lúcia Panossian; Maria do Carmo de Sousa","Maria do Carmo de Sousa","ECM"
"https://openalex.org/W4401442453","10.14393/obv8.e2024-15","Movimento lógico-histórico: da forma de pensamento às pesquisas na área da Educação Matemática","2024","Obutchénie Revista de Didática e Psicologia Pedagógica","https://openalex.org/S4210189389","2526-7647","https://doi.org/10.14393/obv8.e2024-15","aberto","Maria do Carmo de Sousa; Wania Tedeschi","Maria do Carmo de Sousa","ECM"
"https://openalex.org/W4403966934","10.14393/che-v23-e2024-46","Mulheres e educação na Liga Brasileira de Higiene Mental e nos Arquivos Brasileiros de Higiene Mental (1925-1947)","2024","Cadernos de História da Educação","https://openalex.org/S2737128648","1807-3859","https://doi.org/10.14393/che-v23-e2024-46","aberto","Mariana Carraro; María Cristina Piumbato Innocentini Hayashi","Maria Cristina Piumbato Innocentini Hayashi","HFSE"
"https://openalex.org/W4405172001","10.14244/reveduc.v18i1.6938","Narrativas de crianças em classe hospitalar: jogar, interagir e estudar","2024","Revista Eletrônica de Educação","https://openalex.org/S2736679368","1982-7199","https://doi.org/10.14244/reveduc.v18i1.6938","aberto","Ana Maria Lino; Aline Sommerhalder; Andressa de Oliveira Martins","Aline Sommerhalder","EETPC"
"https://openalex.org/W4396952045","10.47328/rpv.v13i2.16485","O “novo” Ensino Médio sob a lógica do mercado","2024","REVISTA PONTO DE VISTA","https://openalex.org/S4210213843","1807-7307","https://doi.org/10.47328/rpv.v13i2.16485","aberto","Everton Henrique Eleutério Fargoni; João dos Reis Silva Júnior; William Augusto Vicente; Mayna Zacarias","Joao dos Reis Silva Junior","EPFH"
"https://openalex.org/W4413318501","10.24109/2176-6681.rbep.105.6031","O caráter correcional da política socioeducativa no Brasil: uma análise crítica","2024","Revista Brasileira de Estudos Pedagógicos","https://openalex.org/S2737504546","0034-7183","https://doi.org/10.24109/2176-6681.rbep.105.6031","aberto","Priscila Carla Cardoso; Débora Cristina Fonseca","Débora Cristina Fonseca; Priscila Carla Cardoso","EPFH"
"https://openalex.org/W4405177436","10.14244/reveduc.v18i1.6922","O conhecimento docente sobre a criança-sujeito: um estudo com professores de Educação Física da infância","2024","Revista Eletrônica de Educação","https://openalex.org/S2736679368","1982-7199","https://doi.org/10.14244/reveduc.v18i1.6922","aberto","Luana Zanotto; Fernando Donizete Alves; Carlos Januário","Fernando Donizete Alves","EETPC"
"https://openalex.org/W4396904369","10.5902/1984644484578","O Ensino por Competências e as Metodologias Ativas: implicações na Prática Pedagógica Docente","2024","Educação (UFSM)","https://openalex.org/S2738869710","0101-9031","https://doi.org/10.5902/1984644484578","aberto","Deise Becker Kirsch; Braian Veloso; Daniel Mill","Braian Garrito Veloso; Daniel Ribeiro Silva Mill","ECS"
"https://openalex.org/W4401212974","10.5007/2175-795x.2024.e93329","O Ensino Superior como espaço de rompimento “dos silêncios dos lares e escolares”: o processo de construção de identidade e pertencimento de estudantes pardos","2024","Perspectiva","https://openalex.org/S2737309421","0102-5473","https://doi.org/10.5007/2175-795x.2024.e93329","aberto","Tatiane Martins Moacir de Almeida; Tatiane Cosentino Rodrigues","Tatiane Cosentino Rodrigues","RED"
"https://openalex.org/W4407339130","10.11606/issn.2176-8099.pcso.2024.230238","O Junho dos interiores: dinâmicas do protesto e experiências políticas de ativistas e militantes no interior dos estados nas Jornadas de 2013","2024","Plural","https://openalex.org/S4210230929","0104-6721","https://doi.org/10.11606/issn.2176-8099.pcso.2024.230238","aberto","Luís Antônio Groppo; Flávia Alves de Sousa; Gislene Silva","Luís Antonio Groppo","HFSE"
"https://openalex.org/W4402790739","10.25059/2527-2594/retratosdeassentamentos/2024.v27i1.578","O latifúndio como forma e a exclusão como regra: obstáculos à reforma agrária no Brasil a partir do caso do acampamento Quilombo Campo Grande","2024","Retratos de Assentamentos","https://openalex.org/S4210210437","1516-8182","https://doi.org/10.25059/2527-2594/retratosdeassentamentos/2024.v27i1.578","aberto","Jadir Eduardo Corrêa; Osvaldo Aly; Joelson Gonçalves de Carvalho","Joelson Gonçalves de Carvalho","EPFH"
"https://openalex.org/W4403305294","10.14393/obv8.e2024-32","O movimento lógico-histórico do conceito de pensamento computacional","2024","Obutchénie Revista de Didática e Psicologia Pedagógica","https://openalex.org/S4210189389","2526-7647","https://doi.org/10.14393/obv8.e2024-32","aberto","Eloísa Rosotti Navarro; Maria do Carmo de Sousa; Emerson Rolkouski","Maria do Carmo de Sousa","ECM"
"https://openalex.org/W4404320190","10.54033/cadpedv21n12-103","O princípio de acumulação do capital e a regulamentação da educação a distância no Brasil: uma análise a partir do materialismo histórico","2024","Caderno Pedagógico","https://openalex.org/S4210173331","1516-6600","https://doi.org/10.54033/cadpedv21n12-103","aberto","André Christian Dalpicolo; Daniel Mill","Daniel Ribeiro Silva Mill","ECS"
"https://openalex.org/W4403088570","10.29286/rep.v33ijan/dez.16185","O PROCESSO DE INSTITUCIONALIZAÇÃO DA EDUCAÇÃO A DISTÂNCIA PÚBLICA: ANÁLISE DOS PROCESSOS NO BRASIL E EM PORTUGAL","2024","Revista de Educação Pública","https://openalex.org/S4210186873","0104-5962","https://doi.org/10.29286/rep.v33ijan/dez.16185","aberto","Braian Veloso; José António Moreira; Daniel Mill","Braian Garrito Veloso; Daniel Ribeiro Silva Mill","ECS"
"https://openalex.org/W4392404094","10.1590/1413-81232024293.04232023","O racismo institucional na universidade e consequências na vida de estudantes negros: um estudo misto","2024","Ciência & Saúde Coletiva","https://openalex.org/S53297675","1413-8123","https://doi.org/10.1590/1413-81232024293.04232023","aberto","Nathalia Ester Martins Guerra; Natália Sevilha Stofel; Flávio Adriano Borges; Willian Fernandes Luna; Natália Rejane Salim; Barbara Stefani Morais Sá; Juliana Cristina dos Santos Monteiro","Natália Rejane Salim","PSPE"
"https://openalex.org/W4406332536","10.1590/2236-3459/137886","O segundo grupo escolar de Campinas/SP e sua abrangência social: análise do perfil de atendimento (1912-1920)","2024","História da Educação","https://openalex.org/S2739149530","1414-3518","https://doi.org/10.1590/2236-3459/137886","aberto","Géssica Priscila Ramos","Gessica Priscila Ramos","EPFH"
"https://openalex.org/W4404245607","10.1590/1980-6248-2023-0062en","O trote como crise sacrificial na universidade: a violência fora de controle","2024","Pro-Posições","https://openalex.org/S4210208850","0103-7307","https://doi.org/10.1590/1980-6248-2023-0062en","aberto","Antônio Ribeiro de Almeida; Antônio Álvaro Soares Zuin","Antonio Alvaro Soares Zuin","ECS"
"https://openalex.org/W4404245608","10.1590/1980-6248-2023-0062br","O trote como crise sacrificial na universidade: a violência fora de controle","2024","Pro-Posições","https://openalex.org/S4210208850","0103-7307","https://doi.org/10.1590/1980-6248-2023-0062br","aberto","Antônio Ribeiro de Almeida; Antônio Álvaro Soares Zuin","Antonio Alvaro Soares Zuin","ECS"
"https://openalex.org/W4405095708","10.1590/2526-8910.ctoao392437982","Occupational therapy in Basic Education in Brazil: a panoramic overview and some of its voices","2024","Cadernos Brasileiros de Terapia Ocupacional ","https://openalex.org/S4210189390","0104-4931","https://doi.org/10.1590/2526-8910.ctoao392437982","aberto","Joana Rostirolla Batista de Souza; ́Patrícia Leme de Oliveira Borba; Roseli Esquerdo Lopes","Roseli Esquerdo Lopes","HFSE"
"https://openalex.org/W4400585046","10.26843/ae.v17iesp.2.1323","Ocupar e resistir","2024","Revista mbienteeducação","https://openalex.org/S4210232383","1982-8632","https://doi.org/10.26843/ae.v17iesp.2.1323","aberto","Sandra Aparecida Riscal; Ana Maria Stabelini","Sandra Aparecida Riscal","ECS"
"https://openalex.org/W4392285274","10.22481/praxisedu.v20i51.12214","Os celulares,os professores e os alunos:desafios para a elaboração de um novo contrato pedagógico","2024","Práxis Educacional","https://openalex.org/S4210197447","1809-0249","https://doi.org/10.22481/praxisedu.v20i51.12214","aberto","Antônio Álvaro Soares Zuin; D. A. P. Ferreira","Antonio Alvaro Soares Zuin","ECS"
"https://openalex.org/W4401831458","10.29181/2594-6463-2024-v8-n2-p214-226","Os Condenados da Terra: o colonialismo de ontem e a colonialidade de hoje, revisitando Fanon","2024","MOTRICIDADES Revista da Sociedade de Pesquisa Qualitativa em Motricidade Humana","https://openalex.org/S4210194316","2594-6463","https://doi.org/10.29181/2594-6463-2024-v8-n2-p214-226","aberto","Miriã Martins de Brito; Luiz Gonçalves","Luiz Gonçalves Junior","PSPE"
"https://openalex.org/W4405944114","10.20888/ridphe_r.v10i00.18674","Os livros de matrícula do Segundo Grupo Escolar de Campinas (1912-1920): fontes de pesquisa à história da educação","2024","RIDPHE_R Revista Iberoamericana do Patrimônio Histórico-Educativo","https://openalex.org/S4210184499","2447-746X","https://doi.org/10.20888/ridphe_r.v10i00.18674","aberto","Géssica Priscila Ramos","Gessica Priscila Ramos","EPFH"
"https://openalex.org/W4400605786","10.54033/cadpedv21n7-111","Paths to internalizing technologies aimed at socio-environmental sustainability and women empowerment in coffee production: case study of “Fair Trade” certification","2024","Caderno Pedagógico","https://openalex.org/S4210173331","1516-6600","https://doi.org/10.54033/cadpedv21n7-111","aberto","Luís Fernando Soares Zuin; Bianca Mayara Mendes; Poliana Bruno Zuin; Fernando de Lima Caneppele; Murilo Mesquita Baesso; Juliana do Carmo Jesus Pio","Poliana Bruno Zuin","HFSE"
"https://openalex.org/W4399723671","10.22296/2317-1529.rbeur.202418en","Peasantry and neoextractivism in São Paulo: dynamics and conflicts of the sugar-energy industry in the region of Ribeirão Preto","2024","Revista Brasileira de Estudos Urbanos e Regionais","https://openalex.org/S4210177039","1517-4115","https://doi.org/10.22296/2317-1529.rbeur.202418en","aberto","Victor Marchesin Corrêa; Joelson Gonçalves de Carvalho","Joelson Gonçalves de Carvalho","EPFH"
"https://openalex.org/W4403568233","10.1016/j.htct.2024.09.1375","PERFIL DAS REAÇÕES TRANSFUSIONAIS EM HOSPITAL DE ALTA COMPLEXIDADE","2024","Hematology Transfusion and Cell Therapy","https://openalex.org/S2898598332","2531-1379","https://doi.org/10.1016/j.htct.2024.09.1375","aberto","André Luis Silveira; C. F. Freitas; DEL Brum; JRT Junior; Roseli Rodrigues de Mello; Santinho Ferreira de Souza","Roseli Rodrigues de Mello","EETPC"
"https://openalex.org/W4403058186","10.7867/1809-03542022e11847","PLANO NACIONAL DE LEITURA (PNL) DE PORTUGAL","2024","Atos de Pesquisa em Educação","https://openalex.org/S4210225567","1809-0354","https://doi.org/10.7867/1809-03542022e11847","aberto","María Iolanda Monteiro","Maria Iolanda Monteiro","ECS"
"https://openalex.org/W4405176666","10.14244/reveduc.v18i1.5924","Política Pública do PNAIC e a formação continuada: percepções de professoras alfabetizadoras","2024","Revista Eletrônica de Educação","https://openalex.org/S2736679368","1982-7199","https://doi.org/10.14244/reveduc.v18i1.5924","aberto","Josi Carolina da Silva Leme; María Iolanda Monteiro","Maria Iolanda Monteiro","ECS"
"https://openalex.org/W4405177024","10.14244/198271996456","Políticas de indução profissional docente: análises de programas realizados pela UFSCar, os mentores e sua formação","2024","Revista Eletrônica de Educação","https://openalex.org/S2736679368","1982-7199","https://doi.org/10.14244/198271996456","aberto","Aline Maria de Medeiros Rodrigues Reali; Ana Paula Gestoso de Souza; Rosa Maria Moraes Anunciato","Aline Maria de Medeiros Rodrigues Reali; Ana Paula Gestoso de Souza; Rosa Maria Moraes Anunciato","FPOAE"
"https://openalex.org/W4405104440","10.18616/ce.v13i3.8473","Por uma pedagogia das margens: pensando as práticas pedagógicas da educação escolar indígena e da educação do campo","2024","Criar Educação","https://openalex.org/S4210231752","2317-2452","https://doi.org/10.18616/ce.v13i3.8473","aberto","Beatriz Nogueira Marques de Vasconcelos; Marcineia Vieira de Almeida Santos Tupinambá; Luana Costa Almeida","Luana Costa Almeida","EETPC"
"https://openalex.org/W4391747277","10.1590/s1678-4634202450268648","Por uma pedagogia do arquivo: produção e disseminação do conhecimento na cultura digital","2024","Educação e Pesquisa","https://openalex.org/S2736467988","1517-9702","https://doi.org/10.1590/s1678-4634202450268648","aberto","Antônio Álvaro Soares Zuin","Antonio Alvaro Soares Zuin","ECS"
"https://openalex.org/W4402158817","10.11606/issn.2525-376x.v6i1p61-68","Pré-Cálculo: Um Curso Preparatório Para Ingressantes da ESALQ/USP","2024","Revista de Graduação USP","https://openalex.org/S4210204698","2525-376X","https://doi.org/10.11606/issn.2525-376x.v6i1p61-68","aberto","Carolina Rodrigues de Souza; Jéssica Carolina Zilio; Allison Queiroz de Oliveira; Taciana Villela Savian; Marcelo Andrade da Silva","Carolina Rodrigues de Souza","ECM"
"https://openalex.org/W4396706430","10.29181/2594-6463-2024-v8-n1-p29-41","Processos educativos da convivência em um grupo terapêutico de um Centro de Atenção Psicossocial","2024","MOTRICIDADES Revista da Sociedade de Pesquisa Qualitativa em Motricidade Humana","https://openalex.org/S4210194316","2594-6463","https://doi.org/10.29181/2594-6463-2024-v8-n1-p29-41","aberto","C Portella; Osmar Moreira de Souza","Osmar Moreira de Souza Junior","PSPE"
"https://openalex.org/W4394954035","10.4025/actascieduc.v46i1.59641","Processos formativos de professores de educação física: reflexões com base nas histórias de vida","2024","Acta Scientiarum Education","https://openalex.org/S2738354532","2178-5198","https://doi.org/10.4025/actascieduc.v46i1.59641","aberto","Cátia Silvana da Costa; María Iolanda Monteiro","Maria Iolanda Monteiro","ECS"
"https://openalex.org/W4401833254","10.29181/2594-6463-2024-v8-n2-p178-187","Produção acadêmico-científica sobre a temática africana e afro-brasileira na educação física escolar","2024","MOTRICIDADES Revista da Sociedade de Pesquisa Qualitativa em Motricidade Humana","https://openalex.org/S4210194316","2594-6463","https://doi.org/10.29181/2594-6463-2024-v8-n2-p178-187","aberto","Samuel Feliciano Pereira; Denise Aparecida Corrêa","Denise Aparecida Correa","PSPE"
"https://openalex.org/W4405262130","10.1590/1980531410855_en","PRODUCTION ON INDIGENOUS SCHOOL EDUCATION IN THESES AND DISSERTATIONS IN BRAZIL","2024","Cadernos de Pesquisa","https://openalex.org/S4210172135","0100-1574","https://doi.org/10.1590/1980531410855_en","aberto","Marcineia Vieira de Almeida Santos Tupinambá; Luana Costa Almeida","Luana Costa Almeida","EETPC"
"https://openalex.org/W4399761470","10.18316/recc.v28i3.10900","PROFESSORAS DO CICLO DA ALFABETIZAÇÃO E SEUS CONHECIMENTOS ACERCA DE MATERIAIS MANIPULÁVEIS EM GEOMETRIA","2024","Educação Ciência e Cultura","https://openalex.org/S4210200325","1413-7321","https://doi.org/10.18316/recc.v28i3.10900","aberto","Klinger Teodoro Ciríaco; Fabiane Pittas Síveris","Klinger Teodoro Ciríaco","FPOAE"
"https://openalex.org/W4405176594","10.14244/198271995270","Programa Creche Escola e sua concepção de educação infantil: a secundarização do direito da criança","2024","Revista Eletrônica de Educação","https://openalex.org/S2736679368","1982-7199","https://doi.org/10.14244/198271995270","aberto","Nayane Moreno Perea; Géssica Priscila Ramos","Gessica Priscila Ramos","EPFH"
"https://openalex.org/W4393377045","10.22347/2175-2753v16i50.4218","Programa Ler e Escrever: a avaliação dos professores sobre suas implicações para a prática docente","2024","Revista Meta Avaliação","https://openalex.org/S4210200448","2175-2753","https://doi.org/10.22347/2175-2753v16i50.4218","aberto","Letícia Laís da Silva; Géssica Priscila Ramos","Gessica Priscila Ramos","EPFH"
"https://openalex.org/W4393265157","10.3917/rief.052.0023","Projet familial et condition noire dans le système d’éducation supérieur brésilien. Les jeunes étudiants du programme Abdias Nascimento","2024","La revue internationale de l éducation familiale","https://openalex.org/S4210177521","1279-7766","https://doi.org/10.3917/rief.052.0023","aberto","Tatiane Cristina Rodrigues; Ana Cristina Juvenal da Cruz; Anete Abramowicz","Ana Cristina Juvenal da Cruz","RED"
"https://openalex.org/W4405176559","10.14244/198271996535","Projeto de vida e juventude: uma reflexão a partir da noção de vocação e destino","2024","Revista Eletrônica de Educação","https://openalex.org/S2736679368","1982-7199","https://doi.org/10.14244/198271996535","aberto","Antonio Marcos Francisco; Roseli Esquerdo Lopes","Roseli Esquerdo Lopes","HFSE"
"https://openalex.org/W4405373385","10.1590/2526-8910.ctoar394138201","Projeto de vida e terapia ocupacional: alguns pressupostos e um mapeamento para encontros","2024","Cadernos Brasileiros de Terapia Ocupacional ","https://openalex.org/S4210189390","0104-4931","https://doi.org/10.1590/2526-8910.ctoar394138201","aberto","Stéphany Conceição Correia Alves Guedes Reis; Roseli Esquerdo Lopes","Roseli Esquerdo Lopes","HFSE"
"https://openalex.org/W4404925802","10.1590/es.284729","QUALIDADE NA EAD NA PERSPECTIVA ECOSSISTÊMICA","2024","Educação & Sociedade","https://openalex.org/S2737687728","0101-7330","https://doi.org/10.1590/es.284729","aberto","Marcello Ferreira; Wilsa María Ramos; Braian Veloso","Braian Garrito Veloso","ECS"
"https://openalex.org/W4402404452","10.5007/2175-795x.2024.e96757","Racionalidade, educação e sofrimento psíquico: a pandemia da covid-19 como marco temporal","2024","Perspectiva","https://openalex.org/S2737309421","0102-5473","https://doi.org/10.5007/2175-795x.2024.e96757","aberto","Helga Caroline Peres; Luíz Antônio Calmon Nabuco Lastória; Luiz Roberto Gomes; Antônio Álvaro Soares Zuin","Antonio Alvaro Soares Zuin; Luiz Roberto Gomes","ECS"
"https://openalex.org/W4396770216","10.22481/odeere.v9i1.14666","Racismo ambiental: uma proposta de sequência de atividades a partir de uma perspectiva CTS","2024","ODEERE","https://openalex.org/S4210213076","2525-4715","https://doi.org/10.22481/odeere.v9i1.14666","aberto","Christiana Andréa Vianna Prudêncio; Mariana Dos Santos","Mariana dos Santos","ECM"
"https://openalex.org/W4408326367","10.47247/2316.4484/12.1.11","REAPROPRIAÇÃO DO PROTAGONISMO DOCENTE NA CULTURA DIGITAL: MATRIZ TEÓRICA PARA UMA DIDÁTICA CRÍTICA","2024","Revista Multitexto","https://openalex.org/S2737405616","2316-4484","https://doi.org/10.47247/2316.4484/12.1.11","aberto","Braian Veloso; Claudinei Zagui Pareschi; Achilles Alves de Oliveira","Braian Garrito Veloso","ECS"
"https://openalex.org/W4396782690","10.20396/td.v20i00.8675100","Reflexão sobre duas décadas do grupo de pesquisa colaborativa na formação de professores de Geociências","2024","Terrae Didatica","https://openalex.org/S4210205662","1679-2300","https://doi.org/10.20396/td.v20i00.8675100","aberto","Pedro Wágner Gonçalves; Natalina Aparecida Laguna Sicca; Alessandra Rodrigues; Ana Rosa Jorge de Souza; Bruna Isabella de Figueiredo; Hermom Reis Silva; Marcelo Luis de Brino; Maria Bernadete de Siqueira Canesin; Maria Cristina da Silveira Galan Fernandes; Maria José dos Santos; Maurílio Antônio Ribeiro Alves; Mirian Moneda Alberto de La Corte; Reino Luiz de Figueiredo","Maria Cristina da Silveira Galan Fernandes","EPFH"
"https://openalex.org/W4401854975","10.34119/bjhrv8n4-331","Relato de caso: tumor neuroendocrino no íleo terminal","2024","Brazilian Journal of Health Review","https://openalex.org/S4210177346","2595-6825","https://doi.org/10.34119/bjhrv8n4-331","aberto","Lara Basílio Medeiros Veras; Raianne Maria Mendes Carneiro; Amanda Nascimento Teixeira; Luiz Bezerra Neto; Thadeu do Lago Baratta Monteiro; Laís Moreira de Galiza; Isânio Vasconcelos Mesquita; João Luiz Vieira Ribeiro; Anderson Martins Dantas; Lauro Lourival Lopes Filho","Luiz Bezerra Neto","EPFH"
"https://openalex.org/W4405177204","10.14244/reveduc.v18i1.6924","Remida e as escolas de Reggio Emilia: por uma reciclagem criativa de materiais de descarte - entrevista com Eloisa Di Rocco","2024","Revista Eletrônica de Educação","https://openalex.org/S2736679368","1982-7199","https://doi.org/10.14244/reveduc.v18i1.6924","aberto","Fernando Donizete Alves; Aline Sommerhalder","Aline Sommerhalder; Fernando Donizete Alves","EETPC"
"https://openalex.org/W4400884930","10.69906/gepem.2176-2988.2024.972","Revisitando a disciplina História da Matemática: justiça social aos conhecimentos matemáticos de povos não eurocêntricos","2024","Boletim GEPEM","https://openalex.org/S4210184809","0104-9739","https://doi.org/10.69906/gepem.2176-2988.2024.972","aberto","Maria do Carmo de Sousa","Maria do Carmo de Sousa","ECM"
"https://openalex.org/W4394715452","10.51283/rc.28.e17194","SENSIBILIDADE À IGUALDADE DE GÊNERO NO FUTEBOL","2024","Corpoconsciência","https://openalex.org/S4210209222","1517-6096","https://doi.org/10.51283/rc.28.e17194","aberto","Cauê dos Santos Agostini; Daniela Godoi; Luiz Gustavo Bonatto Rufino; Osmar Moreira de Souza","Osmar Moreira de Souza Junior","PSPE"
"https://openalex.org/W4403525474","10.55905/revconv.17n.10-261","Sinase e sistema educacional: implicações no atendimento socioeducativo","2024","Contribuciones a las Ciencias Sociales","https://openalex.org/S4210199530","1988-7833","https://doi.org/10.55905/revconv.17n.10-261","aberto","Priscila Carla Cardoso; Débora Cristina Fonseca","Débora Cristina Fonseca; Priscila Carla Cardoso","EPFH"
"https://openalex.org/W4392248150","10.14393/rep-2023-68850","Sobre todas as flores","2024","Revista de Educação Popular","https://openalex.org/S2737653690","1678-5622","https://doi.org/10.14393/rep-2023-68850","aberto","Giovanna Brunna da Silva Justino; Natália Rejane Salim; Regiane Teixeira Silveira; Josevan de Souza-Silva","Natália Rejane Salim","PSPE"
"https://openalex.org/W4403529740","10.24857/rgsa.v18n10-264","Strengthening the Human Rights Guarantee System in the Management of Migrant Policies in Brazil","2024","Revista de Gestão Social e Ambiental","https://openalex.org/S2738549720","1981-982X","https://doi.org/10.24857/rgsa.v18n10-264","aberto","Priscila Carla Cardoso; Fábio Caires Correia","Priscila Carla Cardoso","EPFH"
"https://openalex.org/W4402738101","10.5007/2175-795x.2024.e97399","Teletrabalho docente na cultura digital: reflexões sobre as fronteiras entre a vida profissional e privada","2024","Perspectiva","https://openalex.org/S2737309421","0102-5473","https://doi.org/10.5007/2175-795x.2024.e97399","aberto","Ricardo Nascimento de Oliveira; Daniel Mill","Daniel Ribeiro Silva Mill","ECS"
"https://openalex.org/W4402298180","10.22481/odeere.v9i2.14180","Tenda dos Milagres: uma análise discursiva do romance de Jorge Amado","2024","ODEERE","https://openalex.org/S4210213076","2525-4715","https://doi.org/10.22481/odeere.v9i2.14180","aberto","Mariângela Castejon; Nilson Fernandes Dinis; Welson Barbosa Santos","Nilson Fernandes Dinis","ECS"
"https://openalex.org/W1566108451","10.11600/1692715x.1321300514","Teorias pós-críticas da juventude: juvenilização, tribalismo e socialização ativa","2024","Revista Latinoamericana de Ciencias Sociales Niñez y Juventud","https://openalex.org/S2738484073","1692-715X","https://doi.org/10.11600/1692715x.1321300514","aberto","Luís Antônio Groppo","Luís Antonio Groppo","HFSE"
"https://openalex.org/W4405095707","10.1590/2526-8910.ctoao392437981","Terapia ocupacional na Educação Básica no Brasil: um retrato panorâmico e algumas de suas vozes","2024","Cadernos Brasileiros de Terapia Ocupacional ","https://openalex.org/S4210189390","0104-4931","https://doi.org/10.1590/2526-8910.ctoao392437981","aberto","Joana Rostirolla Batista de Souza; ́Patrícia Leme de Oliveira Borba; Roseli Esquerdo Lopes","Roseli Esquerdo Lopes","HFSE"
"https://openalex.org/W4406153366","10.54103/2039-9251/27839","Text-to-image technologies. The Aesthetic implications of AI-generated images.","2024","Itinera","https://openalex.org/S4210230131","2039-9251","https://doi.org/10.54103/2039-9251/27839","aberto","Lorenzo Manera","Lorenzo Manera","EETPC"
"https://openalex.org/W4405802731","10.47456/krkr.v1i21.46557","Toadas dos bois-bumbás de Parintins: estratégia para reflexões sobre as queimadas na Amazônia, por meio da educação intercultural e ambiental","2024","Kiri-Kerê - Pesquisa em Ensino","https://openalex.org/S4210198844","2526-2688","https://doi.org/10.47456/krkr.v1i21.46557","aberto","AKM Lima; Ettore Paredes Antunes","Ettore Paredes Antunes","ECM"
"https://openalex.org/W7204273357","10.1590/2526-8910.ctoao400939053","Trabajo y otras actividades en instituciones mentales: una aproximación historiográfica","2024","Cadernos Brasileiros de Terapia Ocupacional ","https://openalex.org/S4210189390","0104-4931","https://doi.org/10.1590/2526-8910.ctoao400939053","aberto","Clara Duarte Cuervo; Roseli Esquerdo Lopes","Roseli Esquerdo Lopes","HFSE"
"https://openalex.org/W4391930424","10.12957/teias.2024.77551","Trajetórias dos professores e educadores sociais caiçaras da cidade de Iguape-SP","2024","Revista TEIAS","https://openalex.org/S4210184226","1518-5370","https://doi.org/10.12957/teias.2024.77551","aberto","Arlindo Lins de Melo Júnior; Luiz Bezerra Neto; Paulo Cesar Franco","Luiz Bezerra Neto","EPFH"
"https://openalex.org/W4400362037","10.1590/0102-4698-52423","TRANSFORMAÇÃO DIGITAL E EDUCAÇÃO HÍBRIDA NA AMÉRICA LATINA: UM OLHAR SOBRE DESAFIOS E ESTRATÉGIAS","2024","Educação em Revista","https://openalex.org/S4210230971","0102-4698","https://doi.org/10.1590/0102-4698-52423","aberto","Daniel Mill","Daniel Ribeiro Silva Mill","ECS"
"https://openalex.org/W4399456396","10.9771/peri.v2i20.53142","Transformações nas ações afirmativas","2024","Revista Periódicus","https://openalex.org/S4210196894","2358-0844","https://doi.org/10.9771/peri.v2i20.53142","aberto","Thiago Loureiro; Natália Rejane Salim; Ângela Lopes de Almeida; Flávio Adriano Borges; Natália Sevilha Stofel","Natália Rejane Salim","PSPE"
"https://openalex.org/W4404230478","10.69849/revistaft/ra10202411111552","TRATAMENTO FARMACOLÓGICO COM SEMAGLUTIDA NA OBESIDADE","2024","Revista fisio&terapia.","https://openalex.org/S4404677285","1678-0817","https://doi.org/10.69849/revistaft/ra10202411111552","aberto","Vitor dos Santos Rodrigues; Fagner Caíque Lustosa Figueiredo e Torres; Luiz Bezerra Neto","Luiz Bezerra Neto","EPFH"
"https://openalex.org/W4401701076","10.1590/1982-57652024v29id27836013","Twenty years of the National Higher Education Assessment System – SINAES in Brazil: trajectory, principles, dilemmas and trends","2024","Avaliação Revista da Avaliação da Educação Superior (Campinas)","https://openalex.org/S4210180283","1414-4077","https://doi.org/10.1590/1982-57652024v29id27836013","aberto","Ivan dos Santos Oliveira; José Carlos Rothen","Jose Carlos Rothen","EPFH"
"https://openalex.org/W4399766332","10.25053/redufor.v9.e12344","Uma análise sobre a percepção de professoras iniciantes acerca da participação em um programa de indução","2024","Educação & Formação","https://openalex.org/S4210186532","2448-3583","https://doi.org/10.25053/redufor.v9.e12344","aberto","Jéssica Francine Ferreira da Silva Alarcon; Brenda Karla Reis de Carvalho; Aline Massako Murakami Tiba; Aline Maria de Medeiros Rodrigues Reali","Aline Maria de Medeiros Rodrigues Reali","FPOAE"
"https://openalex.org/W4403838755","10.1590/2526-8910.ctore288637481","Uma experiência de pesquisa/intervenção da terapia ocupacional social para um cuidado ativo e democrático a jovens estudantes no contexto pós-pandêmico","2024","Cadernos Brasileiros de Terapia Ocupacional ","https://openalex.org/S4210189390","0104-4931","https://doi.org/10.1590/2526-8910.ctore288637481","aberto","Roseli Esquerdo Lopes; Beatriz Prado Pereira; Lívia Celegati Pan; Rafael Garcia Barreiro; Marina Jorge da Silva; Ana Paula Serrata Malfitano; Magno Nunes Farias; Iara Falleiros Braga; Gisele Gonsalez Ito; Stéphany Conceição Correia Alves Guedes Reis; Bruna Carolina Silva dos Reis; Edna Diniz dos Santos; Patrícia Leme de Oliveira Borba","Roseli Esquerdo Lopes","HFSE"
"https://openalex.org/W4400841694","10.1590/1984-0411.90361","Uso da Hermenêutica Objetiva em pesquisas sobre livros didáticos","2024","Educar em Revista","https://openalex.org/S152657728","0104-4060","https://doi.org/10.1590/1984-0411.90361","aberto","Ana Paula dos Santos de Sá; Luiz Roberto Gomes","Luiz Roberto Gomes","ECS"
"https://openalex.org/W4401701070","10.1590/1982-57652024v29id278360","Vinte anos do Sistema Nacional de Avaliação da Educação Superior – SINAES no Brasil: trajetória, princípios, dilemas e tendências","2024","Avaliação Revista da Avaliação da Educação Superior (Campinas)","https://openalex.org/S4210180283","1414-4077","https://doi.org/10.1590/1982-57652024v29id278360","aberto","Ivan dos Santos Oliveira; José Carlos Rothen","Jose Carlos Rothen","EPFH"
"https://openalex.org/W4405177226","10.14244/reveduc.v18i1.6935","Widespread School. New learning landscapes in the Reggio Emilia Educational Experience","2024","Revista Eletrônica de Educação","https://openalex.org/S2736679368","1982-7199","https://doi.org/10.14244/reveduc.v18i1.6935","aberto","Valentina Conte; Lorenzo Manera","Lorenzo Manera","EETPC"
"https://openalex.org/W7119139777","10.1590/2526-8910.ctoao400939052","Work and other activities in mental institutions: a historiographical approach","2024","Cadernos Brasileiros de Terapia Ocupacional ","https://openalex.org/S4210189390","0104-4931","https://doi.org/10.1590/2526-8910.ctoao400939052","aberto","Clara Duarte Cuervo; Roseli Esquerdo Lopes","Roseli Esquerdo Lopes","HFSE"
"https://openalex.org/W4323784905","10.1590/1980-6248-2021-0101en","“An act of freedom”: secondary students movement in São Paulo, Brazil, 2015","2023","Pro-Posições","https://openalex.org/S4210208850","0103-7307","https://doi.org/10.1590/1980-6248-2021-0101en","aberto","Luís Antônio Groppo; Kimi Tomizaki; Maria Carla Corrochano; Lívia Furtado Borges; Flávia Ginzel; Carusa Biliatto","Luís Antonio Groppo","HFSE"
"https://openalex.org/W4323785544","10.1590/1980-6248-2021-0101","“Um ato de liberdade”: movimento de estudantes secundaristas em São Paulo, 2015","2023","Pro-Posições","https://openalex.org/S4210208850","0103-7307","https://doi.org/10.1590/1980-6248-2021-0101","aberto","Luís Antônio Groppo; Kimi Tomizaki; Maria Carla Corrochano; Lívia Furtado Borges; Flávia Ginzel; Carusa Biliatto","Luís Antonio Groppo","HFSE"
"https://openalex.org/W4385449995","10.21879/faeeba2358-0194.2023.v32.n71.p255-273","(Re)Vendo a Formação Continuada de Professoras e o Pensamento Algébrico nos Anos Iniciais","2023","Revista da FAEEBA- Educação e Contemporaneidade","https://openalex.org/S4210174506","0104-7043","https://doi.org/10.21879/faeeba2358-0194.2023.v32.n71.p255-273","aberto","Danielle Abreu Silva; Cármen Lúcia Brancaglion Passos","Carmen Lucia Brancaglion Passos","ECM"
"https://openalex.org/W4389575129","10.15628/rbept.2023.15850","A construção do conhecimento sobre o campo da autoavaliação institucional nos Institutos Federais de Educação, Ciência e Tecnologia","2023","Revista Brasileira da Educação Profissional e Tecnológica","https://openalex.org/S4210180878","1983-0408","https://doi.org/10.15628/rbept.2023.15850","aberto","Ivan dos Santos Oliveira; José Carlos Rothen","Jose Carlos Rothen","EPFH"
"https://openalex.org/W4380987173","10.1590/s1678-4634202349258425","A construção do estágio compartilhado no ensino remoto: desafios e possibilidades","2023","Educação e Pesquisa","https://openalex.org/S2736467988","1517-9702","https://doi.org/10.1590/s1678-4634202349258425","aberto","Maria Teresa Zampieri; Maria do Carmo de Sousa","Maria do Carmo de Sousa","ECM"
"https://openalex.org/W4383422341","10.15600/2238-121x/comunicacoes.v29n2p189-203","A disputa pelo poder da escola: o projeto de educação domiciliar e sua nova modalidade de privatização","2023","Comunicações","https://openalex.org/S4210224284","0104-8481","https://doi.org/10.15600/2238-121x/comunicacoes.v29n2p189-203","aberto","Géssica Priscila Ramos","Gessica Priscila Ramos","EPFH"
"https://openalex.org/W4389473899","10.5007/1980-4512.2023.e94448","A documentação pedagógica na formação de professoras-pesquisadoras","2023","Zero-a-Seis","https://openalex.org/S2737225000","1980-4512","https://doi.org/10.5007/1980-4512.2023.e94448","aberto","Giovana Alonso; Cleonice Maria Tomazzetti","Cleonice Maria Tomazzetti","FPOAE"
"https://openalex.org/W4379231325","10.1590/s1413-24782023280046","A escola básica e a qualificação do trabalho de professores: desafios e perspectivas do mestrado profissional em Educação","2023","Revista Brasileira de Educação","https://openalex.org/S2736711335","1413-2478","https://doi.org/10.1590/s1413-24782023280046","aberto","Maria do Carmo de Sousa; Dulcimeire Aparecida Volante Zanon","Maria do Carmo de Sousa","ECM"
"https://openalex.org/W4381251082","10.22481/recuesb.v11i19.11848","A experiência de curricularização da extensão no Instituto Federal de São Paulo: uma análise introdutória","2023","Revista Extensão & Cidadania/Revista Extensão e Cidadania","https://openalex.org/S4210184239","2317-4609","https://doi.org/10.22481/recuesb.v11i19.11848","aberto","Lucas Labigalini Fuini; Audria Alessandra Bovo; Vagno Emygdio Machado Dias","Vagno Emygdio Machado Dias","HFSE"
"https://openalex.org/W4387985423","10.1590/1678-98732331e015","A força da Bancada do Boi: a Frente Parlamentar da Agropecuária na definição da política fundiária","2023","Revista de Sociologia e Política","https://openalex.org/S2738819186","0104-4478","https://doi.org/10.1590/1678-98732331e015","aberto","Monyele Camargo Graciano; Joelson Gonçalves de Carvalho; Ricardo Serra Borsatto; Leandro de Lima Santos","Joelson Gonçalves de Carvalho","EPFH"
"https://openalex.org/W4387168028","10.37001/remat25269062v20id370","A formação do professor que ensina matemática na perspectiva de práticas interculturais: povos originários, quilombolas e do campo","2023","Revista de Educação Matemática","https://openalex.org/S4210206594","1676-8868","https://doi.org/10.37001/remat25269062v20id370","aberto","Wellington Pereira das Virgens; Maria do Carmo de Sousa; Júlio César Augusto do Valle","Maria do Carmo de Sousa","ECM"
"https://openalex.org/W4392410812","10.26843/rencima.v14n5a12","A importância do ensino de Ciências na escola em tempos de Agnotologia e as possíveis contribuições da perspectiva CTS","2023","Revista de Ensino de Ciências e Matemática","https://openalex.org/S2736745348","2179-426X","https://doi.org/10.26843/rencima.v14n5a12","aberto","Nayara Nogueira Soares Marra; Denise de Freitas","Denise de Freitas","ECM"
"https://openalex.org/W4386609190","10.35168/2175-2613.utp.pens_ed.2023.vol18.n49.pp160-178","A importância do trabalho em saúde mental nos programas de permanência na universidade","2023","CADERNOS DE PESQUISA PENSAMENTO EDUCACIONAL","https://openalex.org/S4210227930","1980-9700","https://doi.org/10.35168/2175-2613.utp.pens_ed.2023.vol18.n49.pp160-178","aberto","Hellen Cristina Xavier da Silva Mattos; Silvia Helena Pienta Borges Barbosa; Maria Cristina da Silveira Galan Fernandes","Maria Cristina da Silveira Galan Fernandes","EPFH"
"https://openalex.org/W4389949500","10.20396/tematicas.v31i62.17638","A individualização da desigualdade social","2023","Temáticas","https://openalex.org/S4210197442","1413-2486","https://doi.org/10.20396/tematicas.v31i62.17638","aberto","Hellen Cristina Xavier da Silva Mattos; Maria Cristina da Silveira Galan Fernandes","Maria Cristina da Silveira Galan Fernandes","EPFH"
"https://openalex.org/W4389721421","10.53628/emrede.v10i.911","A institucionalização da educação a distância como pesquisa, crítica e produtividade","2023","EmRede - Revista de Educação a Distância","https://openalex.org/S4210229337","2359-6082","https://doi.org/10.53628/emrede.v10i.911","aberto","Marcello Ferreira; Braian Veloso","Braian Garrito Veloso","ECS"
"https://openalex.org/W4383070591","10.22481/aprender.i29.12779","A PRÁTICA DE RELIGIOSIDADES NA ASSOCIAÇÃO DE PROTEÇÃO E ASSISTÊNCIA AO CONDENADO – APAC E SEUS PROCESSOS EDUCATIVOS","2023","Aprender - Caderno de Filosofia e Psicologia da Educação","https://openalex.org/S4210212313","1678-7846","https://doi.org/10.22481/aprender.i29.12779","aberto","Elenice Maria Cammarosano Onofre; Maximiliana Martins Nogueira","Elenice Maria Cammarosano Onofre","EPFH"
"https://openalex.org/W4390144984","10.33532/revemop.e202316","A Produção Científica do Encontro Nacional de Educação Matemática (ENEM) sobre o Senso Espacial na Educação Infantil","2023","Revemop","https://openalex.org/S4210236610","2596-0245","https://doi.org/10.33532/revemop.e202316","aberto","Kauane Lemos Santiago; Klinger Teodoro Ciríaco","Klinger Teodoro Ciríaco","FPOAE"
"https://openalex.org/W4385153493","10.1590/0102-469835663","A REORGANIZAÇÃO DO CONVÍVIO FAMILIAR COM CRIANÇAS EM PANDEMIA PELA COVID-19 NO BRASIL","2023","Educação em Revista","https://openalex.org/S4210230971","0102-4698","https://doi.org/10.1590/0102-469835663","aberto","Aline Sommerhalder; Luana Zanotto; Anna Aluffi Pentini","Aline Sommerhalder","EETPC"
"https://openalex.org/W4386274755","10.14244/198271996178","A Teoria do Agir Comunicativo como Perspectiva Ético-política da Gestão Educacional","2023","Revista Eletrônica de Educação","https://openalex.org/S2736679368","1982-7199","https://doi.org/10.14244/198271996178","aberto","Darlan Marcelo Delgado; Luiz Roberto Gomes","Luiz Roberto Gomes","ECS"
"https://openalex.org/W4388102657","10.26571/reamec.v11i1.16486","ABORDAGEM HISTÓRICA EM MANUAIS DO ENSINO SUPERIOR EM QUÍMICA: NOMENCLATURA E ALQUIMIA","2023","REAMEC - Rede Amazônica de Educação em Ciências e Matemática","https://openalex.org/S4210213417","2318-6674","https://doi.org/10.26571/reamec.v11i1.16486","aberto","Yana Bárbara da Silva Teixeira; Priscila Duarte de Lira; Ettore Paredes Antunes","Ettore Paredes Antunes","ECM"
"https://openalex.org/W4380050037","10.36253/aisthesis-13954","Aesthetic perspectives on interactive art and Text-to-Image technologies (TTI)","2023","Aisthesis Pratiche linguaggi e saperi dell’estetico","https://openalex.org/S4210171773","2035-8466","https://doi.org/10.36253/aisthesis-13954","aberto","Lorenzo Manera","Lorenzo Manera","EETPC"
"https://openalex.org/W4367665820","10.1590/interface.220440","Aleitamento humano e a perspectiva da interseccionalidade queer: contribuições para a prática inclusiva","2023","Interface - Comunicação Saúde Educação","https://openalex.org/S4210167574","1414-3283","https://doi.org/10.1590/interface.220440","aberto","Annie Mellem Bolissian; Brenda Emanuelly de Campos Ferreira; Natália Sevilha Stofel; Flávio Adriano Borges; Bruno Torelli de Camargo; Natália Rejane Salim; Iraí Maria de Campos Teixeira","Natália Rejane Salim","PSPE"
"https://openalex.org/W4387753863","10.21920/recei72023930357373","ALFABETIZAÇÃO MATEMÁTICA","2023","Revista Eletrônica Científica Ensino Interdisciplinar","https://openalex.org/S4210194653","2447-0783","https://doi.org/10.21920/recei72023930357373","aberto","Klinger Teodoro Ciríaco; Fernando Schlindwein Santino; João Vítor Dornelas Corrêa","Klinger Teodoro Ciríaco","FPOAE"
"https://openalex.org/W4386098762","10.24109/2176-6681.rbep.104.5548","Análise de prática como dispositivo de formação de uma professora alfabetizadora","2023","Revista Brasileira de Estudos Pedagógicos","https://openalex.org/S2737504546","0034-7183","https://doi.org/10.24109/2176-6681.rbep.104.5548","aberto","Aline Gasparini Zacharias-Carolino; Márcia Regina Onofre; Samuel de Souza Neto","Márcia Regina Onofre","FPOAE"
"https://openalex.org/W4382585184","10.5585/eccos.n65.24584","Análise de práticas pedagógicas com tecnologias digitais: um olhar sobre a experiência do curso de especialização EduTec","2023","EccoS – Revista Científica","https://openalex.org/S4210177415","1517-1949","https://doi.org/10.5585/eccos.n65.24584","aberto","Braian Veloso; Camila Dias de Oliveira; Daniel Mill","Braian Garrito Veloso; Daniel Ribeiro Silva Mill","ECS"
"https://openalex.org/W4400220353","10.26512/lc29202350641","Análise metodológica da participação e escuta das crianças nas pesquisas com/sobre elas","2023","Linhas Crí­ticas","https://openalex.org/S4210172282","1516-4896","https://doi.org/10.26512/lc29202350641","aberto","Bethânia Alves Costa Zandomínegue; Fernando Donizete Alves; Luana Zanotto","Fernando Donizete Alves","EETPC"
"https://openalex.org/W4385835390","10.18593/r.v48.32278","Aprendizagens profissionais de professoras iniciantes e experientes em um programa de mentoria","2023","Roteiro","https://openalex.org/S2737795593","0104-4311","https://doi.org/10.18593/r.v48.32278","aberto","Aline Maria de Medeiros Rodrigues Reali; Rosa Maria Moraes Anunciato; Carolina Marini","Aline Maria de Medeiros Rodrigues Reali; Rosa Maria Moraes Anunciato","FPOAE"
"https://openalex.org/W4313470888","10.37618/paradigma.1011-2251.2023.p200-224.id1305","APRENDIZAJE DE LA ENSEÑANZA EN EL PROGRAMA RESIDENCIA PEDAGÓGICA","2023","PARADIGMA","https://openalex.org/S4210168080","1011-2251","https://doi.org/10.37618/paradigma.1011-2251.2023.p200-224.id1305","aberto","Dijnane Vedovatto; Regina Zanella Penteado; Denise Souza Sims","Dijnane Fernanda Vedovatto Machado","FPOAE"
"https://openalex.org/W4386274736","10.14244/198271996517","Apresentação do Dossiê: Políticas educativas e perspectivas formativas pós-covid-19","2023","Revista Eletrônica de Educação","https://openalex.org/S2736679368","1982-7199","https://doi.org/10.14244/198271996517","aberto","Luiz Roberto Gomes; Sueli Soares dos Santos Batista; Artieres Estevão Romeiro","Luiz Roberto Gomes","ECS"
"https://openalex.org/W4386301464","10.29181/2594-6463-2023-v7-n2-secesp-p114-116","Apresentação Seção Especial Motricidades (v. 7, n. 2, seç. esp.)","2023","MOTRICIDADES Revista da Sociedade de Pesquisa Qualitativa em Motricidade Humana","https://openalex.org/S4210194316","2594-6463","https://doi.org/10.29181/2594-6463-2023-v7-n2-secesp-p114-116","aberto","Glauco Nunes Souto Ramos; Osmar Moreira de Souza","Osmar Moreira de Souza Junior","PSPE"
"https://openalex.org/W4391548329","10.20396/rho.v23i00.8673491","Apuntes sobre sobre la enseñanza media desde la colonia hasta 1959. Un estudio comparado Cuba- Brasil","2023","Revista HISTEDBR On-line","https://openalex.org/S4210224784","1676-2584","https://doi.org/10.20396/rho.v23i00.8673491","aberto","Luiz Bezerra Neto; Juan Carlos Rodríguez Cruz","Luiz Bezerra Neto","EPFH"
"https://openalex.org/W4405000677","10.5216/revufg.v23.75658","As fake news e a atualidade da semiformação na cultura digital","2023","Revista UFG","https://openalex.org/S4394736891","1677-9037","https://doi.org/10.5216/revufg.v23.75658","aberto","Antônio Álvaro Soares Zuin","Antonio Alvaro Soares Zuin","ECS"
"https://openalex.org/W4388515747","10.5902/2318133884824","Avaliação da aprendizagem nos anos iniciais do ensino fundamental: instrumentos recorrentes e seus usos","2023","Revista de Gestão e Avaliação Educacional","https://openalex.org/S2739324624","2176-2171","https://doi.org/10.5902/2318133884824","aberto","Isabela Solovijovas Santos; Luana Costa Almeida","Luana Costa Almeida","EETPC"
"https://openalex.org/W4388644071","10.1590/cc269668","AVALIAÇÃO EXTERNA E AVALIAÇÃO INSTITUCIONAL: EMBATES E DIÁLOGOS PARA CONSTRUÇÃO DA QUALIDADE SOCIAL","2023","Cadernos CEDES","https://openalex.org/S63371229","0101-3262","https://doi.org/10.1590/cc269668","aberto","Mara Regina Lemes De Sordi; Sara Badra de Oliveira; Luana Costa Almeida","Luana Costa Almeida","EETPC"
"https://openalex.org/W4386332504","10.29181/2594-6463-2023-v7-n2-secesp-p139-154","Avaliação na educação física: percepção docente sobre uma planilha de observação na educação infantil","2023","MOTRICIDADES Revista da Sociedade de Pesquisa Qualitativa em Motricidade Humana","https://openalex.org/S4210194316","2594-6463","https://doi.org/10.29181/2594-6463-2023-v7-n2-secesp-p139-154","aberto","Caroline Dias de Arruda; Osmar Moreira de Souza; Glauco Nunes Souto Ramos; Daniela Godoi","Osmar Moreira de Souza Junior","PSPE"
"https://openalex.org/W4377292627","10.34117/bjdv9n5-188","Avaliações externas e administração escolar: controle e emancipação","2023","Brazilian Journal of Development","https://openalex.org/S4210234566","2525-8761","https://doi.org/10.34117/bjdv9n5-188","aberto","Lilian Silva De Carvalho; Renata Maria Moschen Nascente","Renata Maria Moschen Nascente","EETPC"
"https://openalex.org/W4365800405","10.29327/2197923.17.37-2","Cadernos da Pedagogia. Dossiê: ""Mentoria de diretores de escola""","2023","Cadernos da Pedagogia","https://openalex.org/S4387288738","1982-4440","https://doi.org/10.29327/2197923.17.37-2","aberto","Maria Cecília Luiz","Maria Cecilia Luiz","ECS"
"https://openalex.org/W4381250257","10.14244/198271996409","Carta ao Leitor","2023","Revista Eletrônica de Educação","https://openalex.org/S2736679368","1982-7199","https://doi.org/10.14244/198271996409","aberto","Aline Maria de Medeiros Rodrigues Reali","Aline Maria de Medeiros Rodrigues Reali","FPOAE"
"https://openalex.org/W4389494977","10.1590/2526-8910.ctoao271135352","Changes for continuity: the mark of pedagogical duality in different projects for secondary education in Brazil","2023","Cadernos Brasileiros de Terapia Ocupacional ","https://openalex.org/S4210189390","0104-4931","https://doi.org/10.1590/2526-8910.ctoao271135352","aberto","Stéphany Conceição Correia Alves Guedes Reis; Roseli Esquerdo Lopes","Roseli Esquerdo Lopes","HFSE"
"https://openalex.org/W4379229307","10.1590/1519-6984.272072","Chronotype as a predictor of scholar performance in a full-time middle school","2023","Brazilian Journal of Biology","https://openalex.org/S90590500","1519-6984","https://doi.org/10.1590/1519-6984.272072","aberto","Rodrigo Roucourt Cezário; Denise de Freitas; Samira Chahad‐Ehlers","Denise de Freitas","ECM"
"https://openalex.org/W4386832045","10.1590/0102-4698368535763t","CICLOPEDALEIROS: EDUCATIONAL PROCESSES ARISING FROM THE STRUCTURING OF A SOLIDARITY ECONOMY ENTERPRISE","2023","Educação em Revista","https://openalex.org/S4210230971","0102-4698","https://doi.org/10.1590/0102-4698368535763t","aberto","Andréia Cordeiro Mecca; Luiz Gonçalves","Luiz Gonçalves Junior","PSPE"
"https://openalex.org/W4386832041","10.1590/0102-4698368535763p","CICLOPEDALEIROS: PROCESSOS EDUCATIVOS DECORRENTES DA ESTRUTURAÇÃO DE UM EMPREENDIMENTO DE ECONOMIA SOLIDÁRIA","2023","Educação em Revista","https://openalex.org/S4210230971","0102-4698","https://doi.org/10.1590/0102-4698368535763p","aberto","Andréia Cordeiro Mecca; Luiz Gonçalves","Luiz Gonçalves Junior","PSPE"
"https://openalex.org/W4387220849","10.15210/dg-revista.v1i2.25190","COLETÂNEA FEMINISTA","2023","D’GENERUS Revista de Estudos Feministas e de Gênero","https://openalex.org/S4387286666","2764-9938","https://doi.org/10.15210/dg-revista.v1i2.25190","aberto","Andrea Braga Moruzzi; Simone De Oliveira Mestra","Andrea Braga Moruzzi","RED"
"https://openalex.org/W4388777828","10.1590/0102-469841187t","COMING OUT OF THE “IVORY TOWER”: PREVENTING VIOLENCE BASED ON SEXUAL ORIENTATION AND GENDER IDENTITY AT THE UNIVERSITY","2023","Educação em Revista","https://openalex.org/S4210230971","0102-4698","https://doi.org/10.1590/0102-469841187t","aberto","ENAYTON PERASSOLI; Alexandre Rodrigo Nishiwaki da Silva","Alexandre Rodrigo Nishiwaki da Silva","FPOAE"
"https://openalex.org/W4385153358","10.1590/0102-4698368536641t","CONCEPTUAL AND PEDAGOGICAL DIFFERENCES BETWEEN THE TERMS “BRINCADEIRA” AND “GAME” IN BRAZIL","2023","Educação em Revista","https://openalex.org/S4210230971","0102-4698","https://doi.org/10.1590/0102-4698368536641t","aberto","Maria Aparecida Mello","Maria Aparecida Mello","EETPC"
"https://openalex.org/W4401898426","10.34019/2447-5246.2023.v28.38775","CONDIÇÕES DE TRABALHO DE PROFESSORES TEMPORÁRIOS NO ENSINO SUPERIOR","2023","Educação em Foco","https://openalex.org/S4210193678","0104-3293","https://doi.org/10.34019/2447-5246.2023.v28.38775","aberto","Adelino Francklin; Maria Cristina da Silveira Galan Fernandes","Maria Cristina da Silveira Galan Fernandes","EPFH"
"https://openalex.org/W4387954139","10.21680/1981-1802.2023v61n69id32438","Corporificações morais do futuro na escola","2023","Revista Educação em Questão","https://openalex.org/S2738396575","0102-7735","https://doi.org/10.21680/1981-1802.2023v61n69id32438","aberto","Leonardo Henrique Brandão Monteiro; Antônio Álvaro Soares Zuin","Antonio Alvaro Soares Zuin","ECS"
"https://openalex.org/W4386332686","10.29181/2594-6463-2023-v7-n2-p80-91","Crianças e adolescentes bordadeiros/as em um projeto social: processos educativos desvelados","2023","MOTRICIDADES Revista da Sociedade de Pesquisa Qualitativa em Motricidade Humana","https://openalex.org/S4210194316","2594-6463","https://doi.org/10.29181/2594-6463-2023-v7-n2-p80-91","aberto","Samuel Feliciano Pereira; Denise Aparecida Corrêa","Denise Aparecida Correa","PSPE"
"https://openalex.org/W4385829523","10.5212/olharprofr.v.26.21665.056","Crianças e diversidade à luz da abordagem italiana de San Miniato","2023","Olhar de Professor","https://openalex.org/S4210229168","1518-5648","https://doi.org/10.5212/olharprofr.v.26.21665.056","aberto","Cleonice Maria Tomazzetti; Débora Cristina de Sampaio Peixe","Cleonice Maria Tomazzetti","FPOAE"
"https://openalex.org/W4385814787","10.18316/recc.v28i1.10067","Cultura infantil, culturas infantis e culturas da infância: polissemias em debate","2023","Educação Ciência e Cultura","https://openalex.org/S4210200325","1413-7321","https://doi.org/10.18316/recc.v28i1.10067","aberto","Giovana Alonso; Andrea Braga Moruzzi","Andrea Braga Moruzzi","RED"
"https://openalex.org/W4385687993","10.35786/1645-1384.v23.2005","Cultura Organizacional em Escolas de Educação Básica: metapesquisa da produção acadêmica brasileira de 2006 a 2020","2023","Curriculo sem Fronteiras","https://openalex.org/S2738798805","1645-1384","https://doi.org/10.35786/1645-1384.v23.2005","aberto","Marcelo Oda Yamazato; Renata Maria Moschen Nascente","Renata Maria Moschen Nascente","EETPC"
"https://openalex.org/W4395102240","10.29327/2303474.14.2-6","Curricularização da extensão: Propostas de universidades federais paulistas","2023","Revista Brasileira de Extensão Universitária","https://openalex.org/S2738057158","1806-2695","https://doi.org/10.29327/2303474.14.2-6","aberto","Lucimara Del Pozzo Basso; Adriana dos Santos Reis Lemos; Pedro Henrique Pimenta; Elisangela de Souza Bezerra; Maria Antônia Ramos de Azevedo; Fernando Stanzione Galizia","Fernando Stanzione Galizia","EETPC"
"https://openalex.org/W4402298120","10.4067/s0718-07052023000300371","Decolonialidad en bici: una motricidad emergente en el contexto de un proyecto social","2023","Estudios pedagógicos","https://openalex.org/S4210230295","0716-050X","https://doi.org/10.4067/s0718-07052023000300371","aberto","Clayton da Silva-Carmo; Luiz Gonçalves","Luiz Gonçalves Junior","PSPE"
"https://openalex.org/W4377294556","10.1590/cc271502","DESCOBRINDO O COMPUTAR: TECNOLOGIA, CIÊNCIAS, DESIGN E COMPUTAÇÃO PARA CRIANÇAS DE 4 E 5 ANOS","2023","Cadernos CEDES","https://openalex.org/S63371229","0101-3262","https://doi.org/10.1590/cc271502","aberto","Alessandra Arce Hai; Vânia Paula de Almeida Néris; Luciano de Oliveira Neris; Kelen Cristiane Teixeira Vivaldini","Alessandra Arce Hai","ECS"
"https://openalex.org/W4385449547","10.21879/faeeba2358-0194.2023.v32.n71.p237-254","Desenvolvimento Profissional Docente de Professoras Experientes","2023","Revista da FAEEBA- Educação e Contemporaneidade","https://openalex.org/S4210174506","0104-7043","https://doi.org/10.21879/faeeba2358-0194.2023.v32.n71.p237-254","aberto","Amarildo Gomes Pereira; Rosa Maria Moraes Anunciato","Rosa Maria Moraes Anunciato","FPOAE"
"https://openalex.org/W4385153818","10.1590/0102-4698368536641","DIFERENÇAS CONCEITUAIS E PEDAGÓGICAS ENTRE OS TERMOS “BRINCADEIRA” E “JOGO” NO BRASIL","2023","Educação em Revista","https://openalex.org/S4210230971","0102-4698","https://doi.org/10.1590/0102-4698368536641","aberto","Maria Aparecida Mello","Maria Aparecida Mello","EETPC"
"https://openalex.org/W4388624817","10.17267/2594-7907ijeh.2023.e5310","Diversidade na formação em saúde: vivências de estudantes de graduação de uma universidade federal","2023","International Journal of Health Education","https://openalex.org/S4210203044","2594-7907","https://doi.org/10.17267/2594-7907ijeh.2023.e5310","aberto","Caroline Izabela Silva; Natália Sevilha Stofel; Flávio Adriano Borges; Iraí Maria de Campos Teixeira; Natália Rejane Salim","Natália Rejane Salim","PSPE"
"https://openalex.org/W4390480345","10.36704/sdhe.v6i2.7765","ECA, Educação e Direitos Humanos na Escola de Ensino Fundamental","2023","SCIAS Direitos Humanos e Educação","https://openalex.org/S4387282647","2596-1772","https://doi.org/10.36704/sdhe.v6i2.7765","aberto","Nathiara Cristina Capobianco; Débora Cristina Fonseca; Renice Ribeiro Lopes","Débora Cristina Fonseca","EPFH"
"https://openalex.org/W4382193296","10.14507/epaa.31.7534","Educação de pessoas jovens e adultas, letramentos e tecnologias no Brasil: Políticas e brechas históricas","2023","Education Policy Analysis Archives","https://openalex.org/S137104927","1068-2341","https://doi.org/10.14507/epaa.31.7534","aberto","Jarina Rodrigues Fernandes; María Elizabeth Bianconcini de Almeida; Marcela Fontão Nogueira; Mariah Cruz de Souza Tronco","Jarina Rodrigues Fernandes","EETPC"
"https://openalex.org/W4389942892","10.31496/rpd.v23i48.1649","Educação e diversidade: experiências com literaturas africanas e afro-brasileiras na Educação de Jovens e Adultos","2023","Revista Profissão Docente","https://openalex.org/S4210167576","1519-0919","https://doi.org/10.31496/rpd.v23i48.1649","aberto","Dayse Cabral de Moura; Maria Caroline Lima de Souza; Tatiane Cosentino Rodrigues","Tatiane Cosentino Rodrigues","RED"
"https://openalex.org/W4366977190","10.5585/44.2023.23864","Educação híbrida como tendência histórica: análise das realidades Brasileira e Portuguesa","2023","Dialogia","https://openalex.org/S2738518088","1677-1303","https://doi.org/10.5585/44.2023.23864","aberto","Braian Veloso; Daniel Mill; José António Moreira","Braian Garrito Veloso; Daniel Ribeiro Silva Mill","ECS"
"https://openalex.org/W4366998125","10.5585/44.2023.24294","Educação híbrida e cultura digital: reflexões sobre docência, aprendizagem e tecnologias na contemporaneidade","2023","Dialogia","https://openalex.org/S2738518088","1677-1303","https://doi.org/10.5585/44.2023.24294","aberto","Braian Veloso; Camila Dias de Oliveira; Cícera Aparecida Lima Malheiro; Claudinei Zagui Pareschi; Daniel Mill; Kátia Gardênia Henrique da Rocha; Luciane Penteado Chaquime","Braian Garrito Veloso; Daniel Ribeiro Silva Mill","ECS"
"https://openalex.org/W4387447473","10.21723/riaee.v18i00.17256","Educação Infantil e Criança Indígena","2023","Revista Ibero-Americana de Estudos em Educação","https://openalex.org/S2737552301","1982-5587","https://doi.org/10.21723/riaee.v18i00.17256","aberto","Klinger Teodoro Ciríaco; Fernando Schlindwein Santino; Danielle Abreu Silva","Klinger Teodoro Ciríaco","FPOAE"
"https://openalex.org/W4384407972","10.23925/1809-3876.2023v21e51969","Educação no Campo e a Pedagogia Histórico-Crítica","2023","Revista e-Curriculum","https://openalex.org/S4210187470","1809-3876","https://doi.org/10.23925/1809-3876.2023v21e51969","aberto","Luiz Bezerra Neto; Klívia de Cássia Silva Nunes","Luiz Bezerra Neto","EPFH"
"https://openalex.org/W4317000429","10.4025/rbhe.v23.2023.e249","Educação, hereditariedade e eugenia","2023","Revista Brasileira de História da Educação","https://openalex.org/S4210217483","1519-5902","https://doi.org/10.4025/rbhe.v23.2023.e249","aberto","Guilherme Prado Roitberg; Luiz Roberto Gomes","Luiz Roberto Gomes","ECS"
"https://openalex.org/W4405061984","10.22456/2238-8915.134822","ENSINO DA LÍNGUA BRASILEIRA DE SINAIS (LIBRAS) PARA CRIANÇAS OUVINTES","2023","Organon","https://openalex.org/S4210178807","0102-6267","https://doi.org/10.22456/2238-8915.134822","aberto","Dae-hee Lee; Poliana Bruno Zuin","Poliana Bruno Zuin","HFSE"
"https://openalex.org/W4382247458","10.36311/1519-0110.2023.v24.e023003","ENSINO REMOTO E A VULNERABILIDADE NAS ESCOLAS PÚBLICAS","2023","Revista ORG & DEMO","https://openalex.org/S4210226875","1519-0110","https://doi.org/10.36311/1519-0110.2023.v24.e023003","aberto","Klívia de Cássia Silva Nunes; Luiz Bezerra Neto","Luiz Bezerra Neto","EPFH"
"https://openalex.org/W4385492760","10.14393/revedfil.v37n79a2023-65418","Entre o ranking e o rating: A avaliação digital docente na era da sociedade métrica","2023","EDUCAÇÃO E FILOSOFIA","https://openalex.org/S4210237095","0102-6801","https://doi.org/10.14393/revedfil.v37n79a2023-65418","aberto","Antônio Álvaro Soares Zuin; Lucídio Bianchetti","Antonio Alvaro Soares Zuin","ECS"
"https://openalex.org/W4324046087","10.19132/1808-5245.29.125489","Epônimos em textos científicos","2023","Em Questão","https://openalex.org/S4210172795","1807-8893","https://doi.org/10.19132/1808-5245.29.125489","aberto","María Cristina Piumbato Innocentini Hayashi","Maria Cristina Piumbato Innocentini Hayashi","HFSE"
"https://openalex.org/W4395102667","10.29327/2197923.17.38-1","ESCOLA PÚBLICA E EDUCAÇÃO MATEMÁTICA: EXPERIÊNCIAS PROFISSIONAIS E PRÁTICAS DE PESQUISAS NA EDUCAÇÃO BÁSICA","2023","Cadernos da Pedagogia","https://openalex.org/S4387288738","1982-4440","https://doi.org/10.29327/2197923.17.38-1","aberto","Klinger Teodoro Ciríaco; Danielle Abreu Silva; Fernando Schlindwein Santino","Klinger Teodoro Ciríaco","FPOAE"
"https://openalex.org/W4323048059","10.18316/rcd.v15i36.9753","ESCREVENDO JOGOS EDUCACIONAIS: UMA REVISÃO BIBLIOGRÁFICA COM ABORDAGEM INSTRUCIONAL ALTERNATIVA","2023","Conhecimento & Diversidade","https://openalex.org/S4210182007","1983-3695","https://doi.org/10.18316/rcd.v15i36.9753","aberto","Daniel Mill; Priscila Andreoni Ribeiro; Braian Veloso","Braian Garrito Veloso; Daniel Ribeiro Silva Mill","ECS"
"https://openalex.org/W4388872074","10.23925/1809-3876.2023v21e56293","espaços, tempos e agentes implicados nos estágios na formação inicial de professores em educação física","2023","Revista e-Curriculum","https://openalex.org/S4210187470","1809-3876","https://doi.org/10.23925/1809-3876.2023v21e56293","aberto","Dijnane Vedovatto; Samuel de Souza Neto; Larissa Cerignoni Benites","Dijnane Fernanda Vedovatto Machado","FPOAE"
"https://openalex.org/W4386307247","10.29181/2594-6463-2023-v7-n2-secesp-p117-127","Estratégias participativas construídas entre estudantes e a professora nas aulas de educação física","2023","MOTRICIDADES Revista da Sociedade de Pesquisa Qualitativa em Motricidade Humana","https://openalex.org/S4210194316","2594-6463","https://doi.org/10.29181/2594-6463-2023-v7-n2-secesp-p117-127","aberto","Cristina Gil de Carvalho Baio; Lílian Aparecida Ferreira; Osmar Moreira de Souza; Glauco Nunes Souto Ramos","Osmar Moreira de Souza Junior","PSPE"
"https://openalex.org/W4388576032","10.55905/revconv.16n.11-039","Eu e meu mundo: a culinaria como atividade mediadora da afetividade na educacao infantil","2023","Contribuciones a las Ciencias Sociales","https://openalex.org/S4210199530","1988-7833","https://doi.org/10.55905/revconv.16n.11-039","aberto","Poliana Bruno Zuin; Luís Fernando Soares Zuin; Amarílio Ferreira; A Hermann; Diany Akiko Lee; Juliana da Costa Castro; Raquel Franco Tassoni; Isadora Pascoalino Mariotto","Poliana Bruno Zuin","HFSE"
"https://openalex.org/W4395018679","10.61389/inter.v14i40.6516","Extensão universitária","2023","INTERFACES DA EDUCAÇÃO","https://openalex.org/S4210200240","2177-7691","https://doi.org/10.61389/inter.v14i40.6516","aberto","Andrssa de Oliveira Martins; Luana Zanotto; Aline Sommerhalder","Aline Sommerhalder","EETPC"
"https://openalex.org/W4386320116","10.47328/rpv.v12i1.15435","Fãs e heróis em narrativas digitais: autoridade, identidade e formação","2023","REVISTA PONTO DE VISTA","https://openalex.org/S4210213843","1807-7307","https://doi.org/10.47328/rpv.v12i1.15435","aberto","Márcia Ferreira Torres Pereira; Antônio Álvaro Soares Zuin","Antonio Alvaro Soares Zuin","ECS"
"https://openalex.org/W4387221122","10.15210/dg-revista.v1i2.25186","FEMINISMO NEGRO COMO MECANISMO DE TRANSFORMAÇÃO SOCIAL","2023","D’GENERUS Revista de Estudos Feministas e de Gênero","https://openalex.org/S4387286666","2764-9938","https://doi.org/10.15210/dg-revista.v1i2.25186","aberto","Luciene Reis Silva; Andrea Braga Moruzzi","Andrea Braga Moruzzi","RED"
"https://openalex.org/W4393079202","10.36517/eemd.v45i90.89312","FORMAÇÃO DE MENTORES","2023","Revista Educação em Debate","https://openalex.org/S4387282789","0102-1117","https://doi.org/10.36517/eemd.v45i90.89312","aberto","Eliane Isabel Fabri; Rosa Maria Moraes Anunciato; Aline Maria de Medeiros Rodrigues Reali","Aline Maria de Medeiros Rodrigues Reali; Rosa Maria Moraes Anunciato","FPOAE"
"https://openalex.org/W4385153114","10.1590/0102-469837653","FORMAÇÃO PEDAGÓGICA EM APRENDIZAGEM DIALÓGICA: CONTRIBUIÇÕES PARA A FORMAÇÃO DE PROFESSORES(AS) EM TEMPOS DE DISTANCIAMENTO SOCIAL","2023","Educação em Revista","https://openalex.org/S4210230971","0102-4698","https://doi.org/10.1590/0102-469837653","aberto","Vivian Massullo Silva; Fabiana Marini Braga; Amanda de Jesus Alvarenga Carvalho; Raquel Moreira","Fabiana Marini Braga","EETPC"
"https://openalex.org/W4389400058","10.7213/1981-416x.23.079.ao02","Futuras professoras em um grupo de estudos e suas aprendizagens acerca da resolução de problemas","2023","Revista Diálogo Educacional","https://openalex.org/S4306527104","1518-3483","https://doi.org/10.7213/1981-416x.23.079.ao02","aberto","Marcielli de Lemos Cremoneze; Klinger Teodoro Ciríaco","Klinger Teodoro Ciríaco","FPOAE"
"https://openalex.org/W4361254417","10.47197/retos.v49.96193","Hábitos de actividad física, bienestar y calidad de vida durante el aislamiento preventivo por Covid-19 en Bogotá, Colombia (Physical activity habits, well-being, and quality of life during Covid-19 preventive isolation in Bogotá, Colombia)","2023","Retos","https://openalex.org/S2738013834","1579-1726","https://doi.org/10.47197/retos.v49.96193","aberto","Marlucio De Souza Martins; Sandra Posada-Bernal; Luiz Gonçalves; Anderson David Garzón-Sichaca","Luiz Gonçalves Junior","PSPE"
"https://openalex.org/W4385710466","10.5902/2175497755270","Heranças formativas da linguagem: três conceitos em Walter Benjamin","2023","Animus Revista Interamericana de Comunicação Midiática","https://openalex.org/S2737713572","1677-907X","https://doi.org/10.5902/2175497755270","aberto","Marsiel Pacífico; Luiz Roberto Gomes","Luiz Roberto Gomes","ECS"
"https://openalex.org/W4388827617","10.1590/1980-265x-tce-2023-0108en","IMMEDIATE PUERPERIUM DURING THE PANDEMIC: WOMEN’S ORAL HISTORY IN THE LIGHT OF OBSTETRIC CARE MODELS","2023","Texto & Contexto - Enfermagem","https://openalex.org/S83395190","0104-0707","https://doi.org/10.1590/1980-265x-tce-2023-0108en","aberto","Naiane Ribeiro Prandini; Silvana Regina Rossi Kissula Souza; Ana Paula Prata; Ana Clara Antunes Pereira Resende; Catia Campaner Ferrari Bernardy; Marilene Loewen Wall; Natália Rejane Salim; Tatiane Herreira Trigueiro","Natália Rejane Salim","PSPE"
"https://openalex.org/W4319661387","10.1016/j.prostr.2023.01.085","Influence of spatially heterogeneous deterioration patterns on strength and ductility of corroded reinforced concrete bridge piers","2023","Procedia Structural Integrity","https://openalex.org/S2764766352","2452-3216","https://doi.org/10.1016/j.prostr.2023.01.085","aberto","Davide Bernardini; Fabiana Marini Braga; Francesca Buttarazzi; Donatello Cardone; Paolo Di Re; P. Migliorino; Achille Paolone; A. Rossi; Daniela Ruta","Fabiana Marini Braga","EETPC"
"https://openalex.org/W4385150532","10.18593/r.v48.30025","Interações com Famílias via WhatsApp e as Práticas de Numeramento/Letramento Matemático Evidenciadas no Ensino Remoto","2023","Roteiro","https://openalex.org/S2737795593","0104-4311","https://doi.org/10.18593/r.v48.30025","aberto","Klinger Teodoro Ciríaco; Brenda Cristina Antunes","Klinger Teodoro Ciríaco","FPOAE"
"https://openalex.org/W4392208640","10.21920/recei72023931703713","INTERDISCIPLINARIDADE NO ENSINO MÉDIO","2023","Revista Eletrônica Científica Ensino Interdisciplinar","https://openalex.org/S4210194653","2447-0783","https://doi.org/10.21920/recei72023931703713","aberto","José Antonio Moreira de Rezende; Vagno Emygdio Machado Dias","Vagno Emygdio Machado Dias","HFSE"
"https://openalex.org/W4385450093","10.21879/faeeba2358-0194.2023.v32.n71.p200-218","Itinerários de Pesquisas com Professores Iniciantes","2023","Revista da FAEEBA- Educação e Contemporaneidade","https://openalex.org/S4210174506","0104-7043","https://doi.org/10.21879/faeeba2358-0194.2023.v32.n71.p200-218","aberto","Klinger Teodoro Ciríaco","Klinger Teodoro Ciríaco","FPOAE"
"https://openalex.org/W4392940470","10.14244/198271995735","Jornadas formativas híbridas, invertidas e (signific)ativas no ensino superior: aportes para pensar atividades síncronas","2023","Revista Eletrônica de Educação","https://openalex.org/S2736679368","1982-7199","https://doi.org/10.14244/198271995735","aberto","Achilles Alves de Oliveira; Daniel Mill; Marcello Ferreira","Daniel Ribeiro Silva Mill","ECS"
"https://openalex.org/W4390014156","10.33871/22385800.2023.12.29.58-81","Lesson Study e o pensamento algébrico na formação continuada de professoras dos primeiros anos","2023","Revista Paranaense de Educação matemática","https://openalex.org/S4210238502","2238-5800","https://doi.org/10.33871/22385800.2023.12.29.58-81","aberto","Klinger Teodoro Ciríaco; Danielle Abreu Silva; Cármen Lúcia Brancaglion Passos","Carmen Lucia Brancaglion Passos; Klinger Teodoro Ciríaco","ECM; FPOAE"
"https://openalex.org/W4362548829","10.12957/teias.2023.70205","Macro e microrregulação: a avaliação em larga escala e alguns efeitos sobre o currículo","2023","Revista TEIAS","https://openalex.org/S4210184226","1518-5370","https://doi.org/10.12957/teias.2023.70205","aberto","Maria Eliéte Lacerda Lucchesi; Celso Luiz Aparecido Conti","Celso Luiz Aparecido Conti","EETPC"
"https://openalex.org/W4392940454","10.14244/198271996226","Marcas da matemática do processo de escolarização e suas influências na prática docente","2023","Revista Eletrônica de Educação","https://openalex.org/S2736679368","1982-7199","https://doi.org/10.14244/198271996226","aberto","Rayane de Jesus Santos Melo; Keli Cristina Conti; Cármen Lúcia Brancaglion Passos","Carmen Lucia Brancaglion Passos","ECM"
"https://openalex.org/W4362712663","10.1590/s1413-24782023280026","Mathematical modeling, mediator-guiding teacher, and constructivism: discursive interlacements in the constitution of the teaching figure","2023","Revista Brasileira de Educação","https://openalex.org/S2736711335","1413-2478","https://doi.org/10.1590/s1413-24782023280026","aberto","Betina Cambi; Ademir Donizeti Caldeira","Ademir Donizeti Caldeira","ECM"
"https://openalex.org/W4382771512","10.55905/revconv.16n.6-124","Medida socioeducativa de internação: (im)possiblidades para a construção do projeto de vida - um olhar para as produções bibliográficas","2023","Contribuciones a las Ciencias Sociales","https://openalex.org/S4210199530","1988-7833","https://doi.org/10.55905/revconv.16n.6-124","aberto","Sueli de Fátima Caetano Coppi; Juliana Maria Luccas Duarte Eigenheer; Débora Cristina Fonseca","Débora Cristina Fonseca","EPFH"
"https://openalex.org/W4380785938","10.55905/revconv.16n.6-054","Medida Socioeducativa de Internação: (im)possiblidades para a construção do Projeto de Vida - um olhar para as produções bibliográficas","2023","Contribuciones a las Ciencias Sociales","https://openalex.org/S4210199530","1988-7833","https://doi.org/10.55905/revconv.16n.6-054","aberto","Sueli de Fátima Caetano Coppi; Juliana Maria Luccas Duarte Eigenheer; Débora Cristina Fonseca","Débora Cristina Fonseca","EPFH"
"https://openalex.org/W4384933585","10.24220/2318-0870v28e2023a6999","Memorial de formação pessoal e desenvolvimento profissional docente","2023","Revista de Educação PUC-Campinas","https://openalex.org/S4210186489","1519-3993","https://doi.org/10.24220/2318-0870v28e2023a6999","aberto","Amarildo Gomes Pereira; Rosa Maria Moraes Anunciato","Rosa Maria Moraes Anunciato","FPOAE"
"https://openalex.org/W4379741423","10.24109/2176-6673.emaberto.36i116.5497","Mercantilização da universidade e a função produtiva do trabalho imaterial","2023","Em Aberto","https://openalex.org/S4210197720","0104-1037","https://doi.org/10.24109/2176-6673.emaberto.36i116.5497","aberto","Eduardo Pinto e Silva","Eduardo Pinto e Silva","EPFH"
"https://openalex.org/W4388661416","10.37618/paradigma.1011-2251.2023.p13-33.id1494","Mercantilização do trabalho intelectual e a fuga de cérebros do Brasil","2023","PARADIGMA","https://openalex.org/S4210168080","1011-2251","https://doi.org/10.37618/paradigma.1011-2251.2023.p13-33.id1494","aberto","Everton Henrique Eleutério Fargoni; João dos Reis Silva Júnior","Joao dos Reis Silva Junior","EPFH"
"https://openalex.org/W4362712637","10.1590/s1413-24782023280025","Modelagem matemática, professor mediador-orientador e construtivismo: entrelaçamentos discursivos na constituição da figura docente","2023","Revista Brasileira de Educação","https://openalex.org/S2736711335","1413-2478","https://doi.org/10.1590/s1413-24782023280025","aberto","Betina Cambi; Ademir Donizeti Caldeira","Ademir Donizeti Caldeira","ECM"
"https://openalex.org/W4383849244","10.1590/2526-8910.ctoao246532251","Modos de vida, experiências trans e enfrentamentos: considerações para a ação técnica em terapia ocupacional social","2023","Cadernos Brasileiros de Terapia Ocupacional ","https://openalex.org/S4210189390","0104-4931","https://doi.org/10.1590/2526-8910.ctoao246532251","aberto","Késia Maria Maximiano de Melo; Roseli Esquerdo Lopes","Roseli Esquerdo Lopes","HFSE"
"https://openalex.org/W4389494938","10.1590/2526-8910.ctoao271135351","Mudanças para a permanência: a marca da dualidade pedagógica em diferentes projetos para o ensino médio no Brasil","2023","Cadernos Brasileiros de Terapia Ocupacional ","https://openalex.org/S4210189390","0104-4931","https://doi.org/10.1590/2526-8910.ctoao271135351","aberto","Stéphany Conceição Correia Alves Guedes Reis; Roseli Esquerdo Lopes","Roseli Esquerdo Lopes","HFSE"
"https://openalex.org/W4387132212","10.31639/rbpfp.v15i33.697","NARRATIVAS DE PROFESSORES, PROCESSOS REFLEXIVOS E PROFISSIONALIDADE DOCENTE EM UMA COMUNIDADE DE APRENDIZAGEM ONLINE","2023","Formação Docente – Revista Brasileira de Pesquisa sobre Formação de Professores","https://openalex.org/S4210178422","2176-4360","https://doi.org/10.31639/rbpfp.v15i33.697","aberto","Rosa Maria Moraes Anunciato","Rosa Maria Moraes Anunciato","FPOAE"
"https://openalex.org/W4375826750","10.1590/1980-4415v37n75a02","Narrativas Mônadas acerca de Matemática de EstudantesProfessoras em um Curso de Pedagogia Parfor da Região Amazônica","2023","Bolema Boletim de Educação Matemática","https://openalex.org/S4210176729","0103-636X","https://doi.org/10.1590/1980-4415v37n75a02","aberto","Flávio Augusto Leite Taveira; Klinger Teodoro Ciríaco; Deise Aparecida Peralta","Klinger Teodoro Ciríaco","FPOAE"
"https://openalex.org/W4385270363","10.36311/1519-0110.2023.v24.e023005","NEA UFSCAR E A PEDAGOGIA DO CAMINHAR","2023","Revista ORG & DEMO","https://openalex.org/S4210226875","1519-0110","https://doi.org/10.36311/1519-0110.2023.v24.e023005","aberto","Joelson Gonçalves de Carvalho; Eduardo Rezende PEREIRA","Joelson Gonçalves de Carvalho","EPFH"
"https://openalex.org/W4362472854","10.36556/eol.v18i42.1272","Notas teóricas sobre educação, ciência e neoliberalismo no Brasil","2023","Educação Online","https://openalex.org/S4210224037","1809-3760","https://doi.org/10.36556/eol.v18i42.1272","aberto","Everton Henrique Eleutério Fargoni; Mayna Zacarias; João dos Reis Silva Júnior","Joao dos Reis Silva Junior","EPFH"
"https://openalex.org/W4362649107","10.1590/es.271371","NOVAS POSSIBILIDADES HISTÓRICAS PARA A DEMOCRACIA E PARA A EDUCAÇÃO PÚBLICA","2023","Educação & Sociedade","https://openalex.org/S2737687728","0101-7330","https://doi.org/10.1590/es.271371","aberto","Roberto Leher; Ivany Rodrigues Pino; Antônio Álvaro Soares Zuin; Luana Costa Almeida; Adriana Aparecida Dragone Silveira; Cláudio Almir Dalbosco; Carmen Sylvia Vidigal Moraes; Débora Mazza; Nelson Cardoso Amaral; Sandra Maria Zákia Lian Sousa; Ana Maria F. Almeida; Celso João Ferretti; Vicente Sisto; Pedro Goergen; Salomão Barros Ximenes; Licínio C. Lima; Anderson Ricardo Trevisan; Xavier Rambla","Luana Costa Almeida; Antonio Alvaro Soares Zuin","EETPC; ECS"
"https://openalex.org/W4412533866","10.36704/ppp.v17i32.8052","O ANTIRRACISMO E LIMITES DA DEMOCRACIA LIBERAL:","2023","Perspectivas em Políticas Públicas","https://openalex.org/S4387284268","1983-3733","https://doi.org/10.36704/ppp.v17i32.8052","aberto","Ana Cristina Juvenal da Cruz","Ana Cristina Juvenal da Cruz","RED"
"https://openalex.org/W4392940180","10.14244/198271996105","O que aprendemos com o ensino remoto emergencial? Possibilidades e desafios para a docência","2023","Revista Eletrônica de Educação","https://openalex.org/S2736679368","1982-7199","https://doi.org/10.14244/198271996105","aberto","Natália Neves Macedo Deimling; Aline Maria de Medeiros Rodrigues Reali","Aline Maria de Medeiros Rodrigues Reali","FPOAE"
"https://openalex.org/W4366085164","10.30681/21787476.2022.38.139157","O USO REFLEXO DE DOSSIÊS NA HISTÓRIA DA EDUCAÇÃO: revelando estratégias de fortalecimento no campo científico","2023","Revista da Faculdade de Educação","https://openalex.org/S4210201496","1679-4273","https://doi.org/10.30681/21787476.2022.38.139157","aberto","Susy Santos Pereira; Carlos Roberto Massao Hayashi","Carlos Roberto Massao Hayashi","HFSE"
"https://openalex.org/W4313886571","10.1590/2526-8910.ctoar256533472","Occupational therapy and rural environment: a scoping review","2023","Cadernos Brasileiros de Terapia Ocupacional ","https://openalex.org/S4210189390","0104-4931","https://doi.org/10.1590/2526-8910.ctoar256533472","aberto","Mateus Francisco da Silva; Magno Nunes Farias; Roseli Esquerdo Lopes","Roseli Esquerdo Lopes","HFSE"
"https://openalex.org/W4390443891","10.20873/riecim.v3i1.17324","OS ANABOLIZANTES COMO TEMA CONTROVERSO: UM ESTUDO A PARTIR DA METODOLOGIA ABP","2023","Revista Interdisciplinar em Ensino de Ciências e Matemática","https://openalex.org/S4387289223","2764-2534","https://doi.org/10.20873/riecim.v3i1.17324","aberto","Isabela Gonçalves da Gama; Ettore Paredes Antunes","Ettore Paredes Antunes","ECM"
"https://openalex.org/W4386354327","10.55838/1980-3540.ge.2023.474","Os brócolis são amargos? Um modelo didático para abordar sensibilidade ao PTC","2023","Genética na Escola","https://openalex.org/S4387282516","1980-3540","https://doi.org/10.55838/1980-3540.ge.2023.474","aberto","Bárbara Cunha Padilha Antonio; Denise de Freitas; Andréa Cristina Peripato","Denise de Freitas","ECM"
"https://openalex.org/W4386425757","10.12957/teias.2023.72635","Os desafios da parceria entre universidade e escola no estágio supervisionado de docência","2023","Revista TEIAS","https://openalex.org/S4210184226","1518-5370","https://doi.org/10.12957/teias.2023.72635","aberto","Dijnane Vedovatto; Bianca Carolina Marcasso Rossi","Dijnane Fernanda Vedovatto Machado","FPOAE"
"https://openalex.org/W4400280214","10.18264/eadf.v13i1.2030","Os Fóruns de Discussão na Educação a Distância: Estudo de Caso num Curso de Especialização","2023","EAD em FOCO","https://openalex.org/S4210226534","2177-8310","https://doi.org/10.18264/eadf.v13i1.2030","aberto","Ricardo Matheus Pires; Braian Veloso","Braian Garrito Veloso","ECS"
"https://openalex.org/W4385271317","10.25214/25907816.1591","Palavras, conceitos e contextos históricos e culturais:","2023","Revista Ocupación Humana","https://openalex.org/S4210228185","0122-0942","https://doi.org/10.25214/25907816.1591","aberto","Ana Paula Serrata Malfitano; Patrícia Leme de Oliveira Borba; Roseli Esquerdo Lopes","Roseli Esquerdo Lopes","HFSE"
"https://openalex.org/W4313470907","10.37618/paradigma.1011-2251.2023.p225-247.id1112","PASANTÍAS SUPERVISADAS EN PEDAGOGÍA Y PROFESIONALIZACIÓN DE LA ENSEÑANZA: ¿QUÉ APUNTAN LAS BÚSQUEDAS SOBRE ESA CORRELACIÓN?","2023","PARADIGMA","https://openalex.org/S4210168080","1011-2251","https://doi.org/10.37618/paradigma.1011-2251.2023.p225-247.id1112","aberto","Renata Frigeni Stein; Mariana Fiório; Márcia Regina Onofre; Samuel de Souza Neto","Márcia Regina Onofre","FPOAE"
"https://openalex.org/W4385153467","10.1590/0102-469837653t","PEDAGOGICAL FORMATION IN DIALOGICAL LEARNING: CONTRIBUTIONS TO TEACHER TRAINING IN TIMES OF SOCIAL DISTANCING","2023","Educação em Revista","https://openalex.org/S4210230971","0102-4698","https://doi.org/10.1590/0102-469837653t","aberto","Vivian Massullo Silva; Fabiana Marini Braga; Amanda de Jesus Alvarenga Carvalho; Raquel Moreira","Fabiana Marini Braga","EETPC"
"https://openalex.org/W4385267315","10.17533/udea.rib.v46n3e345683","Peer-Review post-mortem: análisis de obituarios académicos publicados en la Revista Estudos Feministas","2023","Revista Interamericana de Bibliotecología","https://openalex.org/S2738570033","0120-0976","https://doi.org/10.17533/udea.rib.v46n3e345683","aberto","María Cristina Piumbato Innocentini Hayashi; Alexandre Masson Maroldi; Carlos Roberto Massao Hayashi","Carlos Roberto Massao Hayashi; Maria Cristina Piumbato Innocentini Hayashi","HFSE"
"https://openalex.org/W4387165432","10.37001/remat25269062v20id367","Perfil profissional e acadêmico de formadores de professores que atuam nas Licenciaturas em Matemática e em Pedagogia","2023","Revista de Educação Matemática","https://openalex.org/S4210206594","1676-8868","https://doi.org/10.37001/remat25269062v20id367","aberto","Cármen Lúcia Brancaglion Passos; Everaldo Gomes Leandro","Carmen Lucia Brancaglion Passos","ECM"
"https://openalex.org/W4389479896","10.3895/etr.v7n1.16712","Pesquisas de base ou tecnológicas: influência de docentes na formação de pós-graduandos","2023","Ensino e Tecnologia em Revista","https://openalex.org/S4210218422","2594-3901","https://doi.org/10.3895/etr.v7n1.16712","aberto","Aline Samara Lima de Jesus; Yana Bárbara da Silva Teixeira; Ettore Paredes Antunes","Ettore Paredes Antunes","ECM"
"https://openalex.org/W4389491365","10.3895/actio.v8n3.16694","Podcast as a tool for scientific and technological literacy in the teaching of chemistry in the new high school","2023","ACTIO Docência em Ciências","https://openalex.org/S4210217385","2525-8923","https://doi.org/10.3895/actio.v8n3.16694","aberto","Cenaar Klippel Aguiar; Ettore Paredes Antunes","Ettore Paredes Antunes","ECM"
"https://openalex.org/W4403674490","10.12957/teias.2023.64513","Pode a criança falar? Sobre feminismos subalternos, infâncias e educação infantil.","2023","Revista TEIAS","https://openalex.org/S4210184226","1518-5370","https://doi.org/10.12957/teias.2023.64513","aberto","Andrea Braga Moruzzi; Anete Abramowicz","Andrea Braga Moruzzi","RED"
"https://openalex.org/W4389222720","10.1590/s1678-4634202349271463eng","Political subjectivations in the field: youth itineraries and the June 2013 Journeys","2023","Educação e Pesquisa","https://openalex.org/S2736467988","1517-9702","https://doi.org/10.1590/s1678-4634202349271463eng","aberto","Luís Antônio Groppo; Gislene Silva; Josefa Alexandrina da Silva; Luiz Carlos Felizardo Júnior; Marcelo Rodrigues Conceição; Vitória Neres Soares","Luís Antonio Groppo","HFSE"
"https://openalex.org/W4391566856","10.59306/poiesis.v17e322023265-284","PRÁTICAS DE LEITURAS E DE LETRAMENTOS COMO CAMINHOS PARA UM PROCESSO DE ALFABETIZAÇÃO SIGNIFICATIVO","2023","Poiésis - Revista do Programa de Pós-Graduação em Educação","https://openalex.org/S4210172932","2179-2534","https://doi.org/10.59306/poiesis.v17e322023265-284","aberto","A. Hermann; Luís Fernando Soares Zuin; Poliana Bruno Zuin","Poliana Bruno Zuin","HFSE"
"https://openalex.org/W4403067485","10.5935/2238-1279.2023037","Práticas Pedagógicas Transformadoras Escolares na Educação de Jovens e Adultos: contribuições de revistas da América Latina e Caribe","2023","Revista Educação e Cultura Contemporânea/Educação e Cultura Contemporânea","https://openalex.org/S4210197880","1807-2194","https://doi.org/10.5935/2238-1279.2023037","aberto","Igor Gabriel Leal; Jarina Rodrigues Fernandes","Jarina Rodrigues Fernandes","EETPC"
"https://openalex.org/W4376601959","10.23925/1983-3156.2023v25i1p25-46","Problematizando a emergência da modelagem matemática na educação matemática","2023","Educação Matemática Pesquisa Revista do Programa de Estudos Pós-Graduados em Educação Matemática","https://openalex.org/S4210175120","1516-5388","https://doi.org/10.23925/1983-3156.2023v25i1p25-46","aberto","Maria Carolina Machado Magnus; Ademir Donizeti Caldeira; Claúdia Glavam Duarte","Ademir Donizeti Caldeira","ECM"
"https://openalex.org/W4386632083","10.46312/pem.v16i43.17907","Professoras de Bebês e Crianças Bem Pequenas: Experiências com a Linguagem Matemática na Creche","2023","Perspectivas da Educação Matemática","https://openalex.org/S4210210130","1982-7652","https://doi.org/10.46312/pem.v16i43.17907","aberto","Klinger Teodoro Ciríaco; Priscila Domingues de Azevedo; Marcielli de Lemos Cremoneze","Klinger Teodoro Ciríaco","FPOAE"
"https://openalex.org/W4386411145","10.12957/teias.2023.74204","Professores(as) formadores(as) e suas percepções sobre a matemática na educação infantil: elementos para um projeto formativo","2023","Revista TEIAS","https://openalex.org/S4210184226","1518-5370","https://doi.org/10.12957/teias.2023.74204","aberto","Klinger Teodoro Ciríaco; Cicero Augusto dos Santos","Klinger Teodoro Ciríaco","FPOAE"
"https://openalex.org/W4387672989","10.20396/etd.v25i00.8671273","Programas de mentoria da UFSCar","2023","ETD - Educação Temática Digital","https://openalex.org/S2737549463","1676-2592","https://doi.org/10.20396/etd.v25i00.8671273","aberto","Aline Maria de Medeiros Rodrigues Reali; Ana Paula Gestoso de Souza; Carolina Marini; Bruna Cury de Barros","Aline Maria de Medeiros Rodrigues Reali; Ana Paula Gestoso de Souza","FPOAE"
"https://openalex.org/W4379741973","10.24109/2176-6673.emaberto.36i116.5473","Progressos e regressos da educação superior no Brasil nas primeiras décadas do século 21","2023","Em Aberto","https://openalex.org/S4210197720","0104-1037","https://doi.org/10.24109/2176-6673.emaberto.36i116.5473","aberto","Everton Henrique Eleutério Fargoni; João dos Reis Silva Júnior; Afrânio Mendes Catani","Joao dos Reis Silva Junior","EPFH"
"https://openalex.org/W4377232551","10.52894/ceci.2763-6623.v1.n1.e202108","Projeto Pensar, ação investigativa de extensão: relato de experiência","2023","Caderno Amazonense de Pesquisa em Ensino de Ciencias e Matemática","https://openalex.org/S4210239443","2763-6623","https://doi.org/10.52894/ceci.2763-6623.v1.n1.e202108","aberto","Yana Bárbara da Silva Teixeira; Aline Samara Lima de Jesus; Jullia Negreiros Moraes; Ettore Paredes Antunes","Ettore Paredes Antunes","ECM"
"https://openalex.org/W4388827426","10.1590/1980-265x-tce-2023-0108pt","PUERPÉRIO IMEDIATO NA PANDEMIA: HISTÓRIA ORAL DE MULHERES À LUZ DOS MODELOS DE ASSISTÊNCIA OBSTÉTRICA","2023","Texto & Contexto - Enfermagem","https://openalex.org/S83395190","0104-0707","https://doi.org/10.1590/1980-265x-tce-2023-0108pt","aberto","Naiane Ribeiro Prandini; Silvana Regina Rossi Kissula Souza; Ana Paula Prata; Ana Clara Antunes Pereira Resende; Catia Campaner Ferrari Bernardy; Marilene Loewen Wall; Natália Rejane Salim; Tatiane Herreira Trigueiro","Natália Rejane Salim","PSPE"
"https://openalex.org/W4388189317","10.1590/es.266708","RANKINGS, TRABALHO DO PESQUISADOR E CAPITAL FINANCEIRO","2023","Educação & Sociedade","https://openalex.org/S2737687728","0101-7330","https://doi.org/10.1590/es.266708","aberto","João dos Reis Silva Júnior","Joao dos Reis Silva Junior","EPFH"
"https://openalex.org/W4385342474","10.36704/sdhe.v6i1.7397","Reflexões sobre o fazer pesquisa em Educação em Direitos Humanos nas realidades latino-americanas","2023","SCIAS Direitos Humanos e Educação","https://openalex.org/S4387282647","2596-1772","https://doi.org/10.36704/sdhe.v6i1.7397","aberto","Caroline Martins de Sousa; Elenice Maria Cammarosano Onofre","Elenice Maria Cammarosano Onofre","EPFH"
"https://openalex.org/W4391254541","10.22410/issn.1983-0378.v44i2a2023.3424","REFLEXÕES SOBRE OS DESAFIOS DA DOCÊNCIA NA EDUCAÇÃO A DISTÂNCIA","2023","Signos","https://openalex.org/S4210207729","1413-0416","https://doi.org/10.22410/issn.1983-0378.v44i2a2023.3424","aberto","Deise Becker Kirsch; Braian Veloso","Braian Garrito Veloso","ECS"
"https://openalex.org/W4389981964","10.5380/jpe.v17i2.91868","RELAÇÕES ENTRE ESTILOS DE LIDERANÇA, FORMAS DE SELEÇÃO DE DIRETORES E PRÁTICAS DE GESTÃO ESCOLAR","2023","Jornal de Políticas Educacionais","https://openalex.org/S4210169763","1981-1969","https://doi.org/10.5380/jpe.v17i2.91868","aberto","Shirley Aparecida Gava; Renata Maria Moschen Nascente","Renata Maria Moschen Nascente","EETPC"
"https://openalex.org/W4378469922","10.20396/rdbci.v21i00.8671811","Revistas predatórias","2023","RDBCI Revista Digital de Biblioteconomia e Ciência da Informação","https://openalex.org/S2737422535","1678-765X","https://doi.org/10.20396/rdbci.v21i00.8671811","aberto","José Augusto Chaves Guimarães; María Cristina Piumbato Innocentini Hayashi","Maria Cristina Piumbato Innocentini Hayashi","HFSE"
"https://openalex.org/W4389805076","10.20873/rtg.v13i29.16037","SABERES GEOGRÁFICOS NOS ANOS INICIAIS DO ENSINO FUNDAMENTAL","2023","Revista Tocantinense de Geografia","https://openalex.org/S4210219637","2317-9430","https://doi.org/10.20873/rtg.v13i29.16037","aberto","Jéferson Muniz Alves Gracioli; Rosa Maria Moraes Anunciato","Rosa Maria Moraes Anunciato","FPOAE"
"https://openalex.org/W4388777713","10.1590/0102-469841187","SAINDO DA “TORRE DE MARFIM”: A PREVENÇÃO DE VIOLÊNCIA BASEADA NA ORIENTAÇÃO SEXUAL E IDENTIDADE DE GÊNERO NA UNIVERSIDADE","2023","Educação em Revista","https://openalex.org/S4210230971","0102-4698","https://doi.org/10.1590/0102-469841187","aberto","ENAYTON PERASSOLI; Alexandre Rodrigo Nishiwaki da Silva","Alexandre Rodrigo Nishiwaki da Silva","FPOAE"
"https://openalex.org/W4391318656","10.5944/hme.18.2023.34375","Seeking Gramsci in the work of Brian Simon","2023","Historia y Memoria de la Educación","https://openalex.org/S2739302436","2444-0043","https://doi.org/10.5944/hme.18.2023.34375","aberto","Marisa Bittar","Marisa Bittar","HFSE"
"https://openalex.org/W4395102495","10.29327/2197923.17.37-1","SITUAÇÕES DE VIOLÊNCIAS NO ÂMBITO ESCOLAR BRASILEIRO: OFICINAS FORMATIVAS NA MENTORIA DE DIRETORES ESCOLARES","2023","Cadernos da Pedagogia","https://openalex.org/S4387288738","1982-4440","https://doi.org/10.29327/2197923.17.37-1","aberto","Maria Cecília Luiz; Jéssica Veloso Morito; Rafaela Marchetti","Maria Cecilia Luiz","ECS"
"https://openalex.org/W4362710165","10.1590/2526-8910.ctoao262234212","Social occupational therapy and social justice: dialogues based on the demands of trans populations","2023","Cadernos Brasileiros de Terapia Ocupacional ","https://openalex.org/S4210189390","0104-4931","https://doi.org/10.1590/2526-8910.ctoao262234212","aberto","Késia Maria Maximiano de Melo; Magno Nunes Farias; Roseli Esquerdo Lopes","Roseli Esquerdo Lopes","HFSE"
"https://openalex.org/W4389222572","10.1590/s1678-4634202349271463por","Subjetivações políticas em campo: itinerários juvenis e as Jornadas de Junho de 2013","2023","Educação e Pesquisa","https://openalex.org/S2736467988","1517-9702","https://doi.org/10.1590/s1678-4634202349271463por","aberto","Luís Antônio Groppo; Gislene Silva; Josefa Alexandrina da Silva; Luiz Carlos Felizardo Júnior; Marcelo Rodrigues Conceição; Vitória Neres Soares","Luís Antonio Groppo","HFSE"
"https://openalex.org/W4388563435","10.18675/1981-8106.v33.n.66.s17714","Teatro do Oprimido com jovens em medidas socioeducativas: A construção do Projeto de Vida","2023","Educação","https://openalex.org/S2738946615","1517-9869","https://doi.org/10.18675/1981-8106.v33.n.66.s17714","aberto","Mariana Cunico da Silva; Débora Cristina Fonseca","Débora Cristina Fonseca","EPFH"
"https://openalex.org/W4377293876","10.1590/cc271503","TECNOLOGIA E EDUCAÇÃO: CIÊNCIAS, COMPUTAÇÃO (DES)PLUGADA E PENSAMENTO COMPUTACIONAL NA EDUCAÇÃO DE CRIANÇAS DE 4 A 10 ANOS","2023","Cadernos CEDES","https://openalex.org/S63371229","0101-3262","https://doi.org/10.1590/cc271503","aberto","Vânia Paula de Almeida Néris; Alessandra Arce Hai","Alessandra Arce Hai","ECS"
"https://openalex.org/W4387268095","10.23925/1809-3876.2023v21e61652","Tecnologias e Currículo da EJA no Brasil em Tempos de Pandemia","2023","Revista e-Curriculum","https://openalex.org/S4210187470","1809-3876","https://doi.org/10.23925/1809-3876.2023v21e61652","aberto","Jarina Rodrigues Fernandes; Marcela Fontão Nogueira; Mariah Cruz de Souza Tronco","Jarina Rodrigues Fernandes","EETPC"
"https://openalex.org/W4382600334","10.11606/issn.2238-6149.v33i1pe209610","Terapia ocupacional e a armadilha neoliberal progressista: desafios para uma práxis antiopressiva","2023","Revista de Terapia Ocupacional da Universidade de São Paulo","https://openalex.org/S4210174686","1415-9104","https://doi.org/10.11606/issn.2238-6149.v33i1pe209610","aberto","Magno Nunes Farias; Roseli Esquerdo Lopes","Roseli Esquerdo Lopes","HFSE"
"https://openalex.org/W4313887196","10.1590/2526-8910.ctoar256533471","Terapia ocupacional e meio rural: uma revisão de escopo","2023","Cadernos Brasileiros de Terapia Ocupacional ","https://openalex.org/S4210189390","0104-4931","https://doi.org/10.1590/2526-8910.ctoar256533471","aberto","Mateus Francisco da Silva; Magno Nunes Farias; Roseli Esquerdo Lopes","Roseli Esquerdo Lopes","HFSE"
"https://openalex.org/W4362710160","10.1590/2526-8910.ctoao262234211","Terapia ocupacional social e justiça social: diálogos a partir das demandas trans","2023","Cadernos Brasileiros de Terapia Ocupacional ","https://openalex.org/S4210189390","0104-4931","https://doi.org/10.1590/2526-8910.ctoao262234211","aberto","Késia Maria Maximiano de Melo; Magno Nunes Farias; Roseli Esquerdo Lopes","Roseli Esquerdo Lopes","HFSE"
"https://openalex.org/W4387845131","10.20873/uft.rbec.e14582","Terapia ocupacional social junto a jovens pobres rurais: ações na escola pública","2023","Revista Brasileira de Educação do Campo","https://openalex.org/S2738740277","2525-4863","https://doi.org/10.20873/uft.rbec.e14582","aberto","Magno Nunes Farias; Lívia Celegati Pan; Roseli Esquerdo Lopes","Roseli Esquerdo Lopes","HFSE"
"https://openalex.org/W4323832190","10.37001/ripem.v13i1.3193","The argument of mathematical modelling and the construction of the mediator-mentor teacher in the Brazilian scenery: engendering a network of knowledges","2023","Revista Internacional de Pesquisa em Educação Matemática","https://openalex.org/S4210197935","2238-0345","https://doi.org/10.37001/ripem.v13i1.3193","aberto","Betina Cambi; Ademir Donizeti Caldeira","Ademir Donizeti Caldeira","ECM"
"https://openalex.org/W4386387942","10.29333/mathsciteacher/13630","The concept of computational thinking in mathematics education","2023","Journal of Mathematics and Science Teacher","https://openalex.org/S4210176850","2752-6054","https://doi.org/10.29333/mathsciteacher/13630","aberto","Eloísa Rosotti Navarro; Maria do Carmo de Sousa","Maria do Carmo de Sousa","ECM"
"https://openalex.org/W4379230583","10.1590/s1413-24782023280047","The elementary school and teachers work qualification: challenges and perspectives of the professional master's program in Education","2023","Revista Brasileira de Educação","https://openalex.org/S2736711335","1413-2478","https://doi.org/10.1590/s1413-24782023280047","aberto","Maria do Carmo de Sousa; Dulcimeire Aparecida Volante Zanon","Maria do Carmo de Sousa","ECM"
"https://openalex.org/W4385151784","10.1590/0102-469835663t","THE REORGANIZATION OF THE FAMILY LIFE WITH CHILDREN DURING COVID-19 PANDEMIC IN BRAZIL","2023","Educação em Revista","https://openalex.org/S4210230971","0102-4698","https://doi.org/10.1590/0102-469835663t","aberto","Aline Sommerhalder; Luana Zanotto; Anna Aluffi Pentini","Aline Sommerhalder","EETPC"
"https://openalex.org/W4387148638","10.14244/198271995018","Tutoria entre pares: uma prática educativa aliada à permanência universitária","2023","Revista Eletrônica de Educação","https://openalex.org/S2736679368","1982-7199","https://doi.org/10.14244/198271995018","aberto","Hellen Cristina Xavier da Silva Mattos; Maria Cristina da Silveira Galan Fernandes","Maria Cristina da Silveira Galan Fernandes","EPFH"
"https://openalex.org/W4327752712","10.21166/rext.v9i18.2153","Um balanço das ações de extensão do Grupo de Estudos sobre a juventude da UNIFAL-MG no contexto da pandemia","2023","Revista de Extensão Tecnológica","https://openalex.org/S4210204049","2358-2499","https://doi.org/10.21166/rext.v9i18.2153","aberto","Douglas Franco Bortone; Josefa Alexandrina da Silva; Luís Antônio Groppo","Luís Antonio Groppo","HFSE"
"https://openalex.org/W4386831636","10.1590/es.273812","UNIVERSIDADE E FORMAÇÃO NA ERA DA CULTURA DIGITAL","2023","Educação & Sociedade","https://openalex.org/S2737687728","0101-7330","https://doi.org/10.1590/es.273812","aberto","Eldon Henrique Mühl; Antônio Álvaro Soares Zuin; Pedro Goergen","Antonio Alvaro Soares Zuin","ECS"
"https://openalex.org/W4386304403","10.29286/rep.v32ijan/dez.11925","VIOLÊNCIA E CULTURA DIGITAL: O CYBERBULLYING DE ALUNOS DO ENSINO MÉDIO CONTRA PROFESSORES NO YOUTUBE","2023","Revista de Educação Pública","https://openalex.org/S4210186873","0104-5962","https://doi.org/10.29286/rep.v32ijan/dez.11925","aberto","Camila Sandim de Castro; Antônio Álvaro Soares Zuin","Antonio Alvaro Soares Zuin","ECS"
"https://openalex.org/W4383877808","10.1590/2526-8910.ctoao246532252","Ways of life, experiences, and confrontations of transgender people: considerations for professional action in social occupational therapy","2023","Cadernos Brasileiros de Terapia Ocupacional ","https://openalex.org/S4210189390","0104-4931","https://doi.org/10.1590/2526-8910.ctoao246532252","aberto","Késia Maria Maximiano de Melo; Roseli Esquerdo Lopes","Roseli Esquerdo Lopes","HFSE"
"https://openalex.org/W4385804707","10.18316/rcd.v15i37.10909","WRITING EDUCATIONAL GAMES","2023","Conhecimento & Diversidade","https://openalex.org/S4210182007","1983-3695","https://doi.org/10.18316/rcd.v15i37.10909","aberto","Daniel Mill; Priscila Andreoni Ribeiro; Braian Veloso","Braian Garrito Veloso; Daniel Ribeiro Silva Mill","ECS"
"https://openalex.org/W4310871071","10.14393/repod-v12n1a2023-67549","“Escola da terra” em tempos de negação da escola","2022","Revista Educação e Políticas em Debate","https://openalex.org/S4210220395","2238-8346","https://doi.org/10.14393/repod-v12n1a2023-67549","aberto","Luiz Bezerra Neto","Luiz Bezerra Neto","EPFH"
"https://openalex.org/W4285092037","10.15448/1981-2582.2022.1.34441","“Sigo procurando quem eu sou, sou o que quero ser!”","2022","Educação","https://openalex.org/S4210209057","0101-465X","https://doi.org/10.15448/1981-2582.2022.1.34441","aberto","Rosana Martins; Rosa Maria Moraes Anunciato","Rosa Maria Moraes Anunciato","FPOAE"
"https://openalex.org/W4310382685","10.14393/obv6n3.a2022-67179","“Vou fazer um poema!”: análise de um caso de ensino sob a ótica da Teoria Histórico-Cultural","2022","Obutchénie Revista de Didática e Psicologia Pedagógica","https://openalex.org/S4210189389","2526-7647","https://doi.org/10.14393/obv6n3.a2022-67179","aberto","Heloisa Aparecida Candido Miquelino; Maria Estely Rodrigues Teles; Jarina Rodrigues Fernandes","Jarina Rodrigues Fernandes","EETPC"
"https://openalex.org/W4294672300","10.5216/ree.v24.69008","A análise da relação de enfermeiras(os) da estratégia saúde da família com a sua profissão","2022","Revista Eletrônica de Enfermagem","https://openalex.org/S4210181833","1518-1944","https://doi.org/10.5216/ree.v24.69008","aberto","Amanda Caetano dos Santos; Flávio Adriano Borges; Pablo Ramon Rodrigues Freitas Ramos Carloni; Natália Sevilha Stofel; Natália Rejane Salim; Márcia Niituma Ogata","Natália Rejane Salim","PSPE"
"https://openalex.org/W4313306034","10.18222/eae.v33.8515","A autonomia-heterônoma na gestão da pós-graduação no Brasil: o caso PPGE-UFSCar","2022","Estudos em Avaliação Educacional","https://openalex.org/S4210176890","0103-6831","https://doi.org/10.18222/eae.v33.8515","aberto","José Carlos Rothen; Luiz Roberto Gomes; Maria Eliza Nogueira Oliveira","Luiz Roberto Gomes; Jose Carlos Rothen","ECS; EPFH"
"https://openalex.org/W4282940361","10.21527/2237-6453.2022.58.11657","A Ciência no Estado de Rondônia: Estudo Cientométrico Baseado em Grupos de Pesquisa","2022","Desenvolvimento em Questão","https://openalex.org/S4210199308","1678-4855","https://doi.org/10.21527/2237-6453.2022.58.11657","aberto","Alexandre Masson Maroldi; Luís Fernando Maia Lima; Carlos Roberto Massao Hayashi; María Cristina Piumbato Innocentini Hayashi","Carlos Roberto Massao Hayashi; Maria Cristina Piumbato Innocentini Hayashi","HFSE"
"https://openalex.org/W4320057980","10.4025/actascieduc.v45i1.56231","A constituição do ser professora: novos desafios diante de um cenário de pandemia","2022","Acta Scientiarum Education","https://openalex.org/S2738354532","2178-5198","https://doi.org/10.4025/actascieduc.v45i1.56231","aberto","Ana Paula Gestoso de Souza; Aline Maria de Medeiros Rodrigues Reali","Aline Maria de Medeiros Rodrigues Reali; Ana Paula Gestoso de Souza","FPOAE"
"https://openalex.org/W4213144963","10.51913/revelli.v13i0.12163","A construção da mercadorização no ensino superior no Brasil","2022","REVELLI - Revista de Educação Linguagem e Literatura (ISSN 1984-6576)","https://openalex.org/S4210218400","1984-6576","https://doi.org/10.51913/revelli.v13i0.12163","aberto","ANDRE MOURA BLUNDI FILARDI; Eduardo Pinto e Silva","Eduardo Pinto e Silva","EPFH"
"https://openalex.org/W4226298517","10.1590/1980-6248-2020-0001","A dimensão metodológica da aula: revisitando a organização pedagógica do trabalho docente","2022","Pro-Posições","https://openalex.org/S4210208850","0103-7307","https://doi.org/10.1590/1980-6248-2020-0001","aberto","Luana Costa Almeida","Luana Costa Almeida","EETPC"
"https://openalex.org/W4212796785","10.21879/faeeba2358-0194.2022.v31.n65.p59-74","A Educação Infantil diante dos riscos da COVID-19","2022","Revista da FAEEBA- Educação e Contemporaneidade","https://openalex.org/S4210174506","0104-7043","https://doi.org/10.21879/faeeba2358-0194.2022.v31.n65.p59-74","aberto","Raiza Fernandes Bessa de Oliveira; Aline Sommerhalder","Aline Sommerhalder","EETPC"
"https://openalex.org/W4285179578","10.1590/s1678-4634202248254817por","A educação infantil em tempo de SARS-CoV-2: a (re)organização dos fazeres docentes","2022","Educação e Pesquisa","https://openalex.org/S2736467988","1517-9702","https://doi.org/10.1590/s1678-4634202248254817por","aberto","Aline Sommerhalder; Eveline Tonelotto Barbosa Pott; Concetta La Rocca","Aline Sommerhalder","EETPC"
"https://openalex.org/W4281968311","10.14393/che-v21-2022-97","A educação soviética: da escola para poucos à escola para todos","2022","Cadernos de História da Educação","https://openalex.org/S2737128648","1807-3859","https://doi.org/10.14393/che-v21-2022-97","aberto","María Cristina Piumbato Innocentini Hayashi","Maria Cristina Piumbato Innocentini Hayashi","HFSE"
"https://openalex.org/W4310382665","10.14393/obv6n3.a2022-67177","A formação de conceitos e suas contribuições para o desenvolvimento de crianças na Educação Infantil","2022","Obutchénie Revista de Didática e Psicologia Pedagógica","https://openalex.org/S4210189389","2526-7647","https://doi.org/10.14393/obv6n3.a2022-67177","aberto","Eliane Nicolau da Silva; Maria Aparecida Mello","Maria Aparecida Mello","EETPC"
"https://openalex.org/W4283694980","10.29286/rep.v31ijan/dez.13405","A IMAGEM DO PROFESSOR NOS TEMPOS DA RELAÇÃO COMPUTACIONAL UBÍQUA","2022","Revista de Educação Pública","https://openalex.org/S4210186873","0104-5962","https://doi.org/10.29286/rep.v31ijan/dez.13405","aberto","Antônio Álvaro Soares Zuin","Antonio Alvaro Soares Zuin","ECS"
"https://openalex.org/W4381982679","10.5380/jpe.v16i1.84624","A IMPLANTAÇÃO DO PROGRAMA CRECHE ESCOLA EM ARARAQUARA/SP: ENTRE LIMITES E POSSIBILIDADES","2022","Jornal de Políticas Educacionais","https://openalex.org/S4210169763","1981-1969","https://doi.org/10.5380/jpe.v16i1.84624","aberto","Nayane Moreno Perea; Géssica Priscila Ramos","Gessica Priscila Ramos","EPFH"
"https://openalex.org/W4293099717","10.15600/2238-121x/comunicacoes.v28n3p229-246","A nova gestão pública na política educacional dos governos Alckmin","2022","Comunicações","https://openalex.org/S4210224284","0104-8481","https://doi.org/10.15600/2238-121x/comunicacoes.v28n3p229-246","aberto","Nayane Moreno Perea; Géssica Priscila Ramos","Gessica Priscila Ramos","EPFH"
"https://openalex.org/W4293584236","10.14393/obv6n2.a2022-66639","A organização do ensino de fração na Educação Básica a partir do movimento lógico-histórico","2022","Obutchénie Revista de Didática e Psicologia Pedagógica","https://openalex.org/S4210189389","2526-7647","https://doi.org/10.14393/obv6n2.a2022-66639","aberto","Maria do Carmo de Sousa","Maria do Carmo de Sousa","ECM"
"https://openalex.org/W4206078844","10.18675/1981-8106.v31.n.64.s15645","A PARCERIA ENTRE UNIVERSIDADE E ESCOLA NO ESTÁGIO SUPERVISIONADO: A EXPERIÊNCIA EM QUEBEC","2022","Educação","https://openalex.org/S2738946615","1517-9869","https://doi.org/10.18675/1981-8106.v31.n.64.s15645","aberto","Dijnane Vedovatto; Cécilia Borges","Dijnane Fernanda Vedovatto Machado","FPOAE"
"https://openalex.org/W4312878441","10.18764/2178-2229v29n2.2022.40","A POLÍTICA DE AVALIAÇÃO DA PÓS-GRADUAÇÃO NO BRASIL","2022","Cadernos de Pesquisa","https://openalex.org/S189127735","0102-4175","https://doi.org/10.18764/2178-2229v29n2.2022.40","aberto","Maria Eliza Nogueira Oliveira; José Carlos Rothen","Jose Carlos Rothen","EPFH"
"https://openalex.org/W4284882586","10.3390/su14148289","A Rubric to Evaluate Critical Science Education for Sustainability","2022","Sustainability","https://openalex.org/S10134376","2071-1050","https://doi.org/10.3390/su14148289","aberto","Denise de Freitas; Genina Calafell; Alice Helena Campos Pierson","Alice Helena Campos Pierson; Denise de Freitas","ECM"
"https://openalex.org/W4281735181","10.24933/horizontes.v40i1.1309","A universidade no horizonte de estudantes oriundos de escola pública: um estudo qualitativo sobre a permanência","2022","Horizontes","https://openalex.org/S4210198334","0103-7706","https://doi.org/10.24933/horizontes.v40i1.1309","aberto","Hellen Cristina Xavier da Silva Mattos; Maria Cristina da Silveira Galan Fernandes","Maria Cristina da Silveira Galan Fernandes","EPFH"
"https://openalex.org/W4210712671","10.1590/2526-8910.ctoao21252810","Ação e formação da terapia ocupacional social com os jovens na escola pública","2022","Cadernos Brasileiros de Terapia Ocupacional ","https://openalex.org/S4210189390","0104-4931","https://doi.org/10.1590/2526-8910.ctoao21252810","aberto","Lívia Celegati Pan; Roseli Esquerdo Lopes","Roseli Esquerdo Lopes","HFSE"
"https://openalex.org/W4385258564","10.59306/poiesis.v16e302022377-395","ALFABETIZAÇÃO E LETRAMENTO NA EDUCAÇÃO ESPECIAL:","2022","Poiésis - Revista do Programa de Pós-Graduação em Educação","https://openalex.org/S4210172932","2179-2534","https://doi.org/10.59306/poiesis.v16e302022377-395","aberto","Stéphanie Eulália de Jesus Sabará; Taísa Grasiela Gomes Liduenha Gonçalves; María Cristina Piumbato Innocentini Hayashi","Maria Cristina Piumbato Innocentini Hayashi","HFSE"
"https://openalex.org/W4297201113","10.1186/s12884-022-05008-z","Antenatal care as a risk factor for caesarean section: a case study in Brazil","2022","BMC Pregnancy and Childbirth","https://openalex.org/S123732490","1471-2393","https://doi.org/10.1186/s12884-022-05008-z","aberto","Márcia Regina Cangiani Fabbro; Mônika Wernet; Nayara Girardi Baraldi; Jamile Claro de Castro Bussadori; Natália Rejane Salim; Bernardino Geraldo Alves Souto; Andréa dos Reis Fermiano","Natália Rejane Salim","PSPE"
"https://openalex.org/W4312062197","10.18675/1981-8106.v31.n.64.s17358","Apresentação","2022","Educação","https://openalex.org/S2738946615","1517-9869","https://doi.org/10.18675/1981-8106.v31.n.64.s17358","aberto","Carla Andréa Brande; Emilía Freitas de Lima; Laura Noemi Chaluh; Marisol Barenco de Mello; Silmara de Oliveira Gomes Papi","Emilia Freitas de Lima","EETPC"
"https://openalex.org/W4220693405","10.51913/revelli.v13i0.12950","APRESENTAÇÃO","2022","REVELLI - Revista de Educação Linguagem e Literatura (ISSN 1984-6576)","https://openalex.org/S4210218400","1984-6576","https://doi.org/10.51913/revelli.v13i0.12950","aberto","Deise Mancebo; João Ferreira de Oliveira; João dos Reis Silva Júnior","Joao dos Reis Silva Junior","EPFH"
"https://openalex.org/W4310382704","10.14393/obv6n3.a2022-67174","Apresentação: Dossiê “Pesquisas e desafios da Teoria Histórico-Cultural na Escola”","2022","Obutchénie Revista de Didática e Psicologia Pedagógica","https://openalex.org/S4210189389","2526-7647","https://doi.org/10.14393/obv6n3.a2022-67174","aberto","Maria Aparecida Mello","Maria Aparecida Mello","EETPC"
"https://openalex.org/W4224261116","10.1080/03004279.2022.2052230","Art and aesthetic education in the Reggio Emilia Approach","2022","Education 3-13","https://openalex.org/S4210199935","0300-4279","https://doi.org/10.1080/03004279.2022.2052230","aberto","Lorenzo Manera","Lorenzo Manera","EETPC"
"https://openalex.org/W4214937518","10.1590/2526-8910.ctoen22983031","As estruturas da vida cotidiana e a terapia ocupacional: tensionando limites e possibilidades no/do exercício profissional","2022","Cadernos Brasileiros de Terapia Ocupacional ","https://openalex.org/S4210189390","0104-4931","https://doi.org/10.1590/2526-8910.ctoen22983031","aberto","Waldez Cavalcante Bezerra; Roseli Esquerdo Lopes; Ana Carolina de Souza Basso","Roseli Esquerdo Lopes","HFSE"
"https://openalex.org/W4291238248","10.37001/remat25269062v19id686","Atitudes, experiências e aprendizagens relacionadas à Matemática do adulto-futuro-professor na licenciatura em Pedagogia","2022","Revista de Educação Matemática","https://openalex.org/S4210206594","1676-8868","https://doi.org/10.37001/remat25269062v19id686","aberto","Cíntia Raquel Ferreira Mercado de Almeida; Klinger Teodoro Ciríaco","Klinger Teodoro Ciríaco","FPOAE"
"https://openalex.org/W4206949002","10.14295/rds.v23i1.12598","BASE DE CONHECIMENTOS DE PROFESSORES DE EDUCAÇÃO FÍSICA NA PRÉ-ESCOLA: O CONHECIMENTO DO SUJEITO E O CONHECIMENTO DO CONTEÚDO","2022","Revista Didática Sistêmica","https://openalex.org/S4210195664","1809-3108","https://doi.org/10.14295/rds.v23i1.12598","aberto","Luana Zanotto; Fernando Donizete Alves; Carlos Januário","Fernando Donizete Alves","EETPC"
"https://openalex.org/W4311943177","10.7867/1809-03542022e9936","BASE NACIONAL COMUM CURRICULAR E O SETOR PRIVADO NA EDUCAÇÃO: uma relação de colaboração?","2022","Atos de Pesquisa em Educação","https://openalex.org/S4210225567","1809-0354","https://doi.org/10.7867/1809-03542022e9936","aberto","Bia Carvalho; Géssica Priscila Ramos","Gessica Priscila Ramos","EPFH"
"https://openalex.org/W4311402349","10.26843/rencima.v13n6a23","Brazilian Nacional Curriculum and Socio-Scientific Issues: openings and (im)possibilities for Science Education in the Elementary School","2022","Revista de Ensino de Ciências e Matemática","https://openalex.org/S2736745348","2179-426X","https://doi.org/10.26843/rencima.v13n6a23","aberto","Paulo Gabriel Franco dos Santos; Michel Pisa Carnio; André Vitor Fernandes dos Santos","Michel Pisa Carnio","ECM"
"https://openalex.org/W4311913907","10.33871/22386084.2022.11.22.140-164","CARACTERÍSTICAS DO PROCESSO DE MUNICIPALIZAÇÃO DO ENSINO FUNDAMENTAL I NO ESTADO DE SÃO PAULO","2022","Revista Educação e Linguagens","https://openalex.org/S4210174453","2238-6084","https://doi.org/10.33871/22386084.2022.11.22.140-164","aberto","Ícaro Rodrigo Esposito; Renata Maria Moschen Nascente","Renata Maria Moschen Nascente","EETPC"
"https://openalex.org/W4381189262","10.14244/198271996100","Carta ao/a leitor/a","2022","Revista Eletrônica de Educação","https://openalex.org/S2736679368","1982-7199","https://doi.org/10.14244/198271996100","aberto","Aline Maria de Medeiros Rodrigues Reali","Aline Maria de Medeiros Rodrigues Reali","FPOAE"
"https://openalex.org/W4206716949","10.1080/09669760.2022.2025579","Childhood confined by COVID-19 in Italy and the impacts on the right to education","2022","International Journal of Early Years Education","https://openalex.org/S79215914","0966-9760","https://doi.org/10.1080/09669760.2022.2025579","fechado","Fernando Donizete Alves; Aline Sommerhalder; Concetta La Rocca; Massimo Margottini; Luana Zanotto","Aline Sommerhalder; Fernando Donizete Alves","EETPC"
"https://openalex.org/W4206146055","10.1590/1983-1447.2022.20210040","Communication of bad news in the context of neonatal palliative care: experience of intensivist nurses","2022","Revista gaúcha de enfermagem","https://openalex.org/S2754728905","0102-6933","https://doi.org/10.1590/1983-1447.2022.20210040","aberto","Beatriz Helena Naddaf Camilo; Taynnara Caroline Serafim; Natália Rejane Salim; Álida Maria de Oliveira Andreato; Júlia Rudzinski Roveri; Maira Deguer Misko","Natália Rejane Salim","PSPE"
"https://openalex.org/W4285274316","10.1590/0102-469822101","COMO FORMADORES DE PROFESSORES DE MATEMÁTICA SE TORNAM INVESTIGADORES DA DOCÊNCIA","2022","Educação em Revista","https://openalex.org/S4210230971","0102-4698","https://doi.org/10.1590/0102-469822101","aberto","Flávia Cristina Figueiredo Coura; Cármen Lúcia Brancaglion Passos","Carmen Lucia Brancaglion Passos","ECM"
"https://openalex.org/W4399764175","10.5216/rir.v3i2.72110","Concepções sobre diversidade sexual e de gênero na formação docente: um estudo na Universidade de Cádiz","2022","Itinerarius Reflectionis","https://openalex.org/S2737048891","1679-2009","https://doi.org/10.5216/rir.v3i2.72110","aberto","Nilson Fernandes Dinis","Nilson Fernandes Dinis","ECS"
"https://openalex.org/W4362504530","10.1590/198053149887","CONFIANÇA, OPORTUNIDADE, TEMPO: TRÍADE FUNDAMENTAL NA EDUCAÇÃO INFANTIL","2022","Cadernos de Pesquisa","https://openalex.org/S4210172135","0100-1574","https://doi.org/10.1590/198053149887","aberto","Débora Cristina de Sampaio Peixe; Cleonice Maria Tomazzetti","Cleonice Maria Tomazzetti","FPOAE"
"https://openalex.org/W4205547240","10.18675/1981-8106.v31.n.64.s15228","CONFLITOS, INCIVILIDADES E VIOLÊNCIAS: DESAFIOS DENTRO DA ESCOLA","2022","Educação","https://openalex.org/S2738946615","1517-9869","https://doi.org/10.18675/1981-8106.v31.n.64.s15228","aberto","Maria Cecília Luiz","Maria Cecilia Luiz","ECS"
"https://openalex.org/W4214927694","10.22481/praxisedu.v18i49.9099","Construção de práticas pedagógicas na educação básica em tempos de pandemia","2022","Práxis Educacional","https://openalex.org/S4210197447","1809-0249","https://doi.org/10.22481/praxisedu.v18i49.9099","aberto","Ana Paula Gestoso de Souza; Aline Maria de Medeiros Rodrigues Reali","Aline Maria de Medeiros Rodrigues Reali; Ana Paula Gestoso de Souza","FPOAE"
"https://openalex.org/W4323521438","10.11606/issn.2447-7117.rt.2022.197780","Construindo pífanos: processos educativos emergentes da musicalização no contexto de um projeto de lazer","2022","Revista da Tulha","https://openalex.org/S4210236170","2447-7117","https://doi.org/10.11606/issn.2447-7117.rt.2022.197780","aberto","Murilo Ferreira Velho de Arruda; Luiz Gonçalves","Luiz Gonçalves Junior","PSPE"
"https://openalex.org/W4311794845","10.29181/2594-6463-2022-v6-n3-p236-246","Contribuições da leitura dialógica para a formação do leitor","2022","MOTRICIDADES Revista da Sociedade de Pesquisa Qualitativa em Motricidade Humana","https://openalex.org/S4210194316","2594-6463","https://doi.org/10.29181/2594-6463-2022-v6-n3-p236-246","aberto","Éverton Madaleno Batisteti; Fábio Ricardo Mizuno Lemos; Roseli Rodrigues de Mello","Roseli Rodrigues de Mello","EETPC"
"https://openalex.org/W4390259338","10.34019/2447-5246.2022.v27.37811","CORPOREIDADE NEGRA E O CONTEXTO ESCOLAR","2022","Educação em Foco","https://openalex.org/S4210193678","0104-3293","https://doi.org/10.34019/2447-5246.2022.v27.37811","aberto","Vitoria Fernandes Attilio; Denise Aparecida Corrêa; Fernanda Rossi","Denise Aparecida Correa","PSPE"
"https://openalex.org/W4220699586","10.14393/repod-v11n1a2022-64898","Da desigualdade à democratização do acesso à Universidade: políticas públicas e educacionais no Brasil","2022","Revista Educação e Políticas em Debate","https://openalex.org/S4210220395","2238-8346","https://doi.org/10.14393/repod-v11n1a2022-64898","aberto","Tatiane Cosentino Rodrigues; Fernanda Vieira da Silva Santos; Ana Cristina Juvenal da Cruz","Ana Cristina Juvenal da Cruz; Tatiane Cosentino Rodrigues","RED"
"https://openalex.org/W4290694619","10.22484/2318-5694.2021v9n22p181-203","Deep Web","2022","Tr&iacute ade comunica&ccedil &atilde o cultura e m&iacute dia","https://openalex.org/S4210215662","2318-5694","https://doi.org/10.22484/2318-5694.2021v9n22p181-203","aberto","Marsiel Pacífico; Luiz Roberto Gomes","Luiz Roberto Gomes","ECS"
"https://openalex.org/W4312172537","10.36661/2595-4520.2022v5n5.13286","Desafios e perspectivas da formação inicial de professores(as) que ensinam matemática em um contexto remoto: o que tem a dizer o formador?","2022","Revista Insignare Scientia - RIS","https://openalex.org/S4210196232","2595-4520","https://doi.org/10.36661/2595-4520.2022v5n5.13286","aberto","Mariany Fonseca Garcia; Klinger Teodoro Ciríaco","Klinger Teodoro Ciríaco","FPOAE"
"https://openalex.org/W4320149274","10.1590/1984-0411.85943","Desafios simbólicos da universidade: a perspectiva de estudantes sobre a permanência","2022","Educar em Revista","https://openalex.org/S152657728","0104-4060","https://doi.org/10.1590/1984-0411.85943","aberto","Hellen Cristina Xavier da Silva Mattos; Maria Cristina da Silveira Galan Fernandes","Maria Cristina da Silveira Galan Fernandes","EPFH"
"https://openalex.org/W4220675741","10.24933/horizontes.v40i1.1205","Desenvolvimento do letramento matemático em uma sequência didática nos anos iniciais do ensino fundamental","2022","Horizontes","https://openalex.org/S4210198334","0103-7706","https://doi.org/10.24933/horizontes.v40i1.1205","aberto","Lucía Aranda Moreno; Klinger Teodoro Ciríaco","Klinger Teodoro Ciríaco","FPOAE"
"https://openalex.org/W4285172522","10.1590/1980-6248-2020-0136en","Dialectic of enlightenment and technology: mediation of social networks in the production of violence","2022","Pro-Posições","https://openalex.org/S4210208850","0103-7307","https://doi.org/10.1590/1980-6248-2020-0136en","aberto","Mariana Bergo; Luiz Roberto Gomes","Luiz Roberto Gomes","ECS"
"https://openalex.org/W4285194906","10.1590/1980-6248-2020-0136","Dialética do esclarecimento e tecnologia: a mediação das redes sociais na produção da violência","2022","Pro-Posições","https://openalex.org/S4210208850","0103-7307","https://doi.org/10.1590/1980-6248-2020-0136","aberto","Mariana Bergo; Luiz Roberto Gomes","Luiz Roberto Gomes","ECS"
"https://openalex.org/W4309796567","10.53660/conj-1989-mp31","Diferenças entre cientista e pesquisador: uma análise a partir da visão de 365 profissionais da química","2022","Conjecturas","https://openalex.org/S4210226525","1657-5830","https://doi.org/10.53660/conj-1989-mp31","aberto","Isabela Gonçalves da Gama; Jullia Negreiros Moraes; Ettore Paredes Antunes","Ettore Paredes Antunes","ECM"
"https://openalex.org/W4295902287","10.5014/ajot.2022.049322","Dissident Genders and Sexualities in the Occupational Therapy Peer-Reviewed Literature: A Scoping Review","2022","American Journal of Occupational Therapy","https://openalex.org/S205451775","0272-9490","https://doi.org/10.5014/ajot.2022.049322","fechado","Jaime Daniel Leite; Roseli Esquerdo Lopes","Roseli Esquerdo Lopes","HFSE"
"https://openalex.org/W4393111265","10.62758/re.v2i4.140","DIVERSIDADE, EQUIDADE, INCLUSÃO E ACESSIBILIDADE EM PODCASTS DE BIBLIOTECONOMIA E CIÊNCIA DA INFORMAÇÃO","2022","Revista EDICIC","https://openalex.org/S5406985222","2236-5753","https://doi.org/10.62758/re.v2i4.140","aberto","María Cristina Piumbato Innocentini Hayashi; Alexandre Masson Maroldi; Carlos Roberto Massao Hayashi","Carlos Roberto Massao Hayashi; Maria Cristina Piumbato Innocentini Hayashi","HFSE"
"https://openalex.org/W4319936672","10.20396/zet.v30i00.8660444","Do singular ao plural","2022","Zetetiké","https://openalex.org/S4210231406","0104-4877","https://doi.org/10.20396/zet.v30i00.8660444","aberto","Priscila Domingues de Azevedo; Klinger Teodoro Ciríaco; Ana Paula Gestoso de Souza; César Donizetti Pereira Leite; Regina Célia Grando; Celi Espasandin Lopes; Cármen Lúcia Brancaglion Passos","Carmen Lucia Brancaglion Passos; Ana Paula Gestoso de Souza; Klinger Teodoro Ciríaco","ECM; FPOAE"
"https://openalex.org/W4310177871","10.46667/renbio.v15inesp2.782","educação das relações étnico-raciais","2022","Revista de Ensino de Biologia da SBEnBio","https://openalex.org/S4387278505","1982-1867","https://doi.org/10.46667/renbio.v15inesp2.782","aberto","Douglas Verrangia","Douglas Verrangia Correa da Silva","RED"
"https://openalex.org/W4323063824","10.15628/holos.2022.10918","EDUCAÇÃO INFANTIL E O PROGRAMA RIO PRETO EDUC AÇÃO: DESAFIOS, LIMITES E POSSIBILIDADES EM TEMPOS DE PANDEMIA","2022","Holos","https://openalex.org/S2738187160","1518-1634","https://doi.org/10.15628/holos.2022.10918","aberto","Raiza Fernandes Bessa de Oliveira; Giseli Alcassas Masson; Aline Sommerhalder","Aline Sommerhalder","EETPC"
"https://openalex.org/W4381852997","10.15628/rbept.2022.11670","Educação integrada e adoecimento estudantil na Educação Profissional e Tecnológica","2022","Revista Brasileira da Educação Profissional e Tecnológica","https://openalex.org/S4210180878","1983-0408","https://doi.org/10.15628/rbept.2022.11670","aberto","Marcel Freire da Silva; Vagno Emygdio Machado Dias","Vagno Emygdio Machado Dias","HFSE"
"https://openalex.org/W4295027036","10.5212/praxeduc.v.17.19396.090","Educação jongueira: repertório afrodiaspórico de afirmação da vida na infância","2022","Praxis Educativa","https://openalex.org/S4210204466","1809-4031","https://doi.org/10.5212/praxeduc.v.17.19396.090","aberto","Vívian Parreira da Silva; Tatiane Cosentino Rodrigues","Tatiane Cosentino Rodrigues","RED"
"https://openalex.org/W4317603833","10.22481/aprender.i28.11541","ENLAÇAMENTOS E PROPOSTAS PARA PENSAR A EDUCAÇÃO EM ESPAÇOS DE RESTRIÇÃO E PRIVAÇÃO DE LIBERDADE","2022","Aprender - Caderno de Filosofia e Psicologia da Educação","https://openalex.org/S4210212313","1678-7846","https://doi.org/10.22481/aprender.i28.11541","aberto","Elenice Maria Cammarosano Onofre; Edla Cristina Rodrigues Caldas","Elenice Maria Cammarosano Onofre","EPFH"
"https://openalex.org/W4297140397","10.36524/profept.v6i2.957","ENSINO MÉDIO INTEGRADO: UMA ANÁLISE DO CURSO TÉCNICO EM ELETROTÉCNICA DO IFMG - CAMPUS FORMIGA","2022","Educação Profissional e Tecnológica em Revista","https://openalex.org/S4210176030","2594-4827","https://doi.org/10.36524/profept.v6i2.957","aberto","Diego Izidoro; Vagno Emygdio Machado Dias","Vagno Emygdio Machado Dias","HFSE"
"https://openalex.org/W4308940822","10.34117/bjdv8n11-079","Ensino remoto em tempos de pandemia: considerações sobre o ensino não presencial emergencial na Universidade Federal de São Carlos (UFSCAR)","2022","Brazilian Journal of Development","https://openalex.org/S4210234566","2525-8761","https://doi.org/10.34117/bjdv8n11-079","aberto","Eduardo José Rezende Pereira; Larissa Fassa La Scalea; Joelson Gonçalves de Carvalho","Joelson Gonçalves de Carvalho","EPFH"
"https://openalex.org/W4221133012","10.7213/1981-416x.22.072.ao08","Ensino remoto emergencial e a docência na educação superior","2022","Revista Diálogo Educacional","https://openalex.org/S4306527104","1518-3483","https://doi.org/10.7213/1981-416x.22.072.ao08","aberto","Natália Neves Macedo Deimling; Aline Maria de Medeiros Rodrigues Reali","Aline Maria de Medeiros Rodrigues Reali","FPOAE"
"https://openalex.org/W4220861215","10.5007/1981-1322.2022.e81457","Ensino, pesquisa e extensão na formação inicial e continuada de professores(as) que ensinam matemática na perspectiva do trabalho colaborativo","2022","Revista Eletrônica de Educação Matemática","https://openalex.org/S4210233558","1981-1322","https://doi.org/10.5007/1981-1322.2022.e81457","aberto","Klinger Teodoro Ciríaco; Daniana de Costa; João Vítor Dornelas Corrêa","Klinger Teodoro Ciríaco","FPOAE"
"https://openalex.org/W4214906881","10.20396/rdbci.v20i00.8667926","Epígrafes no sistema de recompensas da ciência","2022","RDBCI Revista Digital de Biblioteconomia e Ciência da Informação","https://openalex.org/S2737422535","1678-765X","https://doi.org/10.20396/rdbci.v20i00.8667926","aberto","María Cristina Piumbato Innocentini Hayashi","Maria Cristina Piumbato Innocentini Hayashi","HFSE"
"https://openalex.org/W4320026900","10.36311/1981-1640.2022.v16.e02159","Epônimos em textos científicos","2022","Brazilian Journal of Information Science research trends","https://openalex.org/S2764412274","1981-1640","https://doi.org/10.36311/1981-1640.2022.v16.e02159","aberto","María Cristina Piumbato Innocentini Hayashi","Maria Cristina Piumbato Innocentini Hayashi","HFSE"
"https://openalex.org/W4317525874","10.20396/rdbci.v20i00.8667926/ept","Errata","2022","RDBCI Revista Digital de Biblioteconomia e Ciência da Informação","https://openalex.org/S2737422535","1678-765X","https://doi.org/10.20396/rdbci.v20i00.8667926/ept","aberto","María Cristina Piumbato Innocentini Hayashi","Maria Cristina Piumbato Innocentini Hayashi","HFSE"
"https://openalex.org/W4295308900","10.1590/1980-4415v36n73a03","Estratégias de Consagração e de Valorização da Matemática por meio da OBMEP","2022","Bolema Boletim de Educação Matemática","https://openalex.org/S4210176729","0103-636X","https://doi.org/10.1590/1980-4415v36n73a03","aberto","João Alves de Souza Neto; Denise Silva Vilela; José Vilani de Farias","Denise Silva Vilela","ECM"
"https://openalex.org/W4210955306","10.19137/praxiseducativa-2022-260107","Estudio bibliométrico sobre la Pedagogía de la Alternancia en artículos científicos (1981-2019)","2022","Praxis Educativa","https://openalex.org/S144374558","0328-9702","https://doi.org/10.19137/praxiseducativa-2022-260107","aberto","María Cristina Piumbato Innocentini Hayashi; Brasil; Alexandre Masson Maroldi; Taísa Grasiela Gomes Liduenha Gonçalves; Carlos Roberto Massao Hayashi","Carlos Roberto Massao Hayashi; Maria Cristina Piumbato Innocentini Hayashi","HFSE"
"https://openalex.org/W4307407354","10.20435/tellus.v22i49.713","Etnomatemática, interculturalidade e educação infantil: a formação continuada de professoras em um curso de extensão","2022","Tellus","https://openalex.org/S4210195975","1519-9452","https://doi.org/10.20435/tellus.v22i49.713","aberto","Fernando Schlindwein Santino; Klinger Teodoro Ciríaco","Klinger Teodoro Ciríaco","FPOAE"
"https://openalex.org/W4388470307","10.5354/0719-5346.2022.64994","Evaluación del trastorno del desarrollo de la coordinación","2022","Revista Chilena de Terapia Ocupacional","https://openalex.org/S4210173032","0717-6767","https://doi.org/10.5354/0719-5346.2022.64994","aberto","Kaíla da Silva Bontempo; Cláudia Maria Simões Martinez; María Cristina Piumbato Innocentini Hayashi","Maria Cristina Piumbato Innocentini Hayashi","HFSE"
"https://openalex.org/W4224235805","10.24065/2237-9460.2022v12n1id1836","EXISTENCIALISMO E MARXISMO NA OBRA DE PAULO FREIRE: “Pedagogia do Oprimido” em análise","2022","Revista Exitus","https://openalex.org/S4210238501","2236-2983","https://doi.org/10.24065/2237-9460.2022v12n1id1836","aberto","Klívia de Cássia Silva Nunes; Luiz Bezerra Neto; Valéria Moreira Rezende","Luiz Bezerra Neto","EPFH"
"https://openalex.org/W4308705854","10.37001/emr-rs.v.2.n.23.2022.d10","EXPERIÊNCIAS VIVIDAS EM ATIVIDADE DE EXTENSÃO: NARRATIVA E ESTATÍSTICA NA EDUCAÇÃO INFANTIL E NOS ANOS INICIAIS DO ENSINO FUNDAMENTAL","2022","Educação Matemática em Revista - RS","https://openalex.org/S4210191751","1518-8221","https://doi.org/10.37001/emr-rs.v.2.n.23.2022.d10","aberto","Keli Cristina Conti; Cármen Lúcia Brancaglion Passos","Carmen Lucia Brancaglion Passos","ECM"
"https://openalex.org/W4304991583","10.54620/cadesp.v16i3.864","FISIOTERAPIA","2022","Cadernos ESP - Revista Científica da Escola de Saúde Pública do Ceará","https://openalex.org/S4210219831","1808-7329","https://doi.org/10.54620/cadesp.v16i3.864","aberto","Katia Sasaki; Maria Lúcia Teixeira Machado; Aline Guerra Aquilante","Aline Guerra Aquilante","PSPE"
"https://openalex.org/W4226286554","10.36556/eol.v17i39.1077","Formação continuada e o fazer socioeducativo no campo da Justiça Juvenil","2022","Educação Online","https://openalex.org/S4210224037","1809-3760","https://doi.org/10.36556/eol.v17i39.1077","aberto","Julio Francisco; Débora Cristina Fonseca; Roseli Esquerdo Lopes","Débora Cristina Fonseca; Roseli Esquerdo Lopes","EPFH; HFSE"
"https://openalex.org/W4288730870","10.18817/vjshr.v1i1.18","GESTÃO DE SISTEMAS DE EDUCAÇÃO A DISTÂNCIA: apontamentos e caracterização","2022","Video Journal of Social and Human Research","https://openalex.org/S4387282136","2795-5745","https://doi.org/10.18817/vjshr.v1i1.18","aberto","Daniel Mill","Daniel Ribeiro Silva Mill","ECS"
"https://openalex.org/W4285231055","10.1590/0102-469822101en","HOW MATHEMATICS TEACHER EDUCATORS BECOME RESEARCHERS OF TEACHING","2022","Educação em Revista","https://openalex.org/S4210230971","0102-4698","https://doi.org/10.1590/0102-469822101en","aberto","Flávia Cristina Figueiredo Coura; Cármen Lúcia Brancaglion Passos","Carmen Lucia Brancaglion Passos","ECM"
"https://openalex.org/W4286216362","10.36732/editoranovapaideia..238","Identidade metodológica do ProfEPT","2022","Revista Nova Paideia - Revista Interdisciplinar em Educação e Pesquisa","https://openalex.org/S4210240687","2674-5976","https://doi.org/10.36732/editoranovapaideia..238","aberto","Sueli Machado Pereira de Oliveira; Judite Fernandes Moreira; Vanderlei Antônio Stefanuto; Vagno Emygdio Machado Dias","Vagno Emygdio Machado Dias","HFSE"
"https://openalex.org/W4292979758","10.25214/25907816.1402","inclusão radical como diretriz para terapeutas ocupacionais na educação","2022","Revista Ocupación Humana","https://openalex.org/S4210228185","0122-0942","https://doi.org/10.25214/25907816.1402","aberto","Roseli Esquerdo Lopes; Patrícia Leme de Oliveira Borba","Roseli Esquerdo Lopes","HFSE"
"https://openalex.org/W4311844262","10.5007/1980-4512.2022.e92063","Infância(s), gênero e sexualidades: sobre resistências e (re)existências","2022","Zero-a-Seis","https://openalex.org/S2737225000","1980-4512","https://doi.org/10.5007/1980-4512.2022.e92063","aberto","Andrea Braga Moruzzi","Andrea Braga Moruzzi","RED"
"https://openalex.org/W4311844234","10.5007/1980-4512.2022.e87206","Infâncias e feminidades nas ciências pós-pandêmicas: novos modos de re-existência","2022","Zero-a-Seis","https://openalex.org/S2737225000","1980-4512","https://doi.org/10.5007/1980-4512.2022.e87206","aberto","Marcos Pires Leodoro; Carolina Rodrigues de Souza","Carolina Rodrigues de Souza","ECM"
"https://openalex.org/W4311275292","10.18675/1981-8106.v32.n.65.s16629","Inícios da docência: profissionalidade e experiência de professoras (re)iniciantes em nova etapa da educação básica","2022","Educação","https://openalex.org/S2738946615","1517-9869","https://doi.org/10.18675/1981-8106.v32.n.65.s16629","aberto","Maria Cecília Cerminaro Derisso; Emilía Freitas de Lima","Emilia Freitas de Lima","EETPC"
"https://openalex.org/W4226037562","10.1590/0102-469833842","INSTITUCIONALIZAÇÃO DA EDUCAÇÃO A DISTÂNCIA PÚBLICA ENQUANTO FENÔMENO ESSENCIALMENTE DIALÉTICO","2022","Educação em Revista","https://openalex.org/S4210230971","0102-4698","https://doi.org/10.1590/0102-469833842","aberto","Braian Veloso; Daniel Mill","Braian Garrito Veloso; Daniel Ribeiro Silva Mill","ECS"
"https://openalex.org/W4226376251","10.1590/0102-469833842t","INSTITUTIONALIZATION OF PUBLIC DISTANCE EDUCATION AS ESSENTIALLY DIALETIC PHENOMENON","2022","Educação em Revista","https://openalex.org/S4210230971","0102-4698","https://doi.org/10.1590/0102-469833842t","aberto","Braian Veloso; Daniel Mill","Braian Garrito Veloso; Daniel Ribeiro Silva Mill","ECS"
"https://openalex.org/W4376305420","10.26512/lc28202240626","Institutos Federais: vontade de universidade ou à vontade da universidade?","2022","Linhas Crí­ticas","https://openalex.org/S4210172282","1516-4896","https://doi.org/10.26512/lc28202240626","aberto","Thiago Loureiro; Eduardo Pinto e Silva","Eduardo Pinto e Silva","EPFH"
"https://openalex.org/W4281568668","10.28976/1984-2686rbpec2022u225255","Interações Discursivas, Práticas Epistêmicas e o Ensino de Relatividade Restrita","2022","Revista Brasileira de Pesquisa em Educação em Ciências","https://openalex.org/S4210184977","1806-5104","https://doi.org/10.28976/1984-2686rbpec2022u225255","aberto","Jefferson Adriano Neves; Alice Helena Campos Pierson","Alice Helena Campos Pierson","ECM"
"https://openalex.org/W4282836207","10.55767/2451.6007.v34.n1.37939","Jornadas formativas mediadas por tecnologias digitais na formação inicial do professor de Física: reflexões a partir da experiência em uma disciplina de Metodologia do ensino","2022","Revista de Enseñanza de la Física","https://openalex.org/S4387279374","0326-7091","https://doi.org/10.55767/2451.6007.v34.n1.37939","aberto","Marcello Ferreira; Khalil Oliveira Portugal; Achilles Alves de Oliveira; Ingrid de Sousa Rodrigues Duarte; Olavo Leopoldino da Silva Filho; Deise Mazzarella Goulart Ferreira; Daniel Mill","Daniel Ribeiro Silva Mill","ECS"
"https://openalex.org/W4212830157","10.21879/faeeba2358-0194.2022.v31.n65.p201-224","Jornadas formativas mediadas por tecnologias digitais no ensino superior","2022","Revista da FAEEBA- Educação e Contemporaneidade","https://openalex.org/S4210174506","0104-7043","https://doi.org/10.21879/faeeba2358-0194.2022.v31.n65.p201-224","aberto","Daniel Mill; Achilles Alves de Oliveira; Marcello Ferreira","Daniel Ribeiro Silva Mill","ECS"
"https://openalex.org/W4283835906","10.47249/rba2022626","LITERATURA INFANTIL COMO OBJETO MEDIADOR DAS PRÁTICAS DE LETRAMENTO E DO PROCESSO DE ALFABETIZAÇÃO","2022","Revista Brasileira de Alfabetização","https://openalex.org/S4210176012","2446-8576","https://doi.org/10.47249/rba2022626","aberto","Poliana Bruno Zuin; Luís Fernando Soares Zuin; Isadora Pascoalino Mariotto","Poliana Bruno Zuin","HFSE"
"https://openalex.org/W4205517344","10.54019/sesv3n1-010","Literatura Infantil: Caminhos Para Compreender O Mundo","2022","STUDIES IN EDUCATION SCIENCES","https://openalex.org/S4210235974","2764-0868","https://doi.org/10.54019/sesv3n1-010","aberto","Poliana Bruno Zuin; Luís Fernando Soares Zuin; Amarílio Ferreira; Amanda Dourado Souaza Akahosi Fernandes; Sandra Regina Buttros Gattolin; Alessandra Del Ré; Monalisa Muniz; Isadora Pascoalino Mariotto; Raquel Franco Tassoni","Poliana Bruno Zuin","HFSE"
"https://openalex.org/W4308527530","10.22456/2595-4377.121589","Mediação docente para alfabetizar na escola:","2022","Cadernos do Aplicação","https://openalex.org/S4210184929","0103-6041","https://doi.org/10.22456/2595-4377.121589","aberto","Adriana Fernandes Coimbra Marigo; Joseleine Carvalho","Adriana Fernandes Coimbra Marigo","FPOAE"
"https://openalex.org/W4303928038","10.33448/rsd-v11i13.35785","Metodologia investigativa na aprendizagem de conceitos químicos: desenvolvendo argumentação e a Alfabetização Científica","2022","Research Society and Development","https://openalex.org/S2739064124","2525-3409","https://doi.org/10.33448/rsd-v11i13.35785","aberto","Tayná Dhayanne Correia de Oliveira; Ettore Paredes Antunes","Ettore Paredes Antunes","ECM"
"https://openalex.org/W4213030279","10.47197/retos.v44i0.90387","Motricidades del Sur: Congada de San Benedicto en Ilhabela - Brasil (Motricities of the South: Congada of St. Benedict in Ilhabela – Brazil)","2022","Retos","https://openalex.org/S2738013834","1579-1726","https://doi.org/10.47197/retos.v44i0.90387","aberto","Silmara Elena Alves de Campos; Denise Aparecida Corrêa; Luiz Gonçalves","Denise Aparecida Correa; Luiz Gonçalves Junior","PSPE"
"https://openalex.org/W4306150056","10.5902/1984644461894","Narrativas de crianças do/no recreio escolar: quais as expectativas infantis sobre esse território educativo?","2022","Educação (UFSM)","https://openalex.org/S2738869710","0101-9031","https://doi.org/10.5902/1984644461894","aberto","Aline Sommerhalder; Heliny De Carvalho Massimo; Fernando Donizete Alves","Aline Sommerhalder; Fernando Donizete Alves","EETPC"
"https://openalex.org/W4307558956","10.18226/21784612.v27.e022014","Notas sobre a masculinidade no pensamento pedagógico de Johann Friedrich Herbart","2022","Conjectura filosofia e educação","https://openalex.org/S4210173757","0103-1457","https://doi.org/10.18226/21784612.v27.e022014","aberto","Alexandre Rodrigo Nishiwaki da Silva; Celso Luiz Aparecido Conti","Celso Luiz Aparecido Conti; Alexandre Rodrigo Nishiwaki da Silva","EETPC; FPOAE"
"https://openalex.org/W4309569052","10.1016/j.istruc.2022.11.040","Numerical modelling of sliding isolators incorporating self-heating effects","2022","Structures","https://openalex.org/S2898442875","2352-0124","https://doi.org/10.1016/j.istruc.2022.11.040","fechado","Fabiana Marini Braga; Michele D’Amato; Rosario Gigliotti; Raffaele Laguardia","Fabiana Marini Braga","EETPC"
"https://openalex.org/W4406724286","10.28998/redemat.v1i1.14581","O ensino da multiplicação a partir de uma história virtual","2022","Revista Diálogos em Educação Matemática","https://openalex.org/S5407027983","2764-9997","https://doi.org/10.28998/redemat.v1i1.14581","aberto","Juliane Dias Guillen; Maria do Carmo de Sousa","Maria do Carmo de Sousa","ECM"
"https://openalex.org/W4381189127","10.14244/198271994685","O espírito do capitalismo e a docência na educação a distância","2022","Revista Eletrônica de Educação","https://openalex.org/S2736679368","1982-7199","https://doi.org/10.14244/198271994685","aberto","Braian Veloso","Braian Garrito Veloso","ECS"
"https://openalex.org/W4390047451","10.33025/rps.v0i29.3686","O papel da escola como reprodutora das desigualdades sociais e sua atualização no contexto pandêmico da COVID-19","2022","Perspectiva Sociológica A Revista de Professores de Sociologia","https://openalex.org/S4210206765","1983-0076","https://doi.org/10.33025/rps.v0i29.3686","aberto","Vergas Vitória Andrade da Silva; Amandha Camille Silva Do Carmo; Carolina Rodrigues de Souza; Erick Henrique Lima Santos","Carolina Rodrigues de Souza","ECM"
"https://openalex.org/W4320064321","10.4025/actascieduc.v45i1.52908","O pensamento computacional na educação para um currículo integrado à cultura e ao mundo digital","2022","Acta Scientiarum Education","https://openalex.org/S2738354532","2178-5198","https://doi.org/10.4025/actascieduc.v45i1.52908","aberto","Kayenne Dias Vieira; Alessandra Arce Hai","Alessandra Arce Hai","ECS"
"https://openalex.org/W4296842737","10.1590/s1678-4634202248239353por","O Programa de Apoio a Planos de Reestruturação e Expansão das Universidades Federais (REUNI): articulações com a nova gestão pública","2022","Educação e Pesquisa","https://openalex.org/S2736467988","1517-9702","https://doi.org/10.1590/s1678-4634202248239353por","aberto","José Carlos Rothen; Géssica Priscila Ramos; Regilson Maciel Borges; Ana Paula Silveira; Maria Cristina da Silveira Galan Fernandes","Gessica Priscila Ramos; Jose Carlos Rothen; Maria Cristina da Silveira Galan Fernandes","EPFH"
"https://openalex.org/W4378882317","10.4025/rvc.v2i1.63598","O PROJETO ESCOLA SEM PARTIDO COMO ESTADO DE EXCEÇÃO: UMA PROPOSIÇÃO CRÍTICA PELO ECO NÃO OUVIDO DAS VÍTIMAS DA HISTÓRIA","2022","Revista Vitruvian Cogitationes","https://openalex.org/S4387289886","2675-9616","https://doi.org/10.4025/rvc.v2i1.63598","aberto","Michel Pisa Carnio","Michel Pisa Carnio","ECM"
"https://openalex.org/W4293432020","10.1590/2526-8910.ctoar247632402","Occupational therapy, schools and youth: a mapping review","2022","Cadernos Brasileiros de Terapia Ocupacional ","https://openalex.org/S4210189390","0104-4931","https://doi.org/10.1590/2526-8910.ctoar247632402","aberto","Patrícia Leme de Oliveira Borba; Joana Rostirolla Batista de Souza; Beatriz Prado Pereira; Roseli Esquerdo Lopes","Roseli Esquerdo Lopes","HFSE"
"https://openalex.org/W4316091138","10.1590/s1413-24782022270124","Ocupações secundaristas no Brasil em 2015 e 2016: sujeitos e trajetórias","2022","Revista Brasileira de Educação","https://openalex.org/S2736711335","1413-2478","https://doi.org/10.1590/s1413-24782022270124","aberto","Ana Luísa Fayet Sallas; Luís Antônio Groppo","Luís Antonio Groppo","HFSE"
"https://openalex.org/W4283269065","10.20396/rfe.v14i1.8666527","Os critérios de cientificidade na pesquisa-ação","2022","Filosofia e Educação","https://openalex.org/S4210174746","1984-9605","https://doi.org/10.20396/rfe.v14i1.8666527","aberto","Fernando Xavier Silva; María Cristina Piumbato Innocentini Hayashi","Maria Cristina Piumbato Innocentini Hayashi","HFSE"
"https://openalex.org/W4300863024","10.23925/1809-3876.2022v20i3p1415-1431","Participação e protagonismo juvenil na perspectiva dos Grêmios Estudantis","2022","Revista e-Curriculum","https://openalex.org/S4210187470","1809-3876","https://doi.org/10.23925/1809-3876.2022v20i3p1415-1431","aberto","Ricardo Gavioli de Oliveira; Maria Cecília Luiz; Camila Perez da Silva","Maria Cecilia Luiz","ECS"
"https://openalex.org/W4226119142","10.18675/1981-8106.v32.n.65.s15342","Percepções de uma equipe escolar sobre a educação em direitos humanos e mediação de conflitos","2022","Educação","https://openalex.org/S2738946615","1517-9869","https://doi.org/10.18675/1981-8106.v32.n.65.s15342","aberto","Jennifer Catarine da Silva; Renata Maria Moschen Nascente","Renata Maria Moschen Nascente","EETPC"
"https://openalex.org/W4403674782","10.12957/teias.2022.58164","Percepções sobre conversas profissionais síncronas e assíncronas com recursos tecnológicos na mentoria","2022","Revista TEIAS","https://openalex.org/S4210184226","1518-5370","https://doi.org/10.12957/teias.2022.58164","aberto","Carolina Marini; Bruna Cury de Barros; Aline Maria de Medeiros Rodrigues Reali","Aline Maria de Medeiros Rodrigues Reali","FPOAE"
"https://openalex.org/W4297896364","10.12957/redoc.2022.62719","PESQUISA NETNOGRÁFICA COM FAMÍLIAS E O SENTIDO DE NÚMERO NO INÍCIO DA ESCOLARIZAÇÃO","2022","Revista Docência e Cibercultura","https://openalex.org/S4210184412","2594-9004","https://doi.org/10.12957/redoc.2022.62719","aberto","Francieli Aparecida Prates dos Santos; Klinger Teodoro Ciríaco","Klinger Teodoro Ciríaco","FPOAE"
"https://openalex.org/W4312121334","10.31892/rbpab2525-426x.2022.v7.n22.p966-982","Pesquisas educacionais com fontes biográficas e (auto)biográficas na RBPAB","2022","Revista Brasileira de Pesquisa (Auto)Biográfica","https://openalex.org/S4210217422","2525-426X","https://doi.org/10.31892/rbpab2525-426x.2022.v7.n22.p966-982","aberto","Erica Alves Barbosa; Natalia Maria de Araújo; Rosa Maria Moraes Anunciato","Rosa Maria Moraes Anunciato","FPOAE"
"https://openalex.org/W4205186386","10.37618/paradigma.1011-2251.2022.p138-160.id1164","PESQUISAS EM GRUPOS COLABORATIVOS, EDUCAÇÃO MATEMÁTICA E A FORMAÇÃO INICIAL DO PROFESSOR","2022","PARADIGMA","https://openalex.org/S4210168080","1011-2251","https://doi.org/10.37618/paradigma.1011-2251.2022.p138-160.id1164","aberto","Marcielli de Lemos Cremoneze; Klinger Teodoro Ciríaco","Klinger Teodoro Ciríaco","FPOAE"
"https://openalex.org/W4310870696","10.14393/repod-v12n1a2023-67547","Políticas públicas para a democratização do ensino superior público: o registro da experiência do curso de especialização em Educação no Campo da UFSCar","2022","Revista Educação e Políticas em Debate","https://openalex.org/S4210220395","2238-8346","https://doi.org/10.14393/repod-v12n1a2023-67547","aberto","Patric Oberdan dos Santos; José Leite dos Santos Neto; Luiz Bezerra Neto","Luiz Bezerra Neto","EPFH"
"https://openalex.org/W4296896639","10.21527/2179-1309.2022.119.12114","Práticas de ensino na pandemia: uma visão a partir do desenvolvimento bioecológico","2022","Revista Contexto & Educação","https://openalex.org/S4306526392","0102-8758","https://doi.org/10.21527/2179-1309.2022.119.12114","aberto","Bruna Cury de Barros; Carolina Marini; Aline Maria de Medeiros Rodrigues Reali","Aline Maria de Medeiros Rodrigues Reali","FPOAE"
"https://openalex.org/W4313483113","10.20396/riesup.v10i00.8667949","Práticas de estudo na comunidade acadêmico-digital","2022","Revista Internacional de Educação Superior","https://openalex.org/S4210183452","2446-9424","https://doi.org/10.20396/riesup.v10i00.8667949","aberto","Adriana Fernandes Coimbra Marigo; Cláudia Raimundo Reyes; Isabela Custódio Talora Bozzini","Adriana Fernandes Coimbra Marigo","FPOAE"
"https://openalex.org/W4312384120","10.1590/1980-6248-2020-0062","Práticas formativas de uma professora experiente num programa de indução: um estudo de caso","2022","Pro-Posições","https://openalex.org/S4210208850","0103-7307","https://doi.org/10.1590/1980-6248-2020-0062","aberto","Aline Maria de Medeiros Rodrigues Reali; Ana Paula Gestoso de Souza","Aline Maria de Medeiros Rodrigues Reali; Ana Paula Gestoso de Souza","FPOAE"
"https://openalex.org/W4384347576","10.20396/rdbci.v21i00.8671811/31046","Predatory journals : an enemy to be faced in scientific communication","2022","RDBCI Revista Digital de Biblioteconomia e Ciência da Informação","https://openalex.org/S2737422535","1678-765X","https://doi.org/10.20396/rdbci.v21i00.8671811/31046","aberto","José Augusto Chaves Guimarães; María Cristina Piumbato Innocentini Hayashi","Maria Cristina Piumbato Innocentini Hayashi","HFSE"
"https://openalex.org/W4225106838","10.29181/2594-6463-2022-v6-n1-p4-14","Processos educativos na prática de produção de alimentos: alternativas para a educação alimentar","2022","MOTRICIDADES Revista da Sociedade de Pesquisa Qualitativa em Motricidade Humana","https://openalex.org/S4210194316","2594-6463","https://doi.org/10.29181/2594-6463-2022-v6-n1-p4-14","aberto","Marina Abrão Ballak Dias; Douglas Verrangia","Douglas Verrangia Correa da Silva","RED"
"https://openalex.org/W4213113343","10.51913/revelli.v13i0.12139","Produtivismo acadêmico","2022","REVELLI - Revista de Educação Linguagem e Literatura (ISSN 1984-6576)","https://openalex.org/S4210218400","1984-6576","https://doi.org/10.51913/revelli.v13i0.12139","aberto","Lívia Bocalon Pires de Moraes; Hellen Cristina Xavier da Silva Mattos; Maria Cristina da Silveira Galan Fernandes","Maria Cristina da Silveira Galan Fernandes","EPFH"
"https://openalex.org/W4395104406","10.29327/2309399.1.1-2","Professoras iniciantes e o papel da pesquisa em Educação Matemática na constituição da docência","2022","Aondê revista de Pesquisa em Educação em Ciências e Matemática","https://openalex.org/S4387292695","2965-1522","https://doi.org/10.29327/2309399.1.1-2","aberto","Ana Carolina Faustino; Fernando Schlindwein Santino; Klinger Teodoro Ciríaco","Klinger Teodoro Ciríaco","FPOAE"
"https://openalex.org/W4205797138","10.18675/1981-8106.v31.n.64.s14565","PROGRAMA DE EXPANSÃO E REESTRUTURAÇÃO DAS UNIVERSIDADES FEDERAIS: ANÁLISE DA PRODUÇÃO ACADÊMICA NO PERÍODO DE 2008 A 2017","2022","Educação","https://openalex.org/S2738946615","1517-9869","https://doi.org/10.18675/1981-8106.v31.n.64.s14565","aberto","Ana Paula Silveira; José Carlos Rothen; Andreliza Cristina de Souza; Pamela Cristina Botiglieri Paschoalin; Priscila de Paulo Uliam Martins","Jose Carlos Rothen","EPFH"
"https://openalex.org/W4311275417","10.18675/1981-8106.v32.n.65.s16530","Programas de mentoria da UFSCar dirigidos a professores iniciantes: uma síntese qualitativa das diferentes ofertas","2022","Educação","https://openalex.org/S2738946615","1517-9869","https://doi.org/10.18675/1981-8106.v32.n.65.s16530","aberto","Aline Maria de Medeiros Rodrigues Reali; Bruna Cury de Barros; Carolina Marini","Aline Maria de Medeiros Rodrigues Reali","FPOAE"
"https://openalex.org/W4309073574","10.17271/1980082718220223126","Public policies for environmental licensing: a study on municipalization in the state of São Paulo","2022","Periódico Eletrônico Fórum Ambiental da Alta Paulista","https://openalex.org/S4210181219","1980-0827","https://doi.org/10.17271/1980082718220223126","aberto","Clemerson Luiz Pereira de Araujo; Joelson Gonçalves de Carvalho","Joelson Gonçalves de Carvalho","EPFH"
"https://openalex.org/W4311531291","10.5585/cpg.v21n2.22787","Quando juventude não é apenas uma palavra: uma releitura sociológica acerca da categoria juventude","2022","Cadernos de Pós-graduação","https://openalex.org/S4210200815","1678-4103","https://doi.org/10.5585/cpg.v21n2.22787","aberto","Vinicius Oliveira Seabra Guimarães; Luís Antônio Groppo","Luís Antonio Groppo","HFSE"
"https://openalex.org/W4311844197","10.5007/1980-4512.2022.e87312","Quem “inventou” essa criança trans? O Caso de Coy Mathis e a visibilidade da criança trans na mídia brasileira","2022","Zero-a-Seis","https://openalex.org/S2737225000","1980-4512","https://doi.org/10.5007/1980-4512.2022.e87312","aberto","Bianca Neves Borges da Silva; Andrea Braga Moruzzi","Andrea Braga Moruzzi","RED"
"https://openalex.org/W4285168726","10.1590/es.261875","REFORMA DO ENSINO MÉDIO: A INSTITUCIONALIZAÇÃO DO APARTHEID SOCIAL NA EDUCAÇÃO","2022","Educação & Sociedade","https://openalex.org/S2737687728","0101-7330","https://doi.org/10.1590/es.261875","aberto","Carmen Sylvia Vidigal Moraes; Celso João Ferretti; Ivany Rodrigues Pino; Roberto Leher; Luana Costa Almeida; Salomão Barros Ximenes; Cláudio Almir Dalbosco; Sandra Maria Zákia Lian Sousa; Antônio Álvaro Soares Zuin; Adriana Aparecida Dragone Silveira; Ana Maria F. Almeida; Anderson Ricardo Trevisan; Débora Mazza; Licínio C. Lima; Nelson Cardoso Amaral; Pedro Goergen; Xavier Rambla; Vicente Sisto","Luana Costa Almeida; Antonio Alvaro Soares Zuin","EETPC; ECS"
"https://openalex.org/W4399008486","10.25059/2527-2594/retratosdeassentamentos/2022.v25i1.488","Rompendo a ""terceira cerca"": a judicialização da questão ambiental em um Assentamento paulista da modalidade PDS","2022","Retratos de Assentamentos","https://openalex.org/S4210210437","1516-8182","https://doi.org/10.25059/2527-2594/retratosdeassentamentos/2022.v25i1.488","aberto","Diogo Marques Tafuri; Luiz Gonçalves","Luiz Gonçalves Junior","PSPE"
"https://openalex.org/W4280574149","10.34112/2317-0972a2022v40n84p9-12","Seres, coisas e desimportâncias: pra inventar de novo a vida que é função principal da poesia","2022","Leitura Teoria & Prática","https://openalex.org/S4210186676","0102-387X","https://doi.org/10.34112/2317-0972a2022v40n84p9-12","aberto","Alan Victor Pimenta de Almeida Pales Costa; Alda Regina Tognini Romaguera; Carolina Laureto Hora; Marcus Pereira Novaes","Alan Victor Pimenta de Almeida Pales Costa","RED"
"https://openalex.org/W4288065337","10.1590/2526-8910.ctoen234531002","Social occupational therapy, anti-oppression and freedom: considerations about the revolution of/in everyday life","2022","Cadernos Brasileiros de Terapia Ocupacional ","https://openalex.org/S4210189390","0104-4931","https://doi.org/10.1590/2526-8910.ctoen234531002","aberto","Magno Nunes Farias; Roseli Esquerdo Lopes","Roseli Esquerdo Lopes","HFSE"
"https://openalex.org/W4320154871","10.1590/s1413-24782022270125","Students’ occupations in Brazil in 2015 and 2016: subjects and trajectories","2022","Revista Brasileira de Educação","https://openalex.org/S2736711335","1413-2478","https://doi.org/10.1590/s1413-24782022270125","aberto","Ana Luísa Fayet Sallas; Luís Antônio Groppo","Luís Antonio Groppo","HFSE"
"https://openalex.org/W4313904498","10.1590/1984-0411.85943-t","Symbolic challenges of the university: students’ perspective on permanence","2022","Educar em Revista","https://openalex.org/S152657728","0104-4060","https://doi.org/10.1590/1984-0411.85943-t","aberto","Hellen Cristina Xavier da Silva Mattos; Maria Cristina da Silveira Galan Fernandes","Maria Cristina da Silveira Galan Fernandes","EPFH"
"https://openalex.org/W4312994706","10.1590/1980-6248-2020-0062en","Teacher education practices of an experienced teacher in an induction program: a case study","2022","Pro-Posições","https://openalex.org/S4210208850","0103-7307","https://doi.org/10.1590/1980-6248-2020-0062en","aberto","Aline Maria de Medeiros Rodrigues Reali; Ana Paula Gestoso de Souza","Aline Maria de Medeiros Rodrigues Reali; Ana Paula Gestoso de Souza","FPOAE"
"https://openalex.org/W4225428157","10.15517/aie.v22i2.48706","Tensões entre educação tradicional e uso de TDIC no ensino remoto emergencial durante a pandemia","2022","Actualidades Investigativas en Educación","https://openalex.org/S2738406816","1409-4703","https://doi.org/10.15517/aie.v22i2.48706","aberto","Fernando Stanzione Galizia; Caroline Carnielli Biazolli; Denise Silva Vilela; Michel Pisa Carnio; Paulo Sérgio Bretones","Denise Silva Vilela; Michel Pisa Carnio; Fernando Stanzione Galizia","ECM; EETPC"
"https://openalex.org/W4285155640","10.20873/uft.rbec.e13891","Teorias pedagógicas na Educação do Campo: percepções e constatações a partir da análise de projetos político-pedagógicos no contexto da Ação Escola da Terra na UFBA","2022","Revista Brasileira de Educação do Campo","https://openalex.org/S2738740277","2525-4863","https://doi.org/10.20873/uft.rbec.e13891","aberto","Manoel Gonçalves dos Santos; Luiz Bezerra Neto","Luiz Bezerra Neto","EPFH"
"https://openalex.org/W4206998906","10.1590/2526-8910.ctoar22412958","Terapia ocupacional e Paulo Freire: uma revisão de escopo","2022","Cadernos Brasileiros de Terapia Ocupacional ","https://openalex.org/S4210189390","0104-4931","https://doi.org/10.1590/2526-8910.ctoar22412958","aberto","Magno Nunes Farias; Roseli Esquerdo Lopes","Roseli Esquerdo Lopes","HFSE"
"https://openalex.org/W4288065313","10.1590/2526-8910.ctoen234531001","Terapia ocupacional social, antiopressão e liberdade: considerações sobre a revolução da/na vida cotidiana","2022","Cadernos Brasileiros de Terapia Ocupacional ","https://openalex.org/S4210189390","0104-4931","https://doi.org/10.1590/2526-8910.ctoen234531001","aberto","Magno Nunes Farias; Roseli Esquerdo Lopes","Roseli Esquerdo Lopes","HFSE"
"https://openalex.org/W4395103588","10.14393/ot2022v24.n.1.64557","Tertúlia dialógica de artes","2022","Olhares & Trilhas","https://openalex.org/S4210194818","1518-2851","https://doi.org/10.14393/ot2022v24.n.1.64557","aberto","Adriana Fernandes Coimbra Marigo; Amadeu José Montagnini Logarezzi","Adriana Fernandes Coimbra Marigo","FPOAE"
"https://openalex.org/W4404839787","10.21573/vol38n002022.122690","THE CRISIS OF SCIENCE IN BRAZIL: AUSTERITY, “CULTURE WAR” AND INNOVATIONISM","2022","Revista Brasileira de Política e Administração da Educação - Periódico científico editado pela ANPAE","https://openalex.org/S4210196848","1678-166X","https://doi.org/10.21573/vol38n002022.122690","aberto","Deise Mancebo; João dos Reis Silva Júnior; Eric Spears","Joao dos Reis Silva Junior","EPFH"
"https://openalex.org/W3194039969","10.17583/rise.8900","The Critical Pedagogy that Transforms the Reality","2022","International Journal of Sociology of Education","https://openalex.org/S4210168462","2014-3575","https://doi.org/10.17583/rise.8900","aberto","Rosa Valls; Roseli Rodrigues de Mello; Alfonso Rodríguez-Oramas; Andrea Khalfaoui; Esther Roca-Campos; Mengna Guo; Gisela Redondo-Sama","Roseli Rodrigues de Mello","EETPC"
"https://openalex.org/W4225904677","10.1590/1980-6248-2020-0001en","The methodological dimension of class: revisiting the pedagogical organization of teaching","2022","Pro-Posições","https://openalex.org/S4210208850","0103-7307","https://doi.org/10.1590/1980-6248-2020-0001en","aberto","Luana Costa Almeida","Luana Costa Almeida","EETPC"
"https://openalex.org/W4296878423","10.1590/s1678-4634202248239353eng","The Program to Support Restructuring and Expansion Plans of Federal Universities (REUNI): articulations with the new public management","2022","Educação e Pesquisa","https://openalex.org/S2736467988","1517-9702","https://doi.org/10.1590/s1678-4634202248239353eng","aberto","José Carlos Rothen; Géssica Priscila Ramos; Regilson Maciel Borges; Ana Paula Silveira; Maria Cristina da Silveira Galan Fernandes","Gessica Priscila Ramos; Jose Carlos Rothen; Maria Cristina da Silveira Galan Fernandes","EPFH"
"https://openalex.org/W4293027738","10.34117/bjdv8n8-250","Tratamento Restaurador Atraumático (ART) e acesso à saúde bucal no SUS: percepção de cirurgiões-dentistas da atenção primária à saúde","2022","Brazilian Journal of Development","https://openalex.org/S4210234566","2525-8761","https://doi.org/10.34117/bjdv8n8-250","aberto","Sheila Cristina Leite Madastavicius; Aline Guerra Aquilante; Bernardino Geraldo Alves Souto; Fernanda Lopez Rosell","Aline Guerra Aquilante","PSPE"
"https://openalex.org/W4296757093","10.4025/imagenseduc.v12i3.58478","TUTOR EM AÇÃO","2022","Imagens da Educação","https://openalex.org/S4210235954","2179-8427","https://doi.org/10.4025/imagenseduc.v12i3.58478","aberto","Brenda Karla Reis de Carvalho; Aline Maria de Medeiros Rodrigues Reali","Aline Maria de Medeiros Rodrigues Reali","FPOAE"
"https://openalex.org/W4225260029","10.21723/riaee.v17i1.14067","Violências verbais nas relações professor-aluno","2022","Revista Ibero-Americana de Estudos em Educação","https://openalex.org/S2737552301","1982-5587","https://doi.org/10.21723/riaee.v17i1.14067","aberto","Maria Cecília Luiz; Jéssica Veloso Morito","Maria Cecilia Luiz","ECS"
"https://openalex.org/W4289551586","10.34117/bjdv8n7-053","Visões de diretoras de escolas sobre políticas públicas e determinações legais / School principals’ views on public policies and legal determinations","2022","Brazilian Journal of Development","https://openalex.org/S4210234566","2525-8761","https://doi.org/10.34117/bjdv8n7-053","aberto","Celso Luiz Aparecido Conti; Emilía Freitas de Lima; Renata Maria Moschen Nascente","Celso Luiz Aparecido Conti; Emilia Freitas de Lima; Renata Maria Moschen Nascente","EETPC"
"https://openalex.org/W4293162508","10.5007/1807-0221.2022.e77525","Vivência e entendimento sobre a transdisciplinaridade: visão de estudantes das ciências humanas","2022","Extensio Revista Eletrônica de Extensão","https://openalex.org/S4210194707","1807-0221","https://doi.org/10.5007/1807-0221.2022.e77525","aberto","Maria Cecília Luiz; Ridamar Aparecida de Oliveira","Maria Cecilia Luiz","ECS"
"https://openalex.org/W3162122543","10.1080/14473828.2021.1921929","‘Inclusion’ and ‘Democracy’ in Education: An exploration of concepts and ideas for occupational therapists","2021","World Federation of Occupational Therapists Bulletin","https://openalex.org/S2764349063","1447-3828","https://doi.org/10.1080/14473828.2021.1921929","fechado","Joana Rostirolla Batista de Souza; ́Patrícia Leme de Oliveira Borba; Lívia Celegati Pan; Roseli Esquerdo Lopes","Roseli Esquerdo Lopes","HFSE"
"https://openalex.org/W3160388868","10.1590/2526-8910.ctoarf2136","“Best practices of occupational therapy in schools” – uma resenha crítica e aportes para terapeutas ocupacionais no setor da educação","2021","Cadernos Brasileiros de Terapia Ocupacional ","https://openalex.org/S4210189390","0104-4931","https://doi.org/10.1590/2526-8910.ctoarf2136","aberto","Patrícia Leme de Oliveira Borba; Lívia Celegatti Pan; Magno Nunes Farias; Joana Rostirolla Batista de Souza; Roseli Esquerdo Lopes","Roseli Esquerdo Lopes","HFSE"
"https://openalex.org/W3159590391","10.29181/2594-6463-2021-v5-n1-secesp-p106-122","“E a gente teve que aprender a conviver”: meninas e futsal escolar","2021","MOTRICIDADES Revista da Sociedade de Pesquisa Qualitativa em Motricidade Humana","https://openalex.org/S4210194316","2594-6463","https://doi.org/10.29181/2594-6463-2021-v5-n1-secesp-p106-122","aberto","Antonio Jorge Martins Malvar; Osmar Moreira de Souza","Osmar Moreira de Souza Junior","PSPE"
"https://openalex.org/W3209262466","10.5965/2357724x09182021067","""Falo para guardar 8 na cabeça e contar nos dedinhos o restante"": estratégias de resolução de problemas adotadas pelas famílias durante a pandemia","2021","Revista BOEM","https://openalex.org/S4210222562","2357-724X","https://doi.org/10.5965/2357724x09182021067","aberto","Brenda Cristina Antunes; Klinger Teodoro Ciríaco; Francieli Aparecida Prates dos Santos","Klinger Teodoro Ciríaco","FPOAE"
"https://openalex.org/W3162548092","10.22456/1982-6524.103390","“O ESSENCIAL É INVISÍVEL AOS OLHOS”: PERCEPÇÕES ACERCA DA INTERCULTURALIDADE E ETNOMATEMÁTICA NO ATENDIMENTO À INFÂNCIA INDÍGENA","2021","Espaço Ameríndio","https://openalex.org/S4210185940","1982-6524","https://doi.org/10.22456/1982-6524.103390","aberto","Fernando Schlindwein Santino; Klinger Teodoro Ciríaco","Klinger Teodoro Ciríaco","FPOAE"
"https://openalex.org/W3198774255","10.32813/2179-1120.2021.v14.n1.a704","""SE ESTÁ FÁCIL... ESTÁ ERRADO""","2021","Revista Ciências Humanas","https://openalex.org/S4210218409","2179-1120","https://doi.org/10.32813/2179-1120.2021.v14.n1.a704","aberto","Klinger Teodoro Ciríaco; Fernando Schlindwein Santino; Danielle Abreu Silva","Klinger Teodoro Ciríaco","FPOAE"
"https://openalex.org/W3170524207","10.3389/fpsyg.2021.673829","“Three Steps Above Heaven? Really? That’s All Tactic!” New Alternative Masculinities Dismantling Dominant Traditional Masculinity’s Strategies","2021","Frontiers in Psychology","https://openalex.org/S9692511","1664-1078","https://doi.org/10.3389/fpsyg.2021.673829","aberto","Roseli Rodrigues de Mello; Lars Bonell-García; Marcos Castro-Sandúa; Esther Oliver-Pérez","Roseli Rodrigues de Mello","EETPC"
"https://openalex.org/W3214464280","10.28998/rm.2021.n.10.11802","“Uma revolução interna em movimento” – Olhares sobre as ocupações estudantis no Paraná: dos processos formativos às trajetórias pós-ocupações","2021","Revista Mundaú","https://openalex.org/S4220651030","2526-3188","https://doi.org/10.28998/rm.2021.n.10.11802","aberto","Ana Luísa Fayet Sallas; Simone de Fátima Flach; Suely Aparecida Martins; Luís Antônio Groppo","Luís Antonio Groppo","HFSE"
"https://openalex.org/W3206910959","10.12957/e-mosaicos.2021.57815","20 ANOS DAS DIRETRIZES CURRICULARES NACIONAIS PARA A EJA: INTERLOCUÇÕES ONTEM E HOJE","2021","e-Mosaicos","https://openalex.org/S4210174010","2316-9303","https://doi.org/10.12957/e-mosaicos.2021.57815","aberto","Adriana Pereira da Silva; Jarina Rodrigues Fernandes; Valéria Aparecida Viera Velis","Jarina Rodrigues Fernandes","EETPC"
"https://openalex.org/W4399989671","10.61389/rbecl.v5i10.6646","20 ANOS DO GT21 EDUCAÇÃO E RELAÇÕES ÉTNICO-RACIAIS DA ANPEd","2021","REVISTA BRASILEIRA DE EDUCAÇÃO CULTURA E LINGUAGEM","https://openalex.org/S4389158250","2526-4052","https://doi.org/10.61389/rbecl.v5i10.6646","aberto","Débora Cristina de Araújo; Ana Cristina Juvenal da Cruz","Ana Cristina Juvenal da Cruz","RED"
"https://openalex.org/W4200383719","10.4025/rbhe.v22.2022.e198","A educação pré-escolar e a produção acadêmica","2021","Revista Brasileira de História da Educação","https://openalex.org/S4210217483","1519-5902","https://doi.org/10.4025/rbhe.v22.2022.e198","aberto","Alessandra Elizabeth Ferreira Gonçalves Prado; Alessandra Arce Hai","Alessandra Arce Hai","ECS"
"https://openalex.org/W3132305155","10.5216/ia.v45i3.63727","A EXPERIÊNCIA DE OCUPAR E AS PRÁTICAS FORMATIVAS: OCUPAÇÕES SECUNDARISTAS EM MINAS GERAIS EM 2016","2021","Revista Inter-Ação","https://openalex.org/S2738165242","0101-7136","https://doi.org/10.5216/ia.v45i3.63727","aberto","Luís Antônio Groppo; Mara Aline Oliveira; Douglas Franco Bortone; Juliana Pereira; Priscilla Nayara de Morais; Andreia da Silva","Luís Antonio Groppo","HFSE"
"https://openalex.org/W3157549930","10.15517/aie.v21i2.46780","A formação continuada de professores de Educação Física a partir de um espaço coletivo escolar: uma experiência no Brasil","2021","Actualidades Investigativas en Educación","https://openalex.org/S2738406816","1409-4703","https://doi.org/10.15517/aie.v21i2.46780","aberto","Dijnane Vedovatto; Marília Rubino","Dijnane Fernanda Vedovatto Machado","FPOAE"
"https://openalex.org/W3175778149","10.35786/1645-1384.v21.n1.18","A Indústria Cultural e o Cyberbullying contra Professores: as agressões online à profissão de ensinar no contexto das tecnologias digitais","2021","Curriculo sem Fronteiras","https://openalex.org/S2738798805","1645-1384","https://doi.org/10.35786/1645-1384.v21.n1.18","aberto","Camila Ferreira de Castro; Antônio Álvaro Soares Zuin","Antonio Alvaro Soares Zuin","ECS"
"https://openalex.org/W3172068461","10.22409/tn.v19i39.47185","A PROFISSIONALIZAÇÃO GENERALIZADA NA REFORMA DO ENSINO MÉDIO MÉDIO","2021","Revista Trabalho Necessário","https://openalex.org/S2737437775","1808-799X","https://doi.org/10.22409/tn.v19i39.47185","aberto","Heloise Paula Costa; Vagno Emygdio Machado Dias","Vagno Emygdio Machado Dias","HFSE"
"https://openalex.org/W3173789410","10.5752/p.2237-8871.2021v22n36p184-205","A proposta de Centros de Educação e Recreação no município de Araraquara: uma história de avanços e contradições","2021","Cadernos de História","https://openalex.org/S4210221854","1679-5636","https://doi.org/10.5752/p.2237-8871.2021v22n36p184-205","aberto","Nayane Moreno Perea; Géssica Priscila Ramos","Gessica Priscila Ramos","EPFH"
"https://openalex.org/W4210413767","10.14244/198271994323","A relação com o saber em contexto de mobilização escolar: Estudantes de São Carlos-SP","2021","Revista Eletrônica de Educação","https://openalex.org/S2736679368","1982-7199","https://doi.org/10.14244/198271994323","aberto","Juliana Cristina Correa; Denise de Freitas","Denise de Freitas","ECM"
"https://openalex.org/W3138678140","10.5212/praxeduc.v.15.16597.042","A unidade na diversidade em Paulo Freire: avanços para a transformação educacional","2021","Praxis Educativa","https://openalex.org/S4210204466","1809-4031","https://doi.org/10.5212/praxeduc.v.15.16597.042","aberto","Fabiana Marini Braga; Roseli Rodrigues de Mello; Denise Bachega","Fabiana Marini Braga; Roseli Rodrigues de Mello","EETPC"
"https://openalex.org/W3009280044","10.26514/inter.v10i30.3596","Acesso à educação infantil e critérios de vagas da política municipal de Naviraí, Mato Grosso Do Sul","2021","INTERFACES DA EDUCAÇÃO","https://openalex.org/S4210200240","2177-7691","https://doi.org/10.26514/inter.v10i30.3596","aberto","Klinger Teodoro Ciríaco; Lucimara Vieira dos Santos","Klinger Teodoro Ciríaco","FPOAE"
"https://openalex.org/W3118745337","10.14507/epaa.29.5516","Análise das políticas de cotas em universidades estaduais do estado do Paraná/Brasil, segundo o Ciclo de Políticas","2021","Education Policy Analysis Archives","https://openalex.org/S137104927","1068-2341","https://doi.org/10.14507/epaa.29.5516","aberto","Andreliza Cristina de Souza; José Carlos Rothen","Jose Carlos Rothen","EPFH"
"https://openalex.org/W3205799330","10.34112/2317-0972a2021v39n82p43-54","Apontamentos sobre a noção de conhecimento na modernidade e o mundo vivido","2021","Leitura Teoria & Prática","https://openalex.org/S4210186676","0102-387X","https://doi.org/10.34112/2317-0972a2021v39n82p43-54","aberto","Sandra Aparecida Riscal; José Reinaldo Riscal","Sandra Aparecida Riscal","ECS"
"https://openalex.org/W3157918280","10.14244/198271995345","Apresentação do Dossiê Educação em prisões: experiências educativas, formação de professores e de agentes socioeducativos","2021","Revista Eletrônica de Educação","https://openalex.org/S2736679368","1982-7199","https://doi.org/10.14244/198271995345","aberto","Elenice Maria Cammarosano Onofre","Elenice Maria Cammarosano Onofre","EPFH"
"https://openalex.org/W3157925825","10.29181/2594-6463-2021-v5-n1-secesp-p93-95","Apresentação Seção Especial Motricidades (v. 5, n. 1, seç. esp.)","2021","MOTRICIDADES Revista da Sociedade de Pesquisa Qualitativa em Motricidade Humana","https://openalex.org/S4210194316","2594-6463","https://doi.org/10.29181/2594-6463-2021-v5-n1-secesp-p93-95","aberto","Osmar Moreira de Souza; Glauco Nunes Souto Ramos","Osmar Moreira de Souza Junior","PSPE"
"https://openalex.org/W3165142455","10.33448/rsd-v10i4.14285","Atividades experimentais investigativas e a habilidade de elaborar hipóteses na formação inicial de professores","2021","Research Society and Development","https://openalex.org/S2739064124","2525-3409","https://doi.org/10.33448/rsd-v10i4.14285","aberto","Lucenir da Silva Frazão; Marta Silva dos Santos Gusmão; Ettore Paredes Antunes","Ettore Paredes Antunes","ECM"
"https://openalex.org/W3130554756","10.1590/1980-6248-2018-0099","Ato infracional, escola e papéis profissionais: tramas complexas em relações frágeis","2021","Pro-Posições","https://openalex.org/S4210208850","0103-7307","https://doi.org/10.1590/1980-6248-2018-0099","aberto","Patrícia Leme de Oliveira Borba; Beatriz Prado Pereira; Roseli Esquerdo Lopes","Roseli Esquerdo Lopes","HFSE"
"https://openalex.org/W3165728554","10.1590/1983-1447.2021.20200249","Attention to women in situation of intrauterine fetal death: experiences of health professionals","2021","Revista gaúcha de enfermagem","https://openalex.org/S2754728905","0102-6933","https://doi.org/10.1590/1983-1447.2021.20200249","aberto","Taynnara Caroline Serafim; Beatriz Helena Naddaf Camilo; Mariana Rodrigues Carizani; Mariana De Gea Gervasio; Diene Monique Carlos; Natália Rejane Salim","Natália Rejane Salim","PSPE"
"https://openalex.org/W3205614352","10.34112/2317-0972a2021v39n82p19-41","Avaliações – nacional e internacional – no Brasil e a relação com o saber de diretores escolares","2021","Leitura Teoria & Prática","https://openalex.org/S4210186676","0102-387X","https://doi.org/10.34112/2317-0972a2021v39n82p19-41","aberto","Maria Cecília Luiz; Aline Cristina de Souza; Viviane Wellichan","Maria Cecilia Luiz","ECS"
"https://openalex.org/W3180384238","10.17583/remie.2021.8748","Breaking the Silence within Critical Pedagogy","2021","Multidisciplinary Journal of Educational Research","https://openalex.org/S4210168298","2014-2862","https://doi.org/10.17583/remie.2021.8748","aberto","Lídia Puigvert; Kyung Hi Kim; Andrea Khalfaoui; Oriol Ríos González; Roseli Rodrigues de Mello; Mar Joanpere; Ramón Flecha","Roseli Rodrigues de Mello","EETPC"
"https://openalex.org/W3167276315","10.20396/rho.v21i00.8657777","Brincar de inventar brinquedos e brincadeiras","2021","Revista HISTEDBR On-line","https://openalex.org/S4210224784","1676-2584","https://doi.org/10.20396/rho.v21i00.8657777","aberto","Talita Vitória Cordasso Santoro; Alan Victor Pimenta de Almeida Pales Costa","Alan Victor Pimenta de Almeida Pales Costa","RED"
"https://openalex.org/W3165612003","10.47946/rnera.v0i58.7687","CAMPESINATO E AGRICULTURA DE SUBSISTÊNCIA EM SÃO TOMÉ E PRÍNCIPE: NOTAS PARA SE PENSAR DESENVOLVIMENTO E INCLUSÃO / Peasantry and subsistence agriculture in São Tomé and Príncipe: notes for thinking about development and inclusion / Campesinos y agricultura de subsistencia en Santo Tomé y Príncipe: notas para pensar sobre el desarrollo y la inclusión","2021","REVISTA NERA","https://openalex.org/S4210171222","1806-6755","https://doi.org/10.47946/rnera.v0i58.7687","aberto","Ayolsé Andrade Pires dos Santos; Joelson Gonçalves de Carvalho","Joelson Gonçalves de Carvalho","EPFH"
"https://openalex.org/W3165472907","10.5216/ia.v46i1.65002","CARACTERÍSTICAS DO PARFOR: UMA REVISÃO DE DISSERTAÇÕES E TESES BRASILEIRAS","2021","Revista Inter-Ação","https://openalex.org/S2738165242","0101-7136","https://doi.org/10.5216/ia.v46i1.65002","aberto","Jucenilton Alves dos Santos; Rosa Maria Moraes Anunciato","Rosa Maria Moraes Anunciato","FPOAE"
"https://openalex.org/W3173710384","10.20396/riesup.v8i00.8659141","Caracterização da produção do conhecimento sobre professores que ensinam matemática em cursos de pedagogia (2009-2019)","2021","Revista Internacional de Educação Superior","https://openalex.org/S4210183452","2446-9424","https://doi.org/10.20396/riesup.v8i00.8659141","aberto","Cicero Augusto dos Santos; Klinger Teodoro Ciríaco","Klinger Teodoro Ciríaco","FPOAE"
"https://openalex.org/W3175898005","10.30938/bocehm.v8i23.4943","Caracterização de modelos de formação continuada de professores alfabetizadores","2021","Boletim Cearense de Educação e História da Matemática","https://openalex.org/S4210178614","2357-8661","https://doi.org/10.30938/bocehm.v8i23.4943","aberto","Adriele Gabrine Rossini Rodrigues; Klinger Teodoro Ciríaco","Klinger Teodoro Ciríaco","FPOAE"
"https://openalex.org/W3209745472","10.22481/aprender.i25.8370","CARTOGRAFIA COMO REFERENCIAL TEÓRICO-METODOLÓGICO PARA INVESTIGAÇÃO DE DOCUMENTOS EDUCACIONAIS","2021","Aprender - Caderno de Filosofia e Psicologia da Educação","https://openalex.org/S4210212313","1678-7846","https://doi.org/10.22481/aprender.i25.8370","aberto","Carolina Rodrigues de Souza; Rosanna Maria Araújo Andrade Silva","Carolina Rodrigues de Souza","ECM"
"https://openalex.org/W3153134858","10.22481/reed.v2i3.8100","CIÊNCIA E SOCIEDADE CIVIL SOB NECROPOLÍTICAS","2021","Revista de Estudos em Educação e Diversidade - REED","https://openalex.org/S4210194031","2675-6889","https://doi.org/10.22481/reed.v2i3.8100","aberto","Everton Henrique Eleutério Fargoni; Mayna Zacarias; William Augusto Vicente; João dos Reis Silva Júnior","Joao dos Reis Silva Junior","EPFH"
"https://openalex.org/W3215529202","10.20396/etd.v23i4.8658580","Cinema feito por mulheres","2021","ETD - Educação Temática Digital","https://openalex.org/S2737549463","1676-2592","https://doi.org/10.20396/etd.v23i4.8658580","aberto","Ana Carolina Domingues; Alan Victor Pimenta de Almeida Pales Costa","Alan Victor Pimenta de Almeida Pales Costa","RED"
"https://openalex.org/W4206168457","10.1590/interface.200717","Circulação cotidiana e uma práxis terapêutico-ocupacional social","2021","Interface - Comunicação Saúde Educação","https://openalex.org/S4210167574","1414-3283","https://doi.org/10.1590/interface.200717","aberto","Magno Nunes Farias; Roseli Esquerdo Lopes","Roseli Esquerdo Lopes","HFSE"
"https://openalex.org/W3199716082","10.24065/2237-9460.2015v1n1id1600","COM A PALAVRA, AS PROFESSORAS QUE ENSINAM MATEMÁTICA: a videogravação como elemento de reflexão em um contexto colaborativo virtual durante a pandemia","2021","Revista Exitus","https://openalex.org/S4210238501","2236-2983","https://doi.org/10.24065/2237-9460.2015v1n1id1600","aberto","Danielle Abreu Silva; Mariany Fonseca Garcia; Klinger Teodoro Ciríaco","Klinger Teodoro Ciríaco","FPOAE"
"https://openalex.org/W3164969398","10.1590/0034-7167-2020-0449","Complementary therapies in education, community extension and research in nursing","2021","Revista Brasileira de Enfermagem","https://openalex.org/S150928353","0034-7167","https://doi.org/10.1590/0034-7167-2020-0449","aberto","Leandra Andréia de Sousa; Natália Rejane Salim; Laís Fumincelli; Iraí Maria de Campos Teixeira","Natália Rejane Salim","PSPE"
"https://openalex.org/W4205763492","10.1590/es.254945","CONCURSO NEGRO E EDUCAÇÃO: AÇÃO AFIRMATIVA DE FORMAÇÃO DE PESQUISADORES/AS NO BRASIL","2021","Educação & Sociedade","https://openalex.org/S2737687728","0101-7330","https://doi.org/10.1590/es.254945","aberto","Tatiane Cosentino Rodrigues; Joana Célia dos Passos; Flávia Francchini","Tatiane Cosentino Rodrigues","RED"
"https://openalex.org/W3168626930","10.20396/zet.v29i00.8661842","Conhecimento do formador de professores de matemática que é investigador da docência","2021","Zetetiké","https://openalex.org/S4210231406","0104-4877","https://doi.org/10.20396/zet.v29i00.8661842","aberto","Flávia Cristina Figueiredo Coura; Cármen Lúcia Brancaglion Passos","Carmen Lucia Brancaglion Passos","ECM"
"https://openalex.org/W4200353685","10.31639/rbpfp.v13i28.539","Contribuições da professora Marli André para a produção de conhecimento sobre professores iniciantes","2021","Formação Docente – Revista Brasileira de Pesquisa sobre Formação de Professores","https://openalex.org/S4210178422","2176-4360","https://doi.org/10.31639/rbpfp.v13i28.539","aberto","Emilía Freitas de Lima","Emilia Freitas de Lima","EETPC"
"https://openalex.org/W4205455646","10.33871/22386084.2021.10.19.83-112","CONTRIBUIÇÕES DE UM PROGRAMA DE MENTORIA PARA O DESENVOLVIMENTO PROFISSIONAL DE PROFESSORAS INICIANTES DO ENSINO FUNDAMENTAL – ANOS INICIAIS","2021","Revista Educação e Linguagens","https://openalex.org/S4210174453","2238-6084","https://doi.org/10.33871/22386084.2021.10.19.83-112","aberto","Tarciana dos Santos Pinheiro; Ana Paula Gestoso de Souza","Ana Paula Gestoso de Souza","FPOAE"
"https://openalex.org/W3183641152","10.33871/22386084.2021.10.1983-112","CONTRIBUIÇÕES DE UM PROGRAMA DE MENTORIA PARA O DESENVOLVIMENTO PROFISSIONAL DE PROFESSORAS INICIANTES DO ENSINO FUNDAMENTAL – ANOS INICIAIS","2021","Revista Educação e Linguagens","https://openalex.org/S4210174453","2238-6084","https://doi.org/10.33871/22386084.2021.10.1983-112","aberto","Tarciana dos Santos Pinheiro; Ana Paula Gestoso de Souza","Ana Paula Gestoso de Souza","FPOAE"
"https://openalex.org/W3216351472","10.20396/rho.v21i00.8664135","Da maquinaria às TICs","2021","Revista HISTEDBR On-line","https://openalex.org/S4210224784","1676-2584","https://doi.org/10.20396/rho.v21i00.8664135","aberto","Luiz Bezerra Neto; Manoel Nelito Matheus Nascimento","Luiz Bezerra Neto; Manoel Nelito Matheus Nascimento","EPFH; RED"
"https://openalex.org/W3136972643","10.18675/1981-8106.v31.n.64.s15319","DE ALUNO A PROFESSOR: PERCEPÇÕES SOBRE AULAS DE LITERATURA","2021","Educação","https://openalex.org/S2738946615","1517-9869","https://doi.org/10.18675/1981-8106.v31.n.64.s15319","aberto","Andressa Jove Godoy; Fernando Stanzione Galizia","Fernando Stanzione Galizia","EETPC"
"https://openalex.org/W3160949572","10.3389/fpsyg.2021.662241","Dialogic Feminist Gathering and the Prevention of Gender Violence in Girls With Intellectual Disabilities","2021","Frontiers in Psychology","https://openalex.org/S9692511","1664-1078","https://doi.org/10.3389/fpsyg.2021.662241","aberto","Roseli Rodrigues de Mello; Marta Soler; Fabiana Marini Braga; Laura Natividad-Sancho","Fabiana Marini Braga; Roseli Rodrigues de Mello","EETPC"
"https://openalex.org/W3178945539","10.1371/journal.pone.0254132","Dialogic gathering of films. Promoting meaningful online interactions during COVID-19 confinement","2021","PLoS ONE","https://openalex.org/S202381698","1932-6203","https://doi.org/10.1371/journal.pone.0254132","aberto","María Padrós Cuxart; Roseli Rodrigues de Mello; Mimar Ramis‐Salas; Elena Duque","Roseli Rodrigues de Mello","EETPC"
"https://openalex.org/W3182606614","10.18593/r.v46.26442","Didáticas das relações étnico raciais: contribuições propositivas para a formação inicial de professores","2021","Roteiro","https://openalex.org/S2737795593","0104-4311","https://doi.org/10.18593/r.v46.26442","aberto","Tatiane Cosentino Rodrigues; Ayodele Floriano Silva","Tatiane Cosentino Rodrigues","RED"
"https://openalex.org/W3138014578","10.5212/olharprofr.v.24.16272.009","Do registro à documentação pedagógica: possibilidades e necessidades docentes","2021","Olhar de Professor","https://openalex.org/S4210229168","1518-5648","https://doi.org/10.5212/olharprofr.v.24.16272.009","aberto","Giovana Alonso; Renata Aparecida Drape; Cleonice Maria Tomazzetti","Cleonice Maria Tomazzetti","FPOAE"
"https://openalex.org/W3186407311","10.53628/emrede.v8.1.680","Docência no Sistema Universidade Aberta do Brasil","2021","EmRede - Revista de Educação a Distância","https://openalex.org/S4210229337","2359-6082","https://doi.org/10.53628/emrede.v8.1.680","aberto","Braian Veloso; Daniel Mill","Braian Garrito Veloso; Daniel Ribeiro Silva Mill","ECS"
"https://openalex.org/W4200407573","10.34112/2317-0972a2021v39n82p15-17","Dossiê - Apresentação","2021","Leitura Teoria & Prática","https://openalex.org/S4210186676","0102-387X","https://doi.org/10.34112/2317-0972a2021v39n82p15-17","aberto","Flávio Caetano da Silva","Flavio Caetano da Silva","ECS"
"https://openalex.org/W3158821682","10.14244/198271994768","Educação em espaços de privação de liberdade no Chile- Entrevista com Violeta Acuña-Collado","2021","Revista Eletrônica de Educação","https://openalex.org/S2736679368","1982-7199","https://doi.org/10.14244/198271994768","aberto","Elenice Maria Cammarosano Onofre; Edla Cristina Rodrigues Caldas; André Luiz Pereira Alves dos Santos","Elenice Maria Cammarosano Onofre","EPFH"
"https://openalex.org/W3202928624","10.34117/bjdv7n9-238","Educação física escolar no ensino médio: realidades e perspectivas / School physical education in high school: realities and perspectives","2021","Brazilian Journal of Development","https://openalex.org/S4210234566","2525-8761","https://doi.org/10.34117/bjdv7n9-238","aberto","Flávio Henrique Lara da Silveira Zaghi; Luana Zanotto; Fernando Donizete Alves","Fernando Donizete Alves","EETPC"
"https://openalex.org/W3151376991","10.5212/olharprofr.v.24.15586.026","Educação infantil diante da pandemia causada pela Covid-19: no cenário o programa Rio Preto Educ Ação","2021","Olhar de Professor","https://openalex.org/S4210229168","1518-5648","https://doi.org/10.5212/olharprofr.v.24.15586.026","aberto","Aline Sommerhalder; Raiza Fernandes Bessa de Oliveira; Giseli Alcassas Masson","Aline Sommerhalder","EETPC"
"https://openalex.org/W4210459956","10.14244/198271995421","Educação judiciária com adolescentes no Município de São Carlos/SP","2021","Revista Eletrônica de Educação","https://openalex.org/S2736679368","1982-7199","https://doi.org/10.14244/198271995421","aberto","Julio Francisco; Roseli Esquerdo Lopes","Roseli Esquerdo Lopes","HFSE"
"https://openalex.org/W3165016686","10.12957/periferia.2021.55931","EDUCAÇÃO NO CAMPO: REFLEXÕES SOBRE CIDADANIA E CULTURA","2021","Periferia","https://openalex.org/S4210220864","1984-9540","https://doi.org/10.12957/periferia.2021.55931","aberto","Arlindo Lins de Melo Júnior; Luiz Bezerra Neto","Luiz Bezerra Neto","EPFH"
"https://openalex.org/W3194152991","10.20396/rbec.v3i00.15639","Educação Profissional e Tecnológica no contexto da internacionalização da Educação","2021","RBEC - Revista Brasileira de Educação Comparada","https://openalex.org/S4210202156","2595-7171","https://doi.org/10.20396/rbec.v3i00.15639","aberto","Darlan Marcelo Delgado; Vagno Emygdio Machado Dias","Vagno Emygdio Machado Dias","HFSE"
"https://openalex.org/W3186673599","10.1590/interface.200711","Educação sexual e reprodutiva no puerpério: questões de gênero e atenção à saúde das mulheres no contexto da Atenção Primária à Saúde","2021","Interface - Comunicação Saúde Educação","https://openalex.org/S4210167574","1414-3283","https://doi.org/10.1590/interface.200711","aberto","Giovanna Brunna da Silva Justino; Natália Sevilha Stofel; Mariana De Gea Gervasio; Iraí Maria de Campos Teixeira; Natália Rejane Salim","Iraí Maria de Campos Teixeira; Natália Rejane Salim","PSPE"
"https://openalex.org/W4212838081","10.35819/tear.v10.n2.a5168","Elementos constituintes da identidade docente de duas professoras experientes dos anos iniciais do ensino fundamental","2021","#Tear Revista de Educação Ciência e Tecnologia","https://openalex.org/S2739379204","2238-8079","https://doi.org/10.35819/tear.v10.n2.a5168","aberto","Jéssica Francine Ferreira da Silva; Ana Paula Gestoso de Souza; Aline Massako Murakami Tiba","Ana Paula Gestoso de Souza","FPOAE"
"https://openalex.org/W3198753948","10.22600/1518-8795.ienci2021v26n2p196","ENSINO DE CIÊNCIAS E O TEATRO: REPRESENTAÇÕES SOCIAIS A RESPEITO DAS CIÊNCIAS E DOS CIENTISTAS","2021","Investigações em Ensino de Ciências","https://openalex.org/S4210167575","1518-8795","https://doi.org/10.22600/1518-8795.ienci2021v26n2p196","aberto","Maria Cecília Luiz; Tiago Nadim Ginebro","Maria Cecilia Luiz","ECS"
"https://openalex.org/W3160045418","10.24934/eef.v24i42.4186","Ensino Médio integrado no IFSULDEMINAS: caminhos e descompassos","2021","Educação em Foco","https://openalex.org/S2737392348","1519-3322","https://doi.org/10.24934/eef.v24i42.4186","aberto","Heloisa Helena Coutinho Pereira; Luana Costa Almeida","Luana Costa Almeida","EETPC"
"https://openalex.org/W3174711092","10.5565/rev/athenea.2629","Entre o nascimento e a morte: reflexões de vivências de campo","2021","Athenea Digital Revista de pensamiento e investigación social","https://openalex.org/S2736886514","1578-8946","https://doi.org/10.5565/rev/athenea.2629","aberto","Natália Rejane Salim; Glauce Cristine Ferreira Soares; Regina Szylit Bousso; Cláudia Malinverni; Dulce María Rosa Gualda","Natália Rejane Salim","PSPE"
"https://openalex.org/W3169192055","10.34024/olhares.2021.v9.11325","estágio como possibilidade de pesquisa na licenciatura em Pedagogia e a teoria dos campos conceituais de Gérard Vergnaud","2021","Olhares Revista do Departamento de Educação da Unifesp","https://openalex.org/S4210240578","2317-7853","https://doi.org/10.34024/olhares.2021.v9.11325","aberto","Jéssica de Godoi Baima; Klinger Teodoro Ciríaco","Klinger Teodoro Ciríaco","FPOAE"
"https://openalex.org/W3156157895","10.18316/recc.v26i1.6654","Estratégias de leitura recorridas por professoras iniciantes na educação infantil","2021","Educação Ciência e Cultura","https://openalex.org/S4210200325","1413-7321","https://doi.org/10.18316/recc.v26i1.6654","aberto","Klinger Teodoro Ciríaco; Fernanda Alves Barreto; Thiago Moessa Alves; Renata Junqueira de Souza","Klinger Teodoro Ciríaco","FPOAE"
"https://openalex.org/W4243503931","10.51359/2525-7668.2021.250037","Estudos sobre eugenia, culturalismo, educação brasileira e o trabalho empírico de Arthur Ramos","2021","Interritórios","https://openalex.org/S4210193151","2525-7668","https://doi.org/10.51359/2525-7668.2021.250037","aberto","Flávia Francchini; Tatiane Cosentino Rodrigues","Tatiane Cosentino Rodrigues","RED"
"https://openalex.org/W3165343208","10.22420/rde.v15i31.1234","Eu, homem e educador de crianças pequenas: aprendizagem dialógica na docência na Educação Infantil","2021","Retratos da Escola","https://openalex.org/S4210187479","1982-131X","https://doi.org/10.22420/rde.v15i31.1234","aberto","Alexandre Rodrigo Nishiwaki da Silva","Alexandre Rodrigo Nishiwaki da Silva","FPOAE"
"https://openalex.org/W3157659035","10.14244/198271994731","Expectativas e anúncios de educadores: des(en)cobrindo a educação para pessoas em privação de liberdade","2021","Revista Eletrônica de Educação","https://openalex.org/S2736679368","1982-7199","https://doi.org/10.14244/198271994731","aberto","Elenice Maria Cammarosano Onofre; André Luiz Pereira Alves dos Santos; André Santiago Baldan; Edla Cristina Rodrigues Caldas; Marcos Melo de Oliveira","Elenice Maria Cammarosano Onofre","EPFH"
"https://openalex.org/W3215211492","10.30905/rde.v5i2.492","Fascismo e antissemitismo à brasileira","2021","DEVIR EDUCAÇÃO","https://openalex.org/S4210191429","2526-849X","https://doi.org/10.30905/rde.v5i2.492","aberto","Guilherme Prado Roitberg; Mariana Bergo; Edson Guilherme de Souza; Luiz Roberto Gomes","Luiz Roberto Gomes","ECS"
"https://openalex.org/W3142667782","10.5902/1984644461420","Formação continuada de professores para as escolas em unidades de privação de liberdade","2021","Educação (UFSM)","https://openalex.org/S2738869710","0101-9031","https://doi.org/10.5902/1984644461420","aberto","Luciana Ferreira da Silva Moraes; Elenice Maria Cammarosano Onofre","Elenice Maria Cammarosano Onofre","EPFH"
"https://openalex.org/W4206071646","10.1590/1981-5271v45.4-20200219.ing","Gender, sexuality and medical education: experiences in a federal school that uses active learning methodologies","2021","Revista Brasileira de Educação Médica","https://openalex.org/S4210232660","0100-5502","https://doi.org/10.1590/1981-5271v45.4-20200219.ing","aberto","Pedro Mendonça de Oliveira; Aline Guerra Aquilante; Rodrigo Otávio Moretti-Pires; Sueli Fátima Sampaio","Aline Guerra Aquilante","PSPE"
"https://openalex.org/W4206774083","10.1590/1981-5271v45.4-20200219","Gênero, sexualidade e educação médica: vivências em uma escola federal que utiliza metodologias ativas de aprendizagem","2021","Revista Brasileira de Educação Médica","https://openalex.org/S4210232660","0100-5502","https://doi.org/10.1590/1981-5271v45.4-20200219","aberto","Pedro Mendonça de Oliveira; Aline Guerra Aquilante; Rodrigo Otávio Moretti-Pires; Sueli Fátima Sampaio","Aline Guerra Aquilante","PSPE"
"https://openalex.org/W3204370635","10.25214/25907816.1134","Historias de la Terapia Ocupacional en América Latina: la primera década de creación de los programas de formación profesional","2021","Revista Ocupación Humana","https://openalex.org/S4210228185","0122-0942","https://doi.org/10.25214/25907816.1134","aberto","Gustavo Artur Monzeli; Rodolfo Morrison; Roseli Esquerdo Lopes; Clara Duarte Cuervo","Roseli Esquerdo Lopes","HFSE"
"https://openalex.org/W3129529375","10.22481/praxisedu.v17i44.7026","IDENTIDADE E DIFERENÇA NOS ESPAÇOS EDUCATIVOS INFANTIS","2021","Práxis Educacional","https://openalex.org/S4210197447","1809-0249","https://doi.org/10.22481/praxisedu.v17i44.7026","aberto","Edmacy Quirina de Souza; Nilson Fernandes Dinis","Nilson Fernandes Dinis","ECS"
"https://openalex.org/W4210335039","10.29181/2594-6463-2021-v5-n3-p341-354","Impactos do Exame Nacional do Ensino Médio e da noção de competências no trabalho docente","2021","MOTRICIDADES Revista da Sociedade de Pesquisa Qualitativa em Motricidade Humana","https://openalex.org/S4210194316","2594-6463","https://doi.org/10.29181/2594-6463-2021-v5-n3-p341-354","aberto","Juliana Cristina Perlotti Piunti; Rosa Maria Moraes Anunciato","Rosa Maria Moraes Anunciato","FPOAE"
"https://openalex.org/W3209088476","10.24215/18539912e143","In vitam et post-mortem: expressões de gratidão a Derek de Solla Price em agradecimentos e obituários acadêmicos","2021","Palabra clave","https://openalex.org/S2738311133","1666-2938","https://doi.org/10.24215/18539912e143","aberto","María Cristina Piumbato Innocentini Hayashi; Alexandre Masson Maroldi; Carlos Roberto Massao Hayashi","Carlos Roberto Massao Hayashi; Maria Cristina Piumbato Innocentini Hayashi","HFSE"
"https://openalex.org/W3195086517","10.1590/198053147376","INFLUÊNCIAS EXTERNAS COMO ATIVOS OU PASSIVOS NA ESCOLARIZAÇÃO DOS ESTUDANTES","2021","Cadernos de Pesquisa","https://openalex.org/S4210172135","0100-1574","https://doi.org/10.1590/198053147376","aberto","Luana Costa Almeida","Luana Costa Almeida","EETPC"
"https://openalex.org/W3203330298","10.1590/0104-4060.80158","Inteligência Artificial e formação danificada: aprendizagem profunda e ética rasa entre professores e alunos","2021","Educar em Revista","https://openalex.org/S152657728","0104-4060","https://doi.org/10.1590/0104-4060.80158","aberto","Antônio Álvaro Soares Zuin","Antonio Alvaro Soares Zuin","ECS"
"https://openalex.org/W3174944520","10.30938/bocehm.v8i23.4876","Interações virtuais acerca do processo de alfabetização matemática na perspectiva do letramento","2021","Boletim Cearense de Educação e História da Matemática","https://openalex.org/S4210178614","2357-8661","https://doi.org/10.30938/bocehm.v8i23.4876","aberto","Mariany Fonseca Garcia; Danielle Abreu Silva; Klinger Teodoro Ciríaco","Klinger Teodoro Ciríaco","FPOAE"
"https://openalex.org/W3201152986","10.20435/inter.v22i2.3019","Interculturalidade e infância indígena no contexto urbano: concepções de um grupo de professoras da Educação Infantil","2021","Interações (Campo Grande)","https://openalex.org/S4210171864","1518-7012","https://doi.org/10.20435/inter.v22i2.3019","aberto","Fernando Schlindwein Santino; Klinger Teodoro Ciríaco; José Henrique Prado","Klinger Teodoro Ciríaco","FPOAE"
"https://openalex.org/W4200477523","10.22633/rpge.v25iesp.4.15933","Interpretação teórico-política da gestão democrática universitária no contexto das políticas neoliberais","2021","Revista on line de Política e Gestão Educacional","https://openalex.org/S2736709357","1519-9029","https://doi.org/10.22633/rpge.v25iesp.4.15933","aberto","Tânia Barbosa Martins; Vagno Emygdio Machado Dias; Sueli Soares dos Santos Batista","Vagno Emygdio Machado Dias","HFSE"
"https://openalex.org/W3162096304","10.1590/2526-8910.ctoarf2010","IV e V edições do Seminário Nacional de Pesquisa em Terapia Ocupacional: registro das memórias, futuros-presente","2021","Cadernos Brasileiros de Terapia Ocupacional ","https://openalex.org/S4210189390","0104-4931","https://doi.org/10.1590/2526-8910.ctoarf2010","aberto","́Patrícia Leme de Oliveira Borba; Gabriela Pereira Vasters; Ana Paula Serrata Malfitano; Fátima Corrêa Oliver; Andresa Caravage de Andrade; Roseli Esquerdo Lopes","Roseli Esquerdo Lopes","HFSE"
"https://openalex.org/W3172924905","10.20396/rho.v21i00.8658654","Jovens rurais em luta por educação e trabalho no Brasil","2021","Revista HISTEDBR On-line","https://openalex.org/S4210224784","1676-2584","https://doi.org/10.20396/rho.v21i00.8658654","aberto","Magno Nunes Farias; Roseli Esquerdo Lopes","Roseli Esquerdo Lopes","HFSE"
"https://openalex.org/W3192717154","10.20396/rho.v21i00.8660769","Krupskaya nos arquivos do National Union of Women Teachers","2021","Revista HISTEDBR On-line","https://openalex.org/S4210224784","1676-2584","https://doi.org/10.20396/rho.v21i00.8660769","aberto","Amarílio Ferreira; Marisa Bittar","Marisa Bittar","HFSE"
"https://openalex.org/W3172352153","10.5433/1981-8920.2021v26n1p186","Letramentos e a educação CTS (Ciência, Tecnologia e Sociedade): reflexões sobre a formação de cidadãos críticos na cultura digital","2021","Informação & Informação","https://openalex.org/S2739172281","1414-2139","https://doi.org/10.5433/1981-8920.2021v26n1p186","aberto","Ana Paula Matos Bazílio; Camila do Nascimento Cultri; Verônica de Souza Gomes; Daniel Mill","Daniel Ribeiro Silva Mill","ECS"
"https://openalex.org/W3204793751","10.18764/2178-2229v28n3.202150","MENTORAS INICIANTES: marcas da constituição da identidade profissional reveladas em narrativas","2021","Cadernos de Pesquisa","https://openalex.org/S189127735","0102-4175","https://doi.org/10.18764/2178-2229v28n3.202150","aberto","Ana Paula Gestoso de Souza; Jéssica Francine Ferreira da Silva; Jéferson Muniz Alves Gracioli; Aline Maria de Medeiros Rodrigues Reali","Aline Maria de Medeiros Rodrigues Reali; Ana Paula Gestoso de Souza","FPOAE"
"https://openalex.org/W3156879573","10.33448/rsd-v10i4.14123","Música, Indústria Cultural e a regressão da audição: Contribuições da Teoria Crítica à emancipação humana","2021","Research Society and Development","https://openalex.org/S2739064124","2525-3409","https://doi.org/10.33448/rsd-v10i4.14123","aberto","Rosangela Trabuco Malvestio da Silva; Luiz Roberto Gomes","Luiz Roberto Gomes","ECS"
"https://openalex.org/W4200237524","10.5007/2175-795x.2021.e69934","Narrativas sobre brincar nas infâncias: contribuições para a formação de professores de infância","2021","Perspectiva","https://openalex.org/S2737309421","0102-5473","https://doi.org/10.5007/2175-795x.2021.e69934","aberto","Carla de Oliveira Ferroni; Aline Sommerhalder; Fernando Donizete Alves","Aline Sommerhalder; Fernando Donizete Alves","EETPC"
"https://openalex.org/W3183026497","10.26512/lc.v27.2021.36242","Narrativas, memórias e experiências","2021","Linhas Crí­ticas","https://openalex.org/S4210172282","1516-4896","https://doi.org/10.26512/lc.v27.2021.36242","aberto","Adriana Alves; Luís Antônio Groppo","Luís Antonio Groppo","HFSE"
"https://openalex.org/W3203273064","10.5585/eccos.n58.20850","Notas sobre o colapso da ciência no Brasil","2021","EccoS – Revista Científica","https://openalex.org/S4210177415","1517-1949","https://doi.org/10.5585/eccos.n58.20850","aberto","João dos Reis Silva Júnior; Everton Henrique Eleutério Fargoni","Joao dos Reis Silva Junior","EPFH"
"https://openalex.org/W3127157105","10.5007/1806-5023.2021.e74399","Notas sobre o conceito de afinidades eletivas e sua articulação com processo de racionalização na obra de Max Weber","2021","Em Tese","https://openalex.org/S4210219402","1806-5023","https://doi.org/10.5007/1806-5023.2021.e74399","aberto","Sandra Aparecida Riscal","Sandra Aparecida Riscal","ECS"
"https://openalex.org/W3156976945","10.30612/tangram.v4i1.12027","Numeramento e relação família-escola: a produção do conhecimento da última década (2009-2019)","2021","TANGRAM - Revista de Educação Matemática","https://openalex.org/S4210207412","2595-0967","https://doi.org/10.30612/tangram.v4i1.12027","aberto","Brenda Cristina Antunes; Klinger Teodoro Ciríaco","Klinger Teodoro Ciríaco","FPOAE"
"https://openalex.org/W3209567135","10.23925/2358-4122.2021v8i2p40-57","NUMERAMENTO EM CONTEXTOS CULTURAIS DE APRENDIZAGEM DE CRIANÇAS","2021","Ensino da Matemática em Debate","https://openalex.org/S4210234189","2358-4122","https://doi.org/10.23925/2358-4122.2021v8i2p40-57","aberto","Brenda Cristina Antunes; Klinger Teodoro Ciríaco","Klinger Teodoro Ciríaco","FPOAE"
"https://openalex.org/W3149937960","10.37001/remat25269062v17id486","O AprenderEnsinar Geometria nos anos iniciais e o trabalho colaborativo no início da docência à luz da base de conhecimento para o ensino de Lee Shulman","2021","Revista de Educação Matemática","https://openalex.org/S4210206594","1676-8868","https://doi.org/10.37001/remat25269062v17id486","aberto","Gislaine Aparecida Puton Zortêa; Klinger Teodoro Ciríaco","Klinger Teodoro Ciríaco","FPOAE"
"https://openalex.org/W3194831777","10.46312/pem.v14i35.12757","O Facebook como Alternativa de Trabalho na Formação Continuada de Professores que Ensinam Matemática","2021","Perspectivas da Educação Matemática","https://openalex.org/S4210210130","1982-7652","https://doi.org/10.46312/pem.v14i35.12757","aberto","Klinger Teodoro Ciríaco; Danielle Abreu Silva; Mariany Fonseca Garcia","Klinger Teodoro Ciríaco","FPOAE"
"https://openalex.org/W3132002705","10.1590/es.247741","O FUNDEB PERMANENTE EM TEMPOS DE DESCONSTRUÇÃO E DESFAZIMENTO: MOBILIZAÇÃO E UM BASTA VEEMENTE","2021","Educação & Sociedade","https://openalex.org/S2737687728","0101-7330","https://doi.org/10.1590/es.247741","aberto","Nelson Cardoso Amaral; Sandra Maria Zákia Lian Sousa; Salomão Barros Ximenes; Ivany Rodrigues Pino; Luana Costa Almeida; Pedro Goergen; Celso João Ferretti; Antônio Álvaro Soares Zuin; Carmen Sylvia Vidigal Moraes; Adriana Aparecida Dragone Silveira; Licínio C. Lima; Xavier Rambla; Anderson Ricardo Trevisan","Luana Costa Almeida; Antonio Alvaro Soares Zuin","EETPC; ECS"
"https://openalex.org/W3158009552","10.22456/2595-4377.110919","O maior, o mais ignorado, o mais combatido: o movimento das ocupações estudantis no Paraná em 2016","2021","Cadernos do Aplicação","https://openalex.org/S4210184929","0103-6041","https://doi.org/10.22456/2595-4377.110919","aberto","Luís Antônio Groppo; Suely Aparecida Martins; Ana Luísa Fayet Sallas; Simone de Fátima Flach","Luís Antonio Groppo","HFSE"
"https://openalex.org/W4200376492","10.47207/rbem.v2i01.12225","O O estágio supervisionado compartilhado de matemática no contexto pandêmico: ações do movimento de uma política institucionalizada","2021","Revista Baiana de Educação Matemática","https://openalex.org/S4210202631","2675-5246","https://doi.org/10.47207/rbem.v2i01.12225","aberto","Maria do Carmo de Sousa; Maria Teresa Zampieri; Renata Prenstteter Gama","Maria do Carmo de Sousa","ECM"
"https://openalex.org/W3207733763","10.36661/2595-4520.2021v4i6.11844","O papel do erro na formação do “espírito científico” de licenciandos de Ciências Naturais a partir da Aprendizagem Baseada em Projetos","2021","Revista Insignare Scientia - RIS","https://openalex.org/S4210196232","2595-4520","https://doi.org/10.36661/2595-4520.2021v4i6.11844","aberto","Jéssica Mirian Sampaio Laves; Ettore Paredes Antunes","Ettore Paredes Antunes","ECM"
"https://openalex.org/W3159189552","10.1590/0104-4060.74611","O paradigma indiciário para análise de narrativas","2021","Educar em Revista","https://openalex.org/S152657728","0104-4060","https://doi.org/10.1590/0104-4060.74611","aberto","Everaldo Gomes Leandro; Cármen Lúcia Brancaglion Passos","Carmen Lucia Brancaglion Passos","ECM"
"https://openalex.org/W4200029423","10.18316/recc.v26i3.8403","O pensamento da arte na Educação Matemática: a obra aberta de Athos Bulcão","2021","Educação Ciência e Cultura","https://openalex.org/S4210200325","1413-7321","https://doi.org/10.18316/recc.v26i3.8403","aberto","Denise Silva Vilela; Aline Germano Fonseca Coury; Vânia Cristina da Silva Rodrigues; Natalia Stefany Guirelli Molina","Denise Silva Vilela","ECM"
"https://openalex.org/W3184505356","10.24933/horizontes.v39i1.1215","O poema no livro didático: abordagens e formação de leitores","2021","Horizontes","https://openalex.org/S4210198334","0103-7706","https://doi.org/10.24933/horizontes.v39i1.1215","aberto","Margarete Petri da Rosa; María Iolanda Monteiro","Maria Iolanda Monteiro","ECS"
"https://openalex.org/W3167877081","10.18554/rt.v14i1.5198","O PROCESSO DE INSERÇÃO PROFISSIONAL DE PROFESSORES DA EDUCAÇÃO BÁSICA: REVISÃO SISTEMÁTICA","2021","Revista Triângulo","https://openalex.org/S4210208975","2175-1609","https://doi.org/10.18554/rt.v14i1.5198","aberto","Ana Paula Gestoso de Souza; Janailza Moura de Sousa Barros","Ana Paula Gestoso de Souza","FPOAE"
"https://openalex.org/W3165029464","10.1590/2526-8910.ctoao2100","O programa de reabilitação profissional do INSS e a reinserção do trabalhador no mercado de trabalho","2021","Cadernos Brasileiros de Terapia Ocupacional ","https://openalex.org/S4210189390","0104-4931","https://doi.org/10.1590/2526-8910.ctoao2100","aberto","Geovana de Souza Henrique dos Santos; Roseli Esquerdo Lopes","Roseli Esquerdo Lopes","HFSE"
"https://openalex.org/W3161923454","10.5007/1982-5153.2021.e71785","O que dizem as ementas das disciplinas relacionadas à matemática em cursos de pedagogia de instituições públicas do estado de São Paulo?","2021","Alexandria Revista de Educação em Ciência e Tecnologia","https://openalex.org/S4210227138","1982-5153","https://doi.org/10.5007/1982-5153.2021.e71785","aberto","Cicero Augusto dos Santos; Klinger Teodoro Ciríaco","Klinger Teodoro Ciríaco","FPOAE"
"https://openalex.org/W3158371861","10.17648/educare.v16i38.25535","O QUE PROFESSORAS (PEDAGOGAS) INICIANTES SABEM SOBRE GEOMETRIA?","2021","Educere et Educare","https://openalex.org/S4306508870","1809-5208","https://doi.org/10.17648/educare.v16i38.25535","aberto","Gislaine Aparecida Puton Zortêa; Klinger Teodoro Ciríaco","Klinger Teodoro Ciríaco","FPOAE"
"https://openalex.org/W3129690054","10.20952/revtee.v14i33.14509","O The student occupations movement in Pará, Brazil in 2016","2021","Revista Tempos e Espaços em Educação","https://openalex.org/S4210227139","1983-6597","https://doi.org/10.20952/revtee.v14i33.14509","aberto","Luís Antônio Groppo; Ronaldo Marcos de Lima Araújo; Verena Cristina Monteiro Moraes","Luís Antonio Groppo","HFSE"
"https://openalex.org/W3182708064","10.5209/rgid.76967","Obituarios académicos y homenajes póstumos: legados científicos para el campo de la Cienciometría","2021","Revista General de Información y Documentación","https://openalex.org/S2738381027","1132-1873","https://doi.org/10.5209/rgid.76967","aberto","María Cristina Piumbato Innocentini Hayashi; Alexandre Masson Maroldi; Carlos Roberto Massao Hayashi","Carlos Roberto Massao Hayashi; Maria Cristina Piumbato Innocentini Hayashi","HFSE"
"https://openalex.org/W3193895370","10.1080/00309230.2021.1962927","Observatory for the History of Education: looking at the past, analysing the present and reflecting on the future – a transnational perspective","2021","Paedagogica Historica","https://openalex.org/S194633539","0030-9230","https://doi.org/10.1080/00309230.2021.1962927","fechado","Lajos Somogyvári; Marisa Bittar; Thérèse Hamel","Marisa Bittar","HFSE"
"https://openalex.org/W3128834953","10.1590/es.240770","OCUPAÇÕES SECUNDARISTAS EM MINAS GERAIS: SUBJETIVAÇÃO POLÍTICA E TRAJETÓRIAS","2021","Educação & Sociedade","https://openalex.org/S2737687728","0101-7330","https://doi.org/10.1590/es.240770","aberto","Luís Antônio Groppo; Mara Aline Oliveira","Luís Antonio Groppo","HFSE"
"https://openalex.org/W4210891242","10.14393/revedfil.v35n73a2021-57274","Palavras Mágicas:","2021","EDUCAÇÃO E FILOSOFIA","https://openalex.org/S4210237095","0102-6801","https://doi.org/10.14393/revedfil.v35n73a2021-57274","aberto","Luiz Roberto Gomes; Andreas Gruschka; Antônio Álvaro Soares Zuin","Antonio Alvaro Soares Zuin; Luiz Roberto Gomes","ECS"
"https://openalex.org/W3165315023","10.18616/rsp.v5i1.6639","PAPEL DA GESTÃO ESCOLAR NA REESTRUTURAÇÃO CURRICULAR A PARTIR DA BASE NACIONAL COMUM CURRICULAR NA VISÃO DE SUAS GESTORAS","2021","Revista Saberes Pedagógicos","https://openalex.org/S4210204151","2526-4559","https://doi.org/10.18616/rsp.v5i1.6639","aberto","Felipe Fabri Silveira; Maria Aparecida Mello","Maria Aparecida Mello","EETPC"
"https://openalex.org/W3192058579","10.5216/mh.v21.66061","Participação Política na Arte Musical","2021","Música Hodie","https://openalex.org/S33760073","1676-3939","https://doi.org/10.5216/mh.v21.66061","aberto","Alessandra Maria Martins Gaidargi; Paolo Nosella","Paolo Nosella","HFSE"
"https://openalex.org/W3210206461","10.1590/es.254030","PAULO FREIRE: PRESENTE! LEVANTAMENTO BIBLIOGRÁFICO EM EDUCAÇÃO & SOCIEDADE","2021","Educação & Sociedade","https://openalex.org/S2737687728","0101-7330","https://doi.org/10.1590/es.254030","aberto","Luana Costa Almeida","Luana Costa Almeida","EETPC"
"https://openalex.org/W3169492935","10.1590/2526-8910.ctoed292021","Pensar/fazer como prática da liberdade: a terapia ocupacional e o centenário de Paulo Freire","2021","Cadernos Brasileiros de Terapia Ocupacional ","https://openalex.org/S4210189390","0104-4931","https://doi.org/10.1590/2526-8910.ctoed292021","aberto","Magno Nunes Farias; Roseli Esquerdo Lopes","Roseli Esquerdo Lopes","HFSE"
"https://openalex.org/W4212846063","10.32335/2238-0426.2021.11.27.7156","Percepção de valor de assinantes de cursos on-line em economia criativa","2021","Conhecer debate entre o público e o privado","https://openalex.org/S4210183119","2238-0426","https://doi.org/10.32335/2238-0426.2021.11.27.7156","aberto","Francisca Angélica de Oliveira; Daniel Mill","Daniel Ribeiro Silva Mill","ECS"
"https://openalex.org/W3158220729","10.31639/rbpfp.v13i26.359","Percepções de uma professora iniciante acerca das contribuições da pesquisa em sua formação inicial para o ensino de matemática","2021","Formação Docente – Revista Brasileira de Pesquisa sobre Formação de Professores","https://openalex.org/S4210178422","2176-4360","https://doi.org/10.31639/rbpfp.v13i26.359","aberto","Fernando Schlindwein Santino; Klinger Teodoro Ciríaco; Ana Carolina Faustino","Klinger Teodoro Ciríaco","FPOAE"
"https://openalex.org/W3131262584","10.1590/1806-9304202100s100005","Perinatal care in the COVID-19 pandemic: analysis of Brazilian guidelines and protocols","2021","Revista Brasileira de Saúde Materno Infantil","https://openalex.org/S4210225962","1519-3829","https://doi.org/10.1590/1806-9304202100s100005","aberto","Natália Sevilha Stofel; Daiany Christinelli; Rebeca Cardoso de Souza Silva; Natália Rejane Salim; Ana Carolina Sartorato Beleza; Jamile Claro de Castro Bussadori","Natália Rejane Salim","PSPE"
"https://openalex.org/W3217016209","10.20873/uft.rbec.e12819","Perspectivas dos egressos do Curso de Licenciatura em Educação do Campo, Campus Arraias/Tocantins","2021","Revista Brasileira de Educação do Campo","https://openalex.org/S2738740277","2525-4863","https://doi.org/10.20873/uft.rbec.e12819","aberto","Helena Quirino Porto Aires; Luiz Bezerra Neto","Luiz Bezerra Neto","EPFH"
"https://openalex.org/W3170084843","10.29378/plurais.2447-9373.2021.v6.n1.11705","Pesquisa decolonial e privação de liberdade","2021","PLURAIS - Revista Multidisciplinar","https://openalex.org/S4210230889","2177-5060","https://doi.org/10.29378/plurais.2447-9373.2021.v6.n1.11705","aberto","Edla Cristina Rodrigues Caldas; Elenice Maria Cammarosano Onofre","Elenice Maria Cammarosano Onofre","EPFH"
"https://openalex.org/W3191168661","10.25059/2527-2594/retratosdeassentamentos/2021.v24i1.467","Poder econômico e extraeconômico do agro latifundiário no Brasil","2021","Retratos de Assentamentos","https://openalex.org/S4210210437","1516-8182","https://doi.org/10.25059/2527-2594/retratosdeassentamentos/2021.v24i1.467","aberto","Joelson Gonçalves de Carvalho; Wagner de Souza Leite Molina; Sebastião Ferreira da Cunha","Joelson Gonçalves de Carvalho","EPFH"
"https://openalex.org/W3197830377","10.21573/vol37n22021.112837","POLÍTICA E GESTÃO EDUCACIONAL NA SECRETARIA MUNICIPAL DE EDUCAÇÃO DE SÃO PAULO (1989-1992)","2021","Revista Brasileira de Política e Administração da Educação - Periódico científico editado pela ANPAE","https://openalex.org/S4210196848","1678-166X","https://doi.org/10.21573/vol37n22021.112837","aberto","Vagno Emygdio Machado Dias; Tânia Barbosa Martins","Vagno Emygdio Machado Dias","HFSE"
"https://openalex.org/W4200485208","10.29286/rep.v30ijan/dez.11162","POLÍTICAS PÚBLICAS, PRODUÇÕES ACADÊMICAS E MESTRADOS PROFISSIONAIS EM EDUCAÇÃO: QUAL É O LUGAR OCUPADO PELOS PROFESSORES?","2021","Revista de Educação Pública","https://openalex.org/S4210186873","0104-5962","https://doi.org/10.29286/rep.v30ijan/dez.11162","aberto","Márcia Regina Onofre; Samuel de Souza Neto","Márcia Regina Onofre","FPOAE"
"https://openalex.org/W4205857273","10.1590/1980-6248-2021-0110","Por uma pedagogia da esperança e da autonomia na era da cultura digital","2021","Pro-Posições","https://openalex.org/S4210208850","0103-7307","https://doi.org/10.1590/1980-6248-2021-0110","aberto","Antônio Álvaro Soares Zuin; Roseli Rodrigues de Mello","Roseli Rodrigues de Mello; Antonio Alvaro Soares Zuin","EETPC; ECS"
"https://openalex.org/W3176171655","10.30938/bocehm.v8i23.4998","Possibilidades de desenvolvimento do pensamento algébrico a partir de tarefas nos anos","2021","Boletim Cearense de Educação e História da Matemática","https://openalex.org/S4210178614","2357-8661","https://doi.org/10.30938/bocehm.v8i23.4998","aberto","Jocelei Miranda da Silva; Klinger Teodoro Ciríaco","Klinger Teodoro Ciríaco","FPOAE"
"https://openalex.org/W3210096352","10.21723/riaee.v16i4.14300","Possibilidades e desafios do PIBID para o estreitamento da relação entre escola e universidade","2021","Revista Ibero-Americana de Estudos em Educação","https://openalex.org/S2737552301","1982-5587","https://doi.org/10.21723/riaee.v16i4.14300","aberto","Natália Neves Macedo Deimling; Aline Maria de Medeiros Rodrigues Reali","Aline Maria de Medeiros Rodrigues Reali","FPOAE"
"https://openalex.org/W4200423618","10.24065/2237-9460.2021v11n1id1737","PRÁTICA PEDAGÓGICA EM CLASSES MULTISSERIADAS","2021","Revista Exitus","https://openalex.org/S4210238501","2236-2983","https://doi.org/10.24065/2237-9460.2021v11n1id1737","aberto","Elane Rodrigues de Oliveira; María Iolanda Monteiro","Maria Iolanda Monteiro","ECS"
"https://openalex.org/W3130080809","10.5902/1984644441063","Preciso fazer estágio professora? – Estágio como experiência formativa primordial","2021","Educação (UFSM)","https://openalex.org/S2738869710","0101-9031","https://doi.org/10.5902/1984644441063","aberto","Luana Costa Almeida","Luana Costa Almeida","EETPC"
"https://openalex.org/W4200279731","10.33448/rsd-v10i16.24075","Prevenção de violência e promoção de relações de intimidade saudáveis: Análise interventiva com adolescentes","2021","Research Society and Development","https://openalex.org/S2739064124","2525-3409","https://doi.org/10.33448/rsd-v10i16.24075","aberto","Marina Soares Souza; Silvia Mara Carvalho Silva; André Vilela Komatsu; Angélica Martins de Souza Gonçalves; Natália Rejane Salim; Diene Monique Carlos","Natália Rejane Salim","PSPE"
"https://openalex.org/W4285374414","10.22483/2177-5796.2021v23n2p483-502","Professores Coordenadores Pedagógicos","2021","Quaestio revista de estudos em educação","https://openalex.org/S4210195366","1518-2886","https://doi.org/10.22483/2177-5796.2021v23n2p483-502","aberto","Márcia Regina Onofre; Charles William Cavalcante De Oliveira","Márcia Regina Onofre","FPOAE"
"https://openalex.org/W4206391166","10.4013/edu.2022.261.04","Professores iniciantes e professores ingressantes: demandas formativas dos inscritos em um programa híbrido de mentoria","2021","Educação Unisinos","https://openalex.org/S2736521713","1519-387X","https://doi.org/10.4013/edu.2022.261.04","aberto","Renata Portela Rinaldi; Janailza Moura de Sousa Barros; Aline Maria de Medeiros Rodrigues Reali; Ana Paula Gestoso de Souza","Aline Maria de Medeiros Rodrigues Reali; Ana Paula Gestoso de Souza","FPOAE"
"https://openalex.org/W3161463540","10.37618/paradigma.1011-2251.2021.p135-151.id1002","PROGRAMAS NACIONAIS DE INICIAÇÃO À DOCÊNCIA NO BRASIL","2021","PARADIGMA","https://openalex.org/S4210168080","1011-2251","https://doi.org/10.37618/paradigma.1011-2251.2021.p135-151.id1002","aberto","Maria do Carmo de Sousa; Renata Prenstteter Gama","Maria do Carmo de Sousa","ECM"
"https://openalex.org/W3195445864","10.5007/1807-0221.2021.e77509","Projeto Vincular: atividades educativas com gestantes no contexto de uma maternidade do interior paulista","2021","Extensio Revista Eletrônica de Extensão","https://openalex.org/S4210194707","1807-0221","https://doi.org/10.5007/1807-0221.2021.e77509","aberto","Lina Domênica Mapelli; Giovanna Brunna da Silva Justino; Mariana De Gea Gervasio; Jamile Claro de Castro Bussadori; Eliane de Lima Leite Sansão; Natália Rejane Salim","Natália Rejane Salim","PSPE"
"https://openalex.org/W3193390438","10.1590/interface.200753","Proteção social e experiências terapêuticoocupacionais: a vida na pandemia de Covid-19","2021","Interface - Comunicação Saúde Educação","https://openalex.org/S4210167574","1414-3283","https://doi.org/10.1590/interface.200753","aberto","Lívia Celegati Pan; Marina Leandrini de Oliveira; Marina Jorge da Silva; Ana Paula Serrata Malfitano; Roseli Esquerdo Lopes","Roseli Esquerdo Lopes","HFSE"
"https://openalex.org/W3162557458","10.33448/rsd-v10i5.15098","Qual é a importância dos congressos científicos? Visões de pós-graduandos e docentes da Química de uma universidade pública","2021","Research Society and Development","https://openalex.org/S2739064124","2525-3409","https://doi.org/10.33448/rsd-v10i5.15098","aberto","Yana Bárbara da Silva Teixeira; Ettore Paredes Antunes","Ettore Paredes Antunes","ECM"
"https://openalex.org/W3126295616","10.24109/emaberto.v34i109.4526","Qualidade da/na educação: narrativas de professoras sobre o trabalho docente","2021","Em Aberto","https://openalex.org/S4210197720","0104-1037","https://doi.org/10.24109/emaberto.v34i109.4526","aberto","Maria Alfredo Moreira; Rosa Maria Moraes Anunciato; Maria Aparecida Pereira Viana","Rosa Maria Moraes Anunciato","FPOAE"
"https://openalex.org/W3157240997","10.14244/198271994638","Quando todas as portas se fecham: um ensaio sobre direitos humanos e encarceramento","2021","Revista Eletrônica de Educação","https://openalex.org/S2736679368","1982-7199","https://doi.org/10.14244/198271994638","aberto","Juliana Cavicchioli de Souza; Renice Ribeiro Lopes; Débora Cristina Fonseca","Débora Cristina Fonseca","EPFH"
"https://openalex.org/W4205382422","10.29327/252910.10.1-5","QUEM VAI FICAR COM O PÊSSEGO? DISCUTINDO ESTATÍSTICA E PROBABILIDADE NA EDUCAÇÃO INFANTIL COM FUTUROS(AS) PROFESSORES(AS)","2021","Revista Educação Matemática em Foco/Educação Matemática em Foco","https://openalex.org/S4210233360","1981-6979","https://doi.org/10.29327/252910.10.1-5","aberto","Klinger Teodoro Ciríaco; Priscila Domingues de Azevedo; Marcielli de Lemos Cremoneze","Klinger Teodoro Ciríaco","FPOAE"
"https://openalex.org/W4220705326","10.29181/2594-6463-2021-v5-n3-p294-307","Reconhecer para enfrentar: práxis pedagógica antirracista na educação física escolar","2021","MOTRICIDADES Revista da Sociedade de Pesquisa Qualitativa em Motricidade Humana","https://openalex.org/S4210194316","2594-6463","https://doi.org/10.29181/2594-6463-2021-v5-n3-p294-307","aberto","Denise Aparecida Corrêa; Paloma De Campos Rodrigues","Denise Aparecida Correa","PSPE"
"https://openalex.org/W3194279775","10.36311/1981-1640.2021.v15.e02118","Reconhecimento científico e avaliação post-mortem em obituários acadêmicos da revista pesquisa FAPESP","2021","Brazilian Journal of Information Science research trends","https://openalex.org/S2764412274","1981-1640","https://doi.org/10.36311/1981-1640.2021.v15.e02118","aberto","María Cristina Piumbato Innocentini Hayashi; Alexandre Masson Maroldi; Carlos Roberto Massao Hayashi","Carlos Roberto Massao Hayashi; Maria Cristina Piumbato Innocentini Hayashi","HFSE"
"https://openalex.org/W3190808629","10.1590/1980-4415v35n70a08","Rede de Aprendizagem e Desenvolvimento da Docência: expressões do pensamento geométrico de professoras que ensinam Matemática nos Anos Iniciais do Ensino Fundamental","2021","Bolema Boletim de Educação Matemática","https://openalex.org/S4210176729","0103-636X","https://doi.org/10.1590/1980-4415v35n70a08","aberto","Lívia de Oliveira Vasconcelos; Everaldo Gomes Leandro; Cármen Lúcia Brancaglion Passos; Rosa Maria Moraes Anunciato","Carmen Lucia Brancaglion Passos; Rosa Maria Moraes Anunciato","ECM; FPOAE"
"https://openalex.org/W4200067720","10.29378/plurais.2447-9373.2021.v6.n3.13242","Reflexões necessárias e urgentes acerca da gestão da EAD no Brasil","2021","PLURAIS - Revista Multidisciplinar","https://openalex.org/S4210230889","2177-5060","https://doi.org/10.29378/plurais.2447-9373.2021.v6.n3.13242","aberto","Marcello Ferreira; Marcos Rogério Martins Costa; Daniel Mill","Daniel Ribeiro Silva Mill","ECS"
"https://openalex.org/W4200341180","10.33025/tefe.v6i3.3370","REFLEXÕES PRELIMINARES SOBRE A UNIDADE TEMATÍCA ESPORTES NA BASE NACIONAL COMUM CURRICULAR","2021","Temas em Educação Física Escolar","https://openalex.org/S4210240103","2525-5916","https://doi.org/10.33025/tefe.v6i3.3370","aberto","Rodrigo Gonçalves Vieira Marques; Flávio Henrique Lara da Silveira Zaghi; Fernando Diana; Fernando Donizete Alves","Fernando Donizete Alves","EETPC"
"https://openalex.org/W3192607284","10.11606/issn.2595-2536.v32i1p62-82","Reflexões teóricas e metodológicas sobre pesquisas no campo da saúde mental e trabalho","2021","Cadernos Ceru","https://openalex.org/S4210171890","1413-4519","https://doi.org/10.11606/issn.2595-2536.v32i1p62-82","aberto","Roberto Heloani; Eduardo Pinto e Silva","Eduardo Pinto e Silva","EPFH"
"https://openalex.org/W4207057730","10.11606/issn.1981-0490.v24i1p103-117","Reforma trabalhista e relações de trabalho no Brasil: por quem os sinos dobram?","2021","Cadernos de Psicologia Social do Trabalho","https://openalex.org/S4210176090","1516-3717","https://doi.org/10.11606/issn.1981-0490.v24i1p103-117","aberto","Sebastião Ferreira da Cunha; Andriele Magioli da Silva; Rondon Ferreira de Souza Filho; Joelson Gonçalves de Carvalho; Wagner de Souza Leite Molina","Joelson Gonçalves de Carvalho","EPFH"
"https://openalex.org/W3207799026","10.34112/2317-0972a2021v39n82p55-71","Relação com o saber na escola. O olhar do não-docente sobre a formação de si e do outro. Um olhar estrangeiro.","2021","Leitura Teoria & Prática","https://openalex.org/S4210186676","0102-387X","https://doi.org/10.34112/2317-0972a2021v39n82p55-71","aberto","Flávio Caetano da Silva; Ana Paula Gilaverte; Nathália Suppino Ribeiro de Almeida","Flavio Caetano da Silva","ECS"
"https://openalex.org/W4205832301","10.5902/1984644461383","Relações entre currículo e gestão escolar na perspectiva da democracia e da interculturalidade","2021","Educação (UFSM)","https://openalex.org/S2738869710","0101-9031","https://doi.org/10.5902/1984644461383","aberto","Emilía Freitas de Lima; Celso Luiz Aparecido Conti; Renata Maria Moschen Nascente","Celso Luiz Aparecido Conti; Emilia Freitas de Lima; Renata Maria Moschen Nascente","EETPC"
"https://openalex.org/W3157591696","10.25267/hachetetepe.2021.i22.1202","Representaciones de personajes femeninos en la película de animación Mi Villano Favorito 2","2021","Hachetetepé Revista científica de educación y comunicación","https://openalex.org/S4210209079","2172-7910","https://doi.org/10.25267/hachetetepe.2021.i22.1202","aberto","Ana Paula Trofino Ohe; Nilson Fernandes Dinis","Nilson Fernandes Dinis","ECS"
"https://openalex.org/W3161982141","10.24065/2237-9460.2021v11n1id1563","RESILIÊNCIA CULTURAL E EDUCAÇÃO ESCOLAR VERSUS PÓS-MODERNIDADE-PÓS-VERDADE","2021","Revista Exitus","https://openalex.org/S4210238501","2236-2983","https://doi.org/10.24065/2237-9460.2021v11n1id1563","aberto","Juan Carlos Rodríguez Cruz; Luiz Bezerra Neto; Yanely Rodríguez Parra","Luiz Bezerra Neto","EPFH"
"https://openalex.org/W3173791690","10.11606/issn.2178-2075.v12i1p19-40","Revisitando Derek de Solla Price na Cientometria brasileira: análise de citações em artigos da SciELO.br","2021","InCID Revista de Ciência da Informação e Documentação","https://openalex.org/S4210218408","2178-2075","https://doi.org/10.11606/issn.2178-2075.v12i1p19-40","aberto","María Cristina Piumbato Innocentini Hayashi; Alexandre Masson Maroldi; Carlos Roberto Massao Hayashi","Carlos Roberto Massao Hayashi; Maria Cristina Piumbato Innocentini Hayashi","HFSE"
"https://openalex.org/W3185199025","10.26512/lc27202139034","Saberes e aprendizados da e na militância política (apresentação)","2021","Linhas Crí­ticas","https://openalex.org/S4210172282","1516-4896","https://doi.org/10.26512/lc27202139034","aberto","Kimi Tomizaki; Luís Antônio Groppo","Luís Antonio Groppo","HFSE"
"https://openalex.org/W3137453077","10.1590/1980-54702021v27e0025","Solidariedade Intergeracional de Avós com Netos com Deficiência: Análise Bibliométrica e de Conteúdo","2021","Revista Brasileira de Educação Especial","https://openalex.org/S4210190154","1413-6538","https://doi.org/10.1590/1980-54702021v27e0025","aberto","María Cristina Piumbato Innocentini Hayashi; Carlos Roberto Massao Hayashi; Carolina Rebellato; Cláudia Maria Simões Martinez","Carlos Roberto Massao Hayashi; Maria Cristina Piumbato Innocentini Hayashi","HFSE"
"https://openalex.org/W3135309442","10.5902/1984644441203","Tecnologias digitais, formação de professores e de pesquisadores na pós-graduação: relações entre as iniciativas brasileiras e internacionais","2021","Educação (UFSM)","https://openalex.org/S2738869710","0101-9031","https://doi.org/10.5902/1984644441203","aberto","Eucídio Pimenta Arruda; Daniel Mill","Daniel Ribeiro Silva Mill","ECS"
"https://openalex.org/W3174564502","10.1590/2526-8910.ctoao2072","Terapia ocupacional e educação: as proposições de terapeutas ocupacionais na e para a escola no Brasil1","2021","Cadernos Brasileiros de Terapia Ocupacional ","https://openalex.org/S4210189390","0104-4931","https://doi.org/10.1590/2526-8910.ctoao2072","aberto","Beatriz Prado Pereira; Patrícia Leme de Oliveira Borba; Roseli Esquerdo Lopes","Roseli Esquerdo Lopes","HFSE"
"https://openalex.org/W3147280406","10.22456/1982-8918.106782","TREINADORAS E AUXILIARES DO FUTEBOL DE MULHERES NO BRASIL: SUBVERSÃO E RESISTÊNCIA NA LIDERANÇA ESPORTIVA","2021","Movimento (Porto Alegre)","https://openalex.org/S147589591","0104-754X","https://doi.org/10.22456/1982-8918.106782","aberto","Mariana Cristina Borges Novais; Ludmila Mourão; Osmar Moreira de Souza; Igor Chagas Monteiro; Bárbara Aparecida Bepler Pires","Osmar Moreira de Souza Junior","PSPE"
"https://openalex.org/W3173476160","10.15600/2238-121x/comunicacoes.v28n1p279-294","Um estudo sobre a Revista Brasileira de História da Educação (2001-2017): autorias, temas e citações","2021","Comunicações","https://openalex.org/S4210224284","0104-8481","https://doi.org/10.15600/2238-121x/comunicacoes.v28n1p279-294","aberto","Amarílio Ferreira; Marisa Bittar; Olívia Morais de Medeiros Neta","Marisa Bittar","HFSE"
"https://openalex.org/W4210669133","10.25267/rev_educ_ambient_sostenibilidad.2021.v3.i2.2101","Um percurso temático complexificado sobre horta: as contribuições das hipóteses de transição","2021","REVISTA DE EDUCACIÓN AMBIENTAL Y SOSTENIBILIDAD","https://openalex.org/S4210210974","2659-708X","https://doi.org/10.25267/rev_educ_ambient_sostenibilidad.2021.v3.i2.2101","aberto","Carla Sarmento Santos; Fernanda Carvalho; Denise de Freitas; Giselle Watanabe","Denise de Freitas","ECM"
"https://openalex.org/W4210788386","10.35786/1645-1384.v21.n3.36","Universidade e Escola como Lócus da Profissionalização do Ensino e do Tempo Entre-Dois no Estágio Supervisionado","2021","Curriculo sem Fronteiras","https://openalex.org/S2738798805","1645-1384","https://doi.org/10.35786/1645-1384.v21.n3.36","aberto","Dijnane Vedovatto; Samuel de Souza Neto","Dijnane Fernanda Vedovatto Machado","FPOAE"
"https://openalex.org/W3179400891","10.11606/issn.1981-4690.v35inespp63-7","Violências de gênero, sexualidade e educação física escolar: como essa questão social vem sendo tratada no contexto escolar","2021","Revista Brasileira de Educação Física e Esporte","https://openalex.org/S2736567417","1807-5509","https://doi.org/10.11606/issn.1981-4690.v35inespp63-7","aberto","Marcela Albertini Balbino; Priscila Carla Cardoso; Débora Cristina Fonseca","Débora Cristina Fonseca; Priscila Carla Cardoso","EPFH"
"https://openalex.org/W4390900407","10.29327/269504.3.2-9","Visões inadequadas sobre a ciência e o enfoque CTS: uma discussão sobre as concepções de pós-graduandos de uma IFES da região norte","2021","Scientia Naturalis","https://openalex.org/S4387283133","2596-1640","https://doi.org/10.29327/269504.3.2-9","aberto","Erika Maria Da Rocha Souza; Sidilene Aquino de Farias; Ettore Paredes Antunes","Ettore Paredes Antunes","ECM"
"https://openalex.org/W3180370532","10.1590/0034-7167-2020-1164","Women and COVID-19: reflections for a sexual and reproductive rights-based obstetric care","2021","Revista Brasileira de Enfermagem","https://openalex.org/S150928353","0034-7167","https://doi.org/10.1590/0034-7167-2020-1164","aberto","Luciana Braz de Oliveira Paes; Natália Rejane Salim; Natália Sevilha Stofel; Márcia Regina Cangiani Fabbro","Natália Rejane Salim","PSPE"
"https://openalex.org/W3186767743","10.3390/rel12070549","Zero Tolerance of Children’s Sexual Abuse from Interreligious Dialogue","2021","Religions","https://openalex.org/S4210184657","2077-1444","https://doi.org/10.3390/rel12070549","aberto","Cristina Pulido; Ana Vidu; Roseli Rodrigues de Mello; Esther Oliver","Roseli Rodrigues de Mello","EETPC"
"https://openalex.org/W3087809405","10.12957/teias.2020.54396","""Sou mais ativista, militante da área do que propriamente pesquisadora em Educação"": Zélia Amador de Deus e educação antirracista","2020","Revista TEIAS","https://openalex.org/S4210184226","1518-5370","https://doi.org/10.12957/teias.2020.54396","aberto","Lucimar Rosa Dias; Mailsa Carla Pinto Passos; Tatiane Cosentino Rodrigues","Tatiane Cosentino Rodrigues","RED"
"https://openalex.org/W3088353985","10.18554/rt.v13i3.4839","""Um meme vale mais que mil palavras"": representações sociais configuradas sobre a docência e o professor na internet","2020","Revista Triângulo","https://openalex.org/S4210208975","2175-1609","https://doi.org/10.18554/rt.v13i3.4839","aberto","Lucas de Aguiar Lima; Danielle Abreu Silva; Klinger Teodoro Ciríaco","Klinger Teodoro Ciríaco","FPOAE"
"https://openalex.org/W3008858650","10.21723/riaee.v15i1.12251","(Re) significando o brincar na educação infantil a partir da teoria histórico-cultural","2020","Revista Ibero-Americana de Estudos em Educação","https://openalex.org/S2737552301","1982-5587","https://doi.org/10.21723/riaee.v15i1.12251","aberto","Mariana de Oliveira Faria; Alessandra Arce Hai","Alessandra Arce Hai","ECS"
"https://openalex.org/W3109946368","10.1590/es.23968","(RE)ORGANIZAR O TRABALHO PEDAGÓGICO EM TEMPOS DE COVID-19: NO LIMIAR DO (IM)POSSÍVEL","2020","Educação & Sociedade","https://openalex.org/S2737687728","0101-7330","https://doi.org/10.1590/es.23968","aberto","Luana Costa Almeida; Adilson Dalben","Luana Costa Almeida","EETPC"
"https://openalex.org/W3121347805","10.47385/praxis.v12.n1sup.3388","#FIQUEEMCASA – PERSPECTIVAS DE FAMÍLIAS SOBRE O AUXÍLIO EM TAREFAS ESCOLARES DE MATEMÁTICA DURANTE A PANDEMIA DE COVID-19","2020","Revista Práxis Online/Revista Práxis","https://openalex.org/S4210209680","1984-4239","https://doi.org/10.47385/praxis.v12.n1sup.3388","aberto","Francieli Aparecida Prates dos Santos; Klinger Teodoro Ciríaco; Natália Sevilha Stofel","Klinger Teodoro Ciríaco","FPOAE"
"https://openalex.org/W3034509056","10.1590/es.233820","A AUTORIDADE PEDAGÓGICA DIANTE DA TECNOLOGIA ALGORÍTMICA DE RECONHECIMENTO FACIAL E VIGILÂNCIA","2020","Educação & Sociedade","https://openalex.org/S2737687728","0101-7330","https://doi.org/10.1590/es.233820","aberto","Vânia Gomes Zuin; Antônio Álvaro Soares Zuin","Antonio Alvaro Soares Zuin","ECS"
"https://openalex.org/W3092914033","10.9771/gmed.v12i2.37167","A concepção de politecnia no pensamento educacional de Vladimir Lênin no contexto da revolução Russa","2020","Germinal Marxismo e Educação em Debate","https://openalex.org/S2739076525","2175-5604","https://doi.org/10.9771/gmed.v12i2.37167","aberto","Vagno Emygdio Machado Dias","Vagno Emygdio Machado Dias","HFSE"
"https://openalex.org/W3094578318","10.1590/1516-731320200044","A Importância da Atividade Científica: concepções dos produtores de conhecimento químico de uma universidade pública","2020","Ciência & Educação (Bauru)","https://openalex.org/S2736612050","1516-7313","https://doi.org/10.1590/1516-731320200044","aberto","Ettore Paredes Antunes; Yana Bárbara da Silva Teixeira; Luiz Henrique Ferreira","Ettore Paredes Antunes","ECM"
"https://openalex.org/W3033014625","10.30905/ded.v4i1.174","A invasão do smartphone na sala de aula – sobre a autoridade do professor, violência, o privado e o público no ensino.","2020","DEVIR EDUCAÇÃO","https://openalex.org/S4210191429","2526-849X","https://doi.org/10.30905/ded.v4i1.174","aberto","Andreas Gruschka Andreas Grushka; Antônio Álvaro Soares Zuin","Antonio Alvaro Soares Zuin","ECS"
"https://openalex.org/W3016545408","10.1590/cc220191","A JUDICIALIZAÇÃO DOS CONFLITOS ESCOLARES","2020","Cadernos CEDES","https://openalex.org/S63371229","0101-3262","https://doi.org/10.1590/cc220191","aberto","Elisiane Spencer Quevedo Goethel; Caroline do Amaral Polido; Débora Cristina Fonseca","Débora Cristina Fonseca","EPFH"
"https://openalex.org/W798221437","10.33871/22386084.2012.1.1.46-59","A leitura e a escrita como possibilidade de resgate da cidadania de jovens e adultos em privação de liberdade","2020","Revista Educação e Linguagens","https://openalex.org/S4210174453","2238-6084","https://doi.org/10.33871/22386084.2012.1.1.46-59","aberto","Elenice Maria Cammarosano Onofre","Elenice Maria Cammarosano Onofre","EPFH"
"https://openalex.org/W4285674933","10.33871/22386084...46-59","A leitura e a escrita como possibilidade de resgate da cidadania de jovens e adultos em privação de liberdade","2020","Revista Educação e Linguagens","https://openalex.org/S4210174453","2238-6084","https://doi.org/10.33871/22386084...46-59","aberto","Elenice Maria Cammarosano Onofre","Elenice Maria Cammarosano Onofre","EPFH"
"https://openalex.org/W2997023885","10.25112/rco.v1i0.1771","A LINGUAGEM CORPORAL DE MOVIMENTO E A EDUCAÇÃO ESCOLAR INFANTIL: UMA EXPERIÊNCIA FORMATIVA","2020","Revista Conhecimento Online","https://openalex.org/S4210173519","2176-8501","https://doi.org/10.25112/rco.v1i0.1771","aberto","Luana Zanotto; Bruno Martins Ferreira; Fernando Donizete Alves","Fernando Donizete Alves","EETPC"
"https://openalex.org/W2909874771","10.33871/22386084.2018.7.13.69-89","A matemática das histórias infantis: um olhar para produção das professoras dos anos iniciais","2020","Revista Educação e Linguagens","https://openalex.org/S4210174453","2238-6084","https://doi.org/10.33871/22386084.2018.7.13.69-89","aberto","Everaldo Gomes Leandro; Lívia de Oliveira Vasconcelos; Flávia Cristina Figueiredo Coura; Talita Fernanda de Souza; Mauro Carlos Romanatto; Cármen Lúcia Brancaglion Passos; Maria Tereza Fernandino Evangelista; Francielle de Mattos","Carmen Lucia Brancaglion Passos","ECM"
"https://openalex.org/W4285618866","10.33871/22386084...69-89","A matemática das histórias infantis: um olhar para produção das professoras dos anos iniciais","2020","Revista Educação e Linguagens","https://openalex.org/S4210174453","2238-6084","https://doi.org/10.33871/22386084...69-89","aberto","Everaldo Gomes Leandro; Lívia de Oliveira Vasconcelos; Flávia Cristina Figueiredo Coura; Talita Fernanda de Souza; Mauro Carlos Romanatto; Cármen Lúcia Brancaglion Passos; Maria Tereza Fernandino Evangelista; Francielle de Mattos","Carmen Lucia Brancaglion Passos","ECM"
"https://openalex.org/W3087932635","10.18616/rsp.v4i2.6179","A PARTICIPAÇÃO DA COMUNIDADE EDUCATIVA NA CONSTRUÇÃO DA GESTÃO DEMOCRÁTICA","2020","Revista Saberes Pedagógicos","https://openalex.org/S4210204151","2526-4559","https://doi.org/10.18616/rsp.v4i2.6179","aberto","Bruna Maravai; Maria Aparecida Mello","Maria Aparecida Mello","EETPC"
"https://openalex.org/W3082908763","10.28998/2175-6600.2020v12n27p22-37","A problematização e a instrumentalização na formação do pedagogo para o ensino de Ciências da Natureza","2020","Debates em educação","https://openalex.org/S4210219497","2175-6600","https://doi.org/10.28998/2175-6600.2020v12n27p22-37","aberto","Luciana Massi; Francisco José Carvalho Mazzeu; Michel Pisa Carnio","Michel Pisa Carnio","ECM"
"https://openalex.org/W3015525865","10.22633/rpge.v24i2.13228","A produção da ANPED sobre professores iniciantes e grupos colaborativos em educação matemática (2000-2015)","2020","Revista on line de Política e Gestão Educacional","https://openalex.org/S2736709357","1519-9029","https://doi.org/10.22633/rpge.v24i2.13228","aberto","Klinger Teodoro Ciríaco; Maria Raquel Miotto Morelatti","Klinger Teodoro Ciríaco","FPOAE"
"https://openalex.org/W3023183582","10.20396/rho.v20i0.8653190","A trajetória da escola isolada rural paulista no período republicano e a influência do ruralismo pedagógico","2020","Revista HISTEDBR On-line","https://openalex.org/S4210224784","1676-2584","https://doi.org/10.20396/rho.v20i0.8653190","aberto","Adriana do Carmo de Jesus; Maria Cristina dos Santos Bezerra","Maria Cristina dos Santos","RED"
"https://openalex.org/W3157078908","10.34117/bjdv6n7-074","Ações de ensino, pesquisa e extensão e suas potencialidades à promoção de práticas para a educação das relações étnico-raciais","2020","Brazilian Journal of Development","https://openalex.org/S4210234566","2525-8761","https://doi.org/10.34117/bjdv6n7-074","aberto","Klinger Teodoro Ciríaco; Thiago Moessa Alves; Telma Romilda Duarte Vaz; Ana Carolina Faustino; Lucas de Aguiar Lima; Fernando Schlindwein Santino; Marco Antônio Costa da Silva","Klinger Teodoro Ciríaco","FPOAE"
"https://openalex.org/W3125983357","10.14393/che-v20-2021-6","Alguns subsídios para a compreensão da educação de surdos espanhola: indícios históricos e legais","2020","Cadernos de História da Educação","https://openalex.org/S2737128648","1807-3859","https://doi.org/10.14393/che-v20-2021-6","aberto","Daiane Natalia Schiavon; María Cristina Piumbato Innocentini Hayashi","Maria Cristina Piumbato Innocentini Hayashi","HFSE"
"https://openalex.org/W1643388368","10.36311/2236-5192.2008.v9n2.636","Ampliação da escolaridade obrigatória: um estudo sobre o processo de implementação do ensino fundamental de 9 anos no estado do Paraná e no município de Ponta Grossa","2020","Educação em Revista","https://openalex.org/S4210228243","1518-7926","https://doi.org/10.36311/2236-5192.2008.v9n2.636","aberto","Marisa Bittar","Marisa Bittar","HFSE"
"https://openalex.org/W3019999507","10.30612/tangram.v3i1.11171","Análise bibliométrica dos relatos de experiência sobre “Matemática na Educação Infantil” publicados no SHIAM (2013-2017)","2020","TANGRAM - Revista de Educação Matemática","https://openalex.org/S4210207412","2595-0967","https://doi.org/10.30612/tangram.v3i1.11171","aberto","Klinger Teodoro Ciríaco; Margarida Maria Silva Arantes","Klinger Teodoro Ciríaco","FPOAE"
"https://openalex.org/W3027138094","10.31418/2177-2770.2020.v12.n.32.p120-139","APONTAMENTOS E BASES EPISTEMOLÓGICAS ENTRE FORMAÇÃO DOCENTE E CURRÍCULO: DESAFIOS CONTEMPORÂNEOS PARA UMA EDUCAÇÃO ANTIRRACISTA","2020","Revista da Associação Brasileira de Pesquisador s Negr s - ABPN","https://openalex.org/S4210214628","2177-2770","https://doi.org/10.31418/2177-2770.2020.v12.n.32.p120-139","aberto","Ana Cristina Juvenal da Cruz","Ana Cristina Juvenal da Cruz","RED"
"https://openalex.org/W3015965805","10.15600/2238-121x/comunicacoes.v27n1p63-87","Aprendendo a ser professora de educação infantil","2020","Comunicações","https://openalex.org/S4210224284","0104-8481","https://doi.org/10.15600/2238-121x/comunicacoes.v27n1p63-87","aberto","Ana Paula Gestoso de Souza; Tawana Domeneghi Orlandi Tosta","Ana Paula Gestoso de Souza","FPOAE"
"https://openalex.org/W1883565510","10.33871/22386084...142-155","Aprendizagem dialógica na escola, na pesquisa e na formação docente: contribuições do “Projeto Roda com Arte”","2020","Revista Educação e Linguagens","https://openalex.org/S4210174453","2238-6084","https://doi.org/10.33871/22386084...142-155","aberto","Adriana Fernandes Coimbra Marigo; Amadeu José Montagnini Logarezzi; Roseli Rodrigues de Mello","Roseli Rodrigues de Mello; Adriana Fernandes Coimbra Marigo","EETPC; FPOAE"
"https://openalex.org/W4366723545","10.33871/22386084.2015.4.6.142-155","Aprendizagem dialógica na escola, na pesquisa e na formação docente: contribuições do “Projeto Roda com Arte”","2020","Revista Educação e Linguagens","https://openalex.org/S4210174453","2238-6084","https://doi.org/10.33871/22386084.2015.4.6.142-155","aberto","Adriana Fernandes Coimbra Marigo; Amadeu José Montagnini Logarezzi; Roseli Rodrigues de Mello","Roseli Rodrigues de Mello; Adriana Fernandes Coimbra Marigo","EETPC; FPOAE"
"https://openalex.org/W3115668096","10.14244/198271994891","Apresentação do Dossiê Consequências do Bolsonarismo sobre os direitos humanos, a educação superior e a produção científica no Brasil","2020","Revista Eletrônica de Educação","https://openalex.org/S2736679368","1982-7199","https://doi.org/10.14244/198271994891","aberto","João dos Reis Silva Júnior","Joao dos Reis Silva Junior","EPFH"
"https://openalex.org/W2985158766","10.33871/22386084.2019.8.14.24-48","As ocupas e as ocupações secundaristas: feminismo, política e interseccionalidade","2020","Revista Educação e Linguagens","https://openalex.org/S4210174453","2238-6084","https://doi.org/10.33871/22386084.2019.8.14.24-48","aberto","Isabella Lara Machado Silveira; Luís Antônio Groppo","Luís Antonio Groppo","HFSE"
"https://openalex.org/W4285618689","10.33871/22386084...24-48","As ocupas e as ocupações secundaristas: feminismo, política e interseccionalidade","2020","Revista Educação e Linguagens","https://openalex.org/S4210174453","2238-6084","https://doi.org/10.33871/22386084...24-48","aberto","Isabella Lara Machado Silveira; Luís Antônio Groppo","Luís Antonio Groppo","HFSE"
"https://openalex.org/W3042497469","10.1590/2177-9465-ean-2020-0050","Autolesão não suicida entre adolescentes: significados para profissionais da educação e da Atenção Básica à Saúde","2020","Escola Anna Nery","https://openalex.org/S156506154","1414-8145","https://doi.org/10.1590/2177-9465-ean-2020-0050","aberto","Isabela Martins Gabriel; Luiza Cesar Riani Costa; Ana Beatriz Campeiz; Natália Rejane Salim; Marta Angélica Iossi Silva; Diene Monique Carlos","Natália Rejane Salim","PSPE"
"https://openalex.org/W3096941929","10.14244/198271994532","Autoritarismo de múltiplas faces no Brasil: antissemitismo, bolsonarismo e educação","2020","Revista Eletrônica de Educação","https://openalex.org/S2736679368","1982-7199","https://doi.org/10.14244/198271994532","aberto","Luiz Roberto Gomes","Luiz Roberto Gomes","ECS"
"https://openalex.org/W3014496170","10.5380/dma.v53i0.65703","Avaliação empírica de um instrumento de pesquisa socioambiental: a relevância do diagnóstico participativo","2020","Desenvolvimento e Meio Ambiente","https://openalex.org/S2737788301","1518-952X","https://doi.org/10.5380/dma.v53i0.65703","aberto","Ricardo Almeida; Carlos Roberto Massao Hayashi","Carlos Roberto Massao Hayashi","HFSE"
"https://openalex.org/W3027500895","10.12957/riae.2020.45966","BEBÊS E CRIANÇAS BEM PEQUENAS NO DEBATE SOBRE CULTURA INFANTIL","2020","Revista Interinstitucional Artes de Educar","https://openalex.org/S2738675393","2359-6856","https://doi.org/10.12957/riae.2020.45966","aberto","Andrea Braga Moruzzi; Giovana Alonso","Andrea Braga Moruzzi","RED"
"https://openalex.org/W3096770428","10.14244/198271994533","Bolsonarismo: a necropolítica brasileira como pacto entre fascistas e neoliberais","2020","Revista Eletrônica de Educação","https://openalex.org/S2736679368","1982-7199","https://doi.org/10.14244/198271994533","aberto","João dos Reis Silva Júnior; Everton Henrique Eleutério Fargoni","Joao dos Reis Silva Junior","EPFH"
"https://openalex.org/W3038405122","10.4322/2526-8910.ctoao1990","Caminhos históricos da regulamentação dos school-based occupational therapists nos Estados Unidos da América","2020","Cadernos Brasileiros de Terapia Ocupacional ","https://openalex.org/S4210189390","0104-4931","https://doi.org/10.4322/2526-8910.ctoao1990","aberto","Joana Rostirolla Batista de Souza; ́Patrícia Leme de Oliveira Borba; Roseli Esquerdo Lopes","Roseli Esquerdo Lopes","HFSE"
"https://openalex.org/W3035336791","10.1590/1982-02592020v23n2p276","Capacidade de organização social em enfrentamentos socioambientais","2020","Revista Katálysis","https://openalex.org/S4210232418","1414-4980","https://doi.org/10.1590/1982-02592020v23n2p276","aberto","Ricardo Almeida; Carlos Roberto Massao Hayashi","Carlos Roberto Massao Hayashi","HFSE"
"https://openalex.org/W2198993612","10.33871/22386084.2013.2.3.62-74","Cenários para investigação e resolução de problemas: reflexões para possíveis caminhos","2020","Revista Educação e Linguagens","https://openalex.org/S4210174453","2238-6084","https://doi.org/10.33871/22386084.2013.2.3.62-74","aberto","Ana Carolina Faustino; Cármen Lúcia Brancaglion Passos","Carmen Lucia Brancaglion Passos","ECM"
"https://openalex.org/W4285621073","10.33871/22386084...62-74","Cenários para investigação e resolução de problemas: reflexões para possíveis caminhos","2020","Revista Educação e Linguagens","https://openalex.org/S4210174453","2238-6084","https://doi.org/10.33871/22386084...62-74","aberto","Ana Carolina Faustino; Cármen Lúcia Brancaglion Passos","Carmen Lucia Brancaglion Passos","ECM"
"https://openalex.org/W3092323615","10.1093/eurpub/ckaa166.961","Cesarean Law: a turning point in the fight against the Brazilian epidemic of cesarean section?","2020","European Journal of Public Health","https://openalex.org/S4210220588","1101-1262","https://doi.org/10.1093/eurpub/ckaa166.961","aberto","Mariana De Gea Gervasio; C Malinverni; Natália Rejane Salim; Alejandro A. Nava Cuenca","Natália Rejane Salim","PSPE"
"https://openalex.org/W3045715091","10.47456/krkr.v2i4.33417","Cinquenta anos de pedagogia da alternância no Brasil: conflitos e desafios","2020","Kiri-Kerê - Pesquisa em Ensino","https://openalex.org/S4210198844","2526-2688","https://doi.org/10.47456/krkr.v2i4.33417","aberto","Paolo Nosella","Paolo Nosella","HFSE"
"https://openalex.org/W3113066766","10.20952/revtee.v13i32.13541","Concepções, projetos e experiências de educação integral no Brasil","2020","Revista Tempos e Espaços em Educação","https://openalex.org/S4210227139","1983-6597","https://doi.org/10.20952/revtee.v13i32.13541","aberto","Marcelo Oda Yamazato; Renata Maria Moschen Nascente","Renata Maria Moschen Nascente","EETPC"
"https://openalex.org/W3014273422","10.7213/1981-416x.20.064.ao07","Configuração do campo da avaliação educacional na década de 1980 no Brasil","2020","Revista Diálogo Educacional","https://openalex.org/S4306527104","1518-3483","https://doi.org/10.7213/1981-416x.20.064.ao07","aberto","Regilson Maciel Borges; José Carlos Rothen","Jose Carlos Rothen","EPFH"
"https://openalex.org/W3044509537","10.1590/es.240846","CONFINAR A EXPERIÊNCIA ESCOLAR NUM ECRÃ?","2020","Educação & Sociedade","https://openalex.org/S2737687728","0101-7330","https://doi.org/10.1590/es.240846","aberto","Licínio C. Lima; Ivany Rodrigues Pino; Theresa Adrião; Luana Costa Almeida; Celso João Ferretti; Antônio Álvaro Soares Zuin; Sandra Maria Zákia Lian Sousa; Pedro Goergen; Carmen Sylvia Vidigal Moraes; Adriana Aparecida Dragone Silveira; Salomão Barros Ximenes; Xavier Rambla","Luana Costa Almeida; Antonio Alvaro Soares Zuin","EETPC; ECS"
"https://openalex.org/W3096521141","10.33532/revemop.e202019","Conhecimentos sobre ensino de Matemática e formação de professores produzidos em pesquisas no contexto do GPEFCom","2020","Revemop","https://openalex.org/S4210236610","2596-0245","https://doi.org/10.33532/revemop.e202019","aberto","Maria do Carmo de Sousa","Maria do Carmo de Sousa","ECM"
"https://openalex.org/W3030627532","10.29286/rep.v29ijan/dez.8023","Considerações sobre lacunas decorrentes da formação oportunizada no curso de Licenciatura em Matemática no Brasil","2020","Revista de Educação Pública","https://openalex.org/S4210186873","0104-5962","https://doi.org/10.29286/rep.v29ijan/dez.8023","aberto","Eliana Alves Pereira Leite; Cármen Lúcia Brancaglion Passos","Carmen Lucia Brancaglion Passos","ECM"
"https://openalex.org/W3024926491","10.14244/198271993443","Construção do direito da criança pequena à educação no Brasil: história a partir do estado","2020","Revista Eletrônica de Educação","https://openalex.org/S2736679368","1982-7199","https://doi.org/10.14244/198271993443","aberto","Nayane Moreno Perea; Géssica Priscila Ramos","Gessica Priscila Ramos","EPFH"
"https://openalex.org/W3034139655","10.1590/1518-8345.3820.3284","Construction of professional identity in nursing students: qualitative research from the historical-cultural perspective","2020","Revista Latino-Americana de Enfermagem","https://openalex.org/S124508484","0104-1169","https://doi.org/10.1590/1518-8345.3820.3284","aberto","Rogério Silva Lima; Marta Angélica Iossi Silva; Luciane Sá de Andrade; Fernanda dos Santos Nogueira de Góes; Maria Aparecida Mello; Marlene Fagundes Carvalho Gonçalves","Maria Aparecida Mello","EETPC"
"https://openalex.org/W3022802605","10.14507/epaa.28.4777","Contribuição da pedagogia A’uwe Uptabi Xavante para a educação dos adolescentes: A palavra dos anciões – Mato Grosso/Brasil","2020","Education Policy Analysis Archives","https://openalex.org/S137104927","1068-2341","https://doi.org/10.14507/epaa.28.4777","aberto","Alberto Pari’Uptse’Wawe Moritu; Jarina Rodrigues Fernandes","Jarina Rodrigues Fernandes","EETPC"
"https://openalex.org/W3082307890","10.20396/etd.v22i3.8654946","Conversas interativas virtuais em um Programa Híbrido de Mentoria","2020","ETD - Educação Temática Digital","https://openalex.org/S2737549463","1676-2592","https://doi.org/10.20396/etd.v22i3.8654946","aberto","Fabiana Marini Braga; Aline Maria de Medeiros Rodrigues Reali; Priscila Menarin Cesário; Mariângela Machado de Castro","Fabiana Marini Braga; Aline Maria de Medeiros Rodrigues Reali","EETPC; FPOAE"
"https://openalex.org/W3108449280","10.28998/2175-6600.2020v12n28p289-311","Da licenciatura em pedagogia à indução na docência: contribuições do PIBID","2020","Debates em educação","https://openalex.org/S4210219497","2175-6600","https://doi.org/10.28998/2175-6600.2020v12n28p289-311","aberto","Klinger Teodoro Ciríaco; Cristiana Mariano","Klinger Teodoro Ciríaco","FPOAE"
"https://openalex.org/W3045074877","10.26512/lc.v26.2020.24702","Democratização da educação básica no município de São Paulo (2013-2016)","2020","Linhas Crí­ticas","https://openalex.org/S4210172282","1516-4896","https://doi.org/10.26512/lc.v26.2020.24702","aberto","Renata Maria Moschen Nascente; Vagnum Dias da Silva","Renata Maria Moschen Nascente","EETPC"
"https://openalex.org/W3038085114","10.31417/educitec.v6ied.especial.1304","Desafios na utilização da ABP na formação de professores de ciências: o processo de criação do projeto","2020","Educitec - Revista de Estudos e Pesquisas sobre Ensino Tecnológico","https://openalex.org/S4210185046","2446-774X","https://doi.org/10.31417/educitec.v6ied.especial.1304","aberto","Jéssica Mirian Sampaio Laves; Ettore Paredes Antunes","Ettore Paredes Antunes","ECM"
"https://openalex.org/W3004475523","10.52780/res.12267","Desenhando o campo da matemática: Aplicação dos conceitos de Pierre Bourdieu na educação matemática","2020","Estudos de Sociologia","https://openalex.org/S2737994169","1414-0144","https://doi.org/10.52780/res.12267","aberto","José Vilani de Farias; Denise Silva Vilela","Denise Silva Vilela","ECM"
"https://openalex.org/W3022337963","10.14393/er-v27n2a2020-5","Desenvolvimento Curricular e a Dimensão Sociocultural em uma disciplina de Funções na Licenciatura em Educação do Campo","2020","Ensino em Re-Vista","https://openalex.org/S2737338367","0104-3757","https://doi.org/10.14393/er-v27n2a2020-5","aberto","Fernando Luís Pereira Fernandes; Maria do Carmo de Sousa","Maria do Carmo de Sousa","ECM"
"https://openalex.org/W3084559546","10.5935/2175-3520.2020010","DISTÚRBIOS DE APRENDIZAGEM E FRACASSO ESCOLAR NA VISÃO DE PROFESSORES E LICENCIANDOS","2020","Psicologia da Educação","https://openalex.org/S4210234773","1414-6975","https://doi.org/10.5935/2175-3520.2020010","aberto","Débora Cristina Fonseca; Paula Emmerich Maldonado","Débora Cristina Fonseca","EPFH"
"https://openalex.org/W3016926960","10.3895/rbect.v13n1.8673","Educação científica e o enfoque CTS: percepções de um grupo de professores de ciências em formação inicial","2020","Revista Brasileira de Ensino de Ciência e Tecnologia","https://openalex.org/S4210197677","1982-873X","https://doi.org/10.3895/rbect.v13n1.8673","aberto","Tárcio Minto Fabrício; Denise de Freitas","Denise de Freitas","ECM"
"https://openalex.org/W3034539902","10.30681/reps.v11i1.10269","Educação, diversidade e diferença: desafios contemporâneos","2020","Eventos Pedagógicos","https://openalex.org/S2737301719","2236-3165","https://doi.org/10.30681/reps.v11i1.10269","aberto","Ana Cristina Juvenal da Cruz","Ana Cristina Juvenal da Cruz","RED"
"https://openalex.org/W3037704693","10.1590/2175-623696663","EJA e Trabalho Docente em Espaços de Privação de Liberdade","2020","Educação & Realidade","https://openalex.org/S2739092582","0100-3143","https://doi.org/10.1590/2175-623696663","aberto","Paula Cabral; Elenice Maria Cammarosano Onofre; Maria Hermínia Lage Fernandes Laffin","Elenice Maria Cammarosano Onofre","EPFH"
"https://openalex.org/W4361981428","10.33871/22385800.2014.3.5.157-179","ELEMENTOS CONSTITUTIVOS DA PRÁTICA PEDAGÓGICA NAS AULAS DE MATEMÁTICA: OS SABERES ADQUIRIDOS NOS CURSOS DE FORMAÇÃO INICIAL EM PEDAGOGIA","2020","Revista Paranaense de Educação matemática","https://openalex.org/S4210238502","2238-5800","https://doi.org/10.33871/22385800.2014.3.5.157-179","aberto","Klinger Teodoro Ciríaco; Leny Rodrigues Martins Teixeira","Klinger Teodoro Ciríaco","FPOAE"
"https://openalex.org/W3046226838","10.33448/rsd-v9i8.6095","Em busca de sentidos à Educação Estatística na Educação Infantil: diálogos com uma pesquisadora","2020","Research Society and Development","https://openalex.org/S2739064124","2525-3409","https://doi.org/10.33448/rsd-v9i8.6095","aberto","Klinger Teodoro Ciríaco; Cristiane Afonso de Lima dos Santos","Klinger Teodoro Ciríaco","FPOAE"
"https://openalex.org/W3128026343","10.15600/2238-121x/comunicacoes.v27n3p199-217","Entre convergências, conveniências e impactos: uma análise comparativa dos PDI 2004 e 2013 da UFSCAR com base no REUNI","2020","Comunicações","https://openalex.org/S4210224284","0104-8481","https://doi.org/10.15600/2238-121x/comunicacoes.v27n3p199-217","aberto","Géssica Priscila Ramos; Ana Paula Silveira; Priscila de Paulo Uliam Martins","Gessica Priscila Ramos","EPFH"
"https://openalex.org/W3040374483","10.18675/1981-8106.v30.n.63.s13549","ESCOLA DA FAMÍLIA, BOLSA UNIVERSIDADE E A ATUAÇÃO DAS INSTITUIÇÕES DE ENSINO SUPERIOR","2020","Educação","https://openalex.org/S2738946615","1517-9869","https://doi.org/10.18675/1981-8106.v30.n.63.s13549","aberto","Gabriela Guillardi da Silva Maia; Géssica Priscila Ramos","Gessica Priscila Ramos","EPFH"
"https://openalex.org/W3110104527","10.5965/2357724x08172020017","Espreitando a emergência da Modelagem Matemática na Educação Matemática","2020","Revista BOEM","https://openalex.org/S4210222562","2357-724X","https://doi.org/10.5965/2357724x08172020017","aberto","Maria Carolina Machado Magnus; Ademir Donizeti Caldeira","Ademir Donizeti Caldeira","ECM"
"https://openalex.org/W3015437386","10.34117/bjdv6n3-449","Estágio, docência e educação matemática nos anos inicias: o caso de uma futura professora","2020","Brazilian Journal of Development","https://openalex.org/S4210234566","2525-8761","https://doi.org/10.34117/bjdv6n3-449","aberto","Jéssica de Godoi Baima; Klinger Teodoro Ciríaco","Klinger Teodoro Ciríaco","FPOAE"
"https://openalex.org/W3111233917","10.23925/1809-3876.2020v18i4p1980-2007","ESTRATÉGIAS METODOLÓGICAS NO CONTEXTO DE MEDIDAS SOCIOEDUCATIVAS: MAPEAMENTO EM TESES E DISSERTAÇÕES BRASILEIRAS (2003-2017)","2020","Revista e-Curriculum","https://openalex.org/S4210187470","1809-3876","https://doi.org/10.23925/1809-3876.2020v18i4p1980-2007","aberto","Igor Gabriel Leal; Jarina Rodrigues Fernandes; Elenice Maria Cammarosano Onofre","Jarina Rodrigues Fernandes; Elenice Maria Cammarosano Onofre","EETPC; EPFH"
"https://openalex.org/W3088678059","10.20873/uft.rbec.e9151","Estudo bibliométrico de teses e dissertações brasileiras (1996-2018) sobre materiais didáticos específicos e diferenciados para populações indígenas","2020","Revista Brasileira de Educação do Campo","https://openalex.org/S2738740277","2525-4863","https://doi.org/10.20873/uft.rbec.e9151","aberto","María Cristina Piumbato Innocentini Hayashi; Alexandre Masson Maroldi; Carlos Roberto Massao Hayashi","Carlos Roberto Massao Hayashi; Maria Cristina Piumbato Innocentini Hayashi","HFSE"
"https://openalex.org/W3108276208","10.20396/rdbci.v18i00.8660743","Evidências bibliométricas do reconhecimento científico em resenhas e entrevistas","2020","RDBCI Revista Digital de Biblioteconomia e Ciência da Informação","https://openalex.org/S2737422535","1678-765X","https://doi.org/10.20396/rdbci.v18i00.8660743","aberto","María Cristina Piumbato Innocentini Hayashi","Maria Cristina Piumbato Innocentini Hayashi","HFSE"
"https://openalex.org/W3043345981","10.1590/s0103-4014.2020.3499.024","Experiência e subjetivação política nas ocupações estudantis no Rio Grande do Sul","2020","Estudos Avançados","https://openalex.org/S4210185082","0103-4014","https://doi.org/10.1590/s0103-4014.2020.3499.024","aberto","Luís Antônio Groppo; Rodrigo Manoel Dias da Silva","Luís Antonio Groppo","HFSE"
"https://openalex.org/W3024591236","10.36661/2358-0399.2020v11i2.10857","Experiências formativas com brincadeiras e interações na educação infantil","2020","Revista Brasileira de Extensão Universitária","https://openalex.org/S2738057158","1806-2695","https://doi.org/10.36661/2358-0399.2020v11i2.10857","aberto","Alexandre Rodrigo Nishiwaki da Silva","Alexandre Rodrigo Nishiwaki da Silva","FPOAE"
"https://openalex.org/W3118236551","10.5902/1983734848141","Expositions of ‘degenerate’ art and music in nazi Germany: reflections on totalitarian aesthetics and education","2020","Revista Digital do LAV","https://openalex.org/S2737999432","1983-7348","https://doi.org/10.5902/1983734848141","aberto","Guilherme Prado Roitberg; Fabiana Maria Baptista; Luiz Roberto Gomes","Luiz Roberto Gomes","ECS"
"https://openalex.org/W3095602393","10.47456/krkr.v1i4.32948","Filosofia da Educação: multiculturalismo e interculturalismo","2020","Kiri-Kerê - Pesquisa em Ensino","https://openalex.org/S4210198844","2526-2688","https://doi.org/10.47456/krkr.v1i4.32948","aberto","Paolo Nosella","Paolo Nosella","HFSE"
"https://openalex.org/W3047421462","10.5902/1983734844083","Flores Raras: lesbianidades e as espacialidades de armários e heterotopias","2020","Revista Digital do LAV","https://openalex.org/S2737999432","1983-7348","https://doi.org/10.5902/1983734844083","aberto","Alessandro Garcia Paulino; Cláudia Maria Ribeiro; Nilson Fernandes Dinis","Nilson Fernandes Dinis","ECS"
"https://openalex.org/W3118187747","10.36661/2595-4520.2020v3i5.11410","Formação de Atitudes em Relação à Matemática na Licenciatura em Pedagogia no Contexto de um Projeto de Investigação","2020","Revista Insignare Scientia - RIS","https://openalex.org/S4210196232","2595-4520","https://doi.org/10.36661/2595-4520.2020v3i5.11410","aberto","Cíntia Raquel Ferreira Mercado de Almeida; Klinger Teodoro Ciríaco","Klinger Teodoro Ciríaco","FPOAE"
"https://openalex.org/W4361990461","10.33871/22385800.2013.2.2.10-27","FORMAÇÃO DE PROFESSORES DE MATEMÁTICA PARA UMA SOCIEDADE SUSTENTÁVEL: CONTRIBUIÇÕES DA MODELAGEM MATEMÁTICA","2020","Revista Paranaense de Educação matemática","https://openalex.org/S4210238502","2238-5800","https://doi.org/10.33871/22385800.2013.2.2.10-27","aberto","Ademir Donizeti Caldeira","Ademir Donizeti Caldeira","ECM"
"https://openalex.org/W3109093024","10.30905/ded.v4i2.267","Formação de professores no contexto do mestrado profissional em Educação da UFScar","2020","DEVIR EDUCAÇÃO","https://openalex.org/S4210191429","2526-849X","https://doi.org/10.30905/ded.v4i2.267","aberto","Maria do Carmo de Sousa; Dulcimeire Aparecida Volante Zanon","Maria do Carmo de Sousa","ECM"
"https://openalex.org/W3083087489","10.21680/1981-1802.2020v58n57id18506","Formação democrática de diretores(as) de escola no município de São Paulo (2013-2016)","2020","Revista Educação em Questão","https://openalex.org/S2738396575","0102-7735","https://doi.org/10.21680/1981-1802.2020v58n57id18506","aberto","Renata Maria Moschen Nascente; Vagnum Dias da Silva","Renata Maria Moschen Nascente","EETPC"
"https://openalex.org/W3016128951","10.14244/198271993631","Formação do professor que ensina matemática, ludicidade e narrativas: o que se pesquisou no Brasil","2020","Revista Eletrônica de Educação","https://openalex.org/S2736679368","1982-7199","https://doi.org/10.14244/198271993631","aberto","Américo Junior Nunes da Silva; Cármen Lúcia Brancaglion Passos","Carmen Lucia Brancaglion Passos","ECM"
"https://openalex.org/W3093719701","10.26843/ae19828632v13n32020p86a105","Formação inicial de professores que ensinam matemática e a mobilização de saberes docentes pela colaboração","2020","Revista mbienteeducação","https://openalex.org/S4210232383","1982-8632","https://doi.org/10.26843/ae19828632v13n32020p86a105","aberto","Marcielli de Lemos Cremoneze; Klinger Teodoro Ciríaco","Klinger Teodoro Ciríaco","FPOAE"
"https://openalex.org/W3035462305","10.24220/2318-0870v25e2020a4630","Funções da Educação de Jovens e Adultos em prisões","2020","Revista de Educação PUC-Campinas","https://openalex.org/S4210186489","1519-3993","https://doi.org/10.24220/2318-0870v25e2020a4630","aberto","Magda Sílvia Donegá; Maria Aparecida Mello","Maria Aparecida Mello","EETPC"
"https://openalex.org/W3090115799","10.33361/rpq.2020.v.8.n.17.286","Fútbol callejero e processos educativos: saberes emergentes de experiências convergentes","2020","Revista Pesquisa Qualitativa","https://openalex.org/S4210201937","1809-0257","https://doi.org/10.33361/rpq.2020.v.8.n.17.286","aberto","Maurício Mendes Belmonte; Nathan Raphael Varotto; Luiz Gonçalves","Luiz Gonçalves Junior","PSPE"
"https://openalex.org/W4214543381","10.29181/2594-6463-2020-v4-n3-secesp-p323-332","Fútbol callejero: esperançando alteridade","2020","MOTRICIDADES Revista da Sociedade de Pesquisa Qualitativa em Motricidade Humana","https://openalex.org/S4210194316","2594-6463","https://doi.org/10.29181/2594-6463-2020-v4-n3-secesp-p323-332","aberto","Maurício Mendes Belmonte; Luiz Gonçalves","Luiz Gonçalves Junior","PSPE"
"https://openalex.org/W3113823414","10.29181/2594-6463.2020.v4.n3.secesp.p323-332","Fútbol callejero: esperançando alteridade","2020","MOTRICIDADES Revista da Sociedade de Pesquisa Qualitativa em Motricidade Humana","https://openalex.org/S4210194316","2594-6463","https://doi.org/10.29181/2594-6463.2020.v4.n3.secesp.p323-332","aberto","Maurício Mendes Belmonte; Luiz Gonçalves","Luiz Gonçalves Junior","PSPE"
"https://openalex.org/W4237823950","10.29181/2594-6463-2020-v4-n2-p199-213","Futebol e política se misturam: na trincheira das lutas contra o autoritarismo","2020","MOTRICIDADES Revista da Sociedade de Pesquisa Qualitativa em Motricidade Humana","https://openalex.org/S4210194316","2594-6463","https://doi.org/10.29181/2594-6463-2020-v4-n2-p199-213","aberto","Osmar Moreira de Souza","Osmar Moreira de Souza Junior","PSPE"
"https://openalex.org/W3082888138","10.29181/2594-6463.2020.v4.n2.p199-213","Futebol e política se misturam: na trincheira das lutas contra o autoritarismo","2020","MOTRICIDADES Revista da Sociedade de Pesquisa Qualitativa em Motricidade Humana","https://openalex.org/S4210194316","2594-6463","https://doi.org/10.29181/2594-6463.2020.v4.n2.p199-213","aberto","Osmar Moreira de Souza","Osmar Moreira de Souza Junior","PSPE"
"https://openalex.org/W3040799461","10.1590/es.239000","FUTURE-SE: O ULTIMATO NA UNIVERSIDADE ESTATAL BRASILEIRA","2020","Educação & Sociedade","https://openalex.org/S2737687728","0101-7330","https://doi.org/10.1590/es.239000","aberto","João dos Reis Silva Júnior; Everton Henrique Eleutério Fargoni","Joao dos Reis Silva Junior","EPFH"
"https://openalex.org/W3047864210","10.37853/pqe.e202024","Gênero textual encarte de supermercado nos anos iniciais: possibilidades, perspectivas e limites","2020","Pesquisa e Ensino","https://openalex.org/S4210238444","2675-1933","https://doi.org/10.37853/pqe.e202024","aberto","Lucía Aranda Moreno; Klinger Teodoro Ciríaco","Klinger Teodoro Ciríaco","FPOAE"
"https://openalex.org/W3116322940","10.29181/2594-6463.2020.v4.n3.p217-230","Gênero, sexualidade e educação física: formação e prática docente","2020","MOTRICIDADES Revista da Sociedade de Pesquisa Qualitativa em Motricidade Humana","https://openalex.org/S4210194316","2594-6463","https://doi.org/10.29181/2594-6463.2020.v4.n3.p217-230","aberto","Milena de Bem Zavanella Freitas; Osmar Moreira de Souza","Osmar Moreira de Souza Junior","PSPE"
"https://openalex.org/W4253887236","10.29181/2594-6463-2020-v4-n3-p217-230","Gênero, sexualidade e educação física: formação e prática docente","2020","MOTRICIDADES Revista da Sociedade de Pesquisa Qualitativa em Motricidade Humana","https://openalex.org/S4210194316","2594-6463","https://doi.org/10.29181/2594-6463-2020-v4-n3-p217-230","aberto","Milena de Bem Zavanella Freitas; Osmar Moreira de Souza","Osmar Moreira de Souza Junior","PSPE"
"https://openalex.org/W3092653177","10.18616/rsp.v4i3.6213","GESTÃO ESCOLAR NA PERSPECTIVA DA EDUCAÇÃO DEMOCRÁTICO-PARTICIPATIVA E A FUNÇÃO SOCIAL DA ESCOLA","2020","Revista Saberes Pedagógicos","https://openalex.org/S4210204151","2526-4559","https://doi.org/10.18616/rsp.v4i3.6213","aberto","Patricia Tavares Nichele; Maria Aparecida Mello","Maria Aparecida Mello","EETPC"
"https://openalex.org/W3089469929","10.20396/riesup.v7i0.8660381","Globalización financiera, dependencia y cambios institucionales","2020","Revista Internacional de Educação Superior","https://openalex.org/S4210183452","2446-9424","https://doi.org/10.20396/riesup.v7i0.8660381","aberto","João dos Reis Silva Júnior; Everton Henrique Eleutério Fargoni","Joao dos Reis Silva Junior","EPFH"
"https://openalex.org/W3080608751","10.36311/2526-1843.2019.v4n5.10778","GRAMSCI EXCUBITOR (1916-1918)","2020","Revista Práxis e Hegemonia Popular","https://openalex.org/S4210233237","2526-1843","https://doi.org/10.36311/2526-1843.2019.v4n5.10778","aberto","Paolo Nosella","Paolo Nosella","HFSE"
"https://openalex.org/W4242461919","10.36311/2526-1843.2019.v4n5.p21-34","GRAMSCI EXCUBITOR (1916-1918)","2020","Revista Práxis e Hegemonia Popular","https://openalex.org/S4210233237","2526-1843","https://doi.org/10.36311/2526-1843.2019.v4n5.p21-34","aberto","Paolo Nosella","Paolo Nosella","HFSE"
"https://openalex.org/W3002761824","10.23899/relacult.v5i3.1648","Grupo de Maracatu na universidade: práticas culturais juvenis e auto-formação","2020","RELACult - Revista Latino-Americana de Estudos em Cultura e Sociedade","https://openalex.org/S2736781414","2525-7870","https://doi.org/10.23899/relacult.v5i3.1648","aberto","Luís Antônio Groppo; Giovana Generoso Monteiro","Luís Antonio Groppo","HFSE"
"https://openalex.org/W3049599900","10.14244/198271993756","Hierarquia social dos objetos: o capital científico das tecnologias digitais de informação e comunicação no campo da educação","2020","Revista Eletrônica de Educação","https://openalex.org/S2736679368","1982-7199","https://doi.org/10.14244/198271993756","aberto","André Garcia Corrêa; Daniel Mill","Daniel Ribeiro Silva Mill","ECS"
"https://openalex.org/W3017140459","10.29286/rep.v29ijan/dez.8261","Identidad-transculturación y su tratamiento pedagógico en la enseñanza media de Cuba y Brasil","2020","Revista de Educação Pública","https://openalex.org/S4210186873","0104-5962","https://doi.org/10.29286/rep.v29ijan/dez.8261","aberto","Luiz Bezerra Neto; Juan Carlos Rodriguez Cruz Correio","Luiz Bezerra Neto","EPFH"
"https://openalex.org/W3128707130","10.5935/2238-1279.20200093","Início da carreira docente: o que dizem as dissertações e teses brasileiras","2020","Revista Educação e Cultura Contemporânea/Educação e Cultura Contemporânea","https://openalex.org/S4210197880","1807-2194","https://doi.org/10.5935/2238-1279.20200093","aberto","Lúcia Gracia Ferreira; Rosa Maria Moraes Anunciato","Rosa Maria Moraes Anunciato","FPOAE"
"https://openalex.org/W3022571106","10.17564/2316-3828.2020v8n3p174-187","INTERAÇÕES DOCENTES EM BRINCADEIRAS E A AUTONOMIA DE CRIANÇAS NO 1º ANO DO ENSINO FUNDAMENTAL","2020","Interfaces Científicas - Educação","https://openalex.org/S4210221449","2316-333X","https://doi.org/10.17564/2316-3828.2020v8n3p174-187","aberto","Camila Tanure Duarte; Fernando Donizete Alves; Aline Sommerhalder","Aline Sommerhalder; Fernando Donizete Alves","EETPC"
"https://openalex.org/W3033014801","10.33871/nupem.2020.12.26.25-42","Internacionalização do Programa de Pós-Graduação em Educação (UFSCar): percursos e desafios","2020","Revista NUPEM","https://openalex.org/S2737385783","2175-7429","https://doi.org/10.33871/nupem.2020.12.26.25-42","aberto","Renata Maria Moschen Nascente; Denise Silva Vilela; José Carlos Rothen","Denise Silva Vilela; Renata Maria Moschen Nascente; Jose Carlos Rothen","ECM; EETPC; EPFH"
"https://openalex.org/W3016464874","10.1590/cc220034","JUVENTUDE, EDUCAÇÃO, VIOLÊNCIA E PERSPECTIVAS DE FUTURO","2020","Cadernos CEDES","https://openalex.org/S63371229","0101-3262","https://doi.org/10.1590/cc220034","aberto","Joyce Mary Adam; Débora Cristina Fonseca","Débora Cristina Fonseca","EPFH"
"https://openalex.org/W4248074636","10.5935/2238-1279.20200037","Lâmpada e lamparina: o diálogo entre saberes e a contribuição para a pesquisa em educação na Amazônia brasileira","2020","Revista Educação e Cultura Contemporânea/Educação e Cultura Contemporânea","https://openalex.org/S4210197880","1807-2194","https://doi.org/10.5935/2238-1279.20200037","aberto","Edla Rodrigues Caldas; Elenice Maria Cammarosano Onofre; Sandra Aparecida Riscal","Sandra Aparecida Riscal; Elenice Maria Cammarosano Onofre","ECS; EPFH"
"https://openalex.org/W3009280169","10.22633/rpge.v24i1.12750","Lei 12.796/13 e a obrigatoriedade na educação infantil","2020","Revista on line de Política e Gestão Educacional","https://openalex.org/S2736709357","1519-9029","https://doi.org/10.22633/rpge.v24i1.12750","aberto","Maria Cecília Luiz; Rafaela Marchetti","Maria Cecilia Luiz","ECS"
"https://openalex.org/W3102782078","10.15210/caduc.v0i63.17214","Leitura e Educação de Jovens e Adultos","2020","Cadernos de Educação","https://openalex.org/S4210181824","0104-1371","https://doi.org/10.15210/caduc.v0i63.17214","aberto","Tatiane Martins Moacir de Almeida; Jarina Rodrigues Fernandes; Heloísa Chalmers Sisla","Jarina Rodrigues Fernandes","EETPC"
"https://openalex.org/W1519999757","10.33871/22386084.2014.3.5.16-26","Linguagens, interações e brincadeiras – preposições para o currículo na Educação Infantil","2020","Revista Educação e Linguagens","https://openalex.org/S4210174453","2238-6084","https://doi.org/10.33871/22386084.2014.3.5.16-26","aberto","Andrea Braga Moruzzi","Andrea Braga Moruzzi","RED"
"https://openalex.org/W4285620304","10.33871/22386084...16-26","Linguagens, interações e brincadeiras – preposições para o currículo na Educação Infantil","2020","Revista Educação e Linguagens","https://openalex.org/S4210174453","2238-6084","https://doi.org/10.33871/22386084...16-26","aberto","Andrea Braga Moruzzi","Andrea Braga Moruzzi","RED"
"https://openalex.org/W3095723824","10.4025/tpe.v23i1.51861","MAPEAMENTO DA PRODUÇÃO CIENTÍFICA BRASILEIRA SOBRE PROFESSORES INICIANTES (2006-2016) – DO “CHOQUE COM O REAL” À “DESCOBERTA”","2020","Teoria e Prática da Educação","https://openalex.org/S4210190143","1415-837X","https://doi.org/10.4025/tpe.v23i1.51861","aberto","Klinger Teodoro Ciríaco; Letícia Maria da Silva","Klinger Teodoro Ciríaco","FPOAE"
"https://openalex.org/W3105194416","10.7213/1981-416x.20.067.ao02","Mentoras de professoras iniciantes: a construção de uma base de conhecimentos","2020","Revista Diálogo Educacional","https://openalex.org/S4306527104","1518-3483","https://doi.org/10.7213/1981-416x.20.067.ao02","aberto","Ana Paula Gestoso de Souza; Aline Maria de Medeiros Rodrigues Reali","Aline Maria de Medeiros Rodrigues Reali; Ana Paula Gestoso de Souza","FPOAE"
"https://openalex.org/W3049513895","10.47207/rbem.v1i0.9301","MODELAGEM MATEMÁTICA E FILOSOFIA DA LINGUAGEM: ALGUMAS ARTICULAÇÕES","2020","Revista Baiana de Educação Matemática","https://openalex.org/S4210202631","2675-5246","https://doi.org/10.47207/rbem.v1i0.9301","aberto","Ademir Donizeti Caldeira; Daniana de Costa; Betina Cambi","Ademir Donizeti Caldeira","ECM"
"https://openalex.org/W3047277725","10.5007/2175-8042.2020e72171","Motivos para a escolha da profissão, necessidades de formação e aspirações profissionais de professores de Educação Física","2020","Motrivivência","https://openalex.org/S4210219476","0103-4111","https://doi.org/10.5007/2175-8042.2020e72171","aberto","Luana Zanotto; Fernando Donizete Alves; Carlos Januário","Fernando Donizete Alves","EETPC"
"https://openalex.org/W3080931495","10.29378/plurais.2447-9373.2020.v5.n2.119-141","NARRATIVAS SOBRE A MATEMÁTICA ESCOLAR: memórias e experiências discentes","2020","PLURAIS - Revista Multidisciplinar","https://openalex.org/S4210230889","2177-5060","https://doi.org/10.29378/plurais.2447-9373.2020.v5.n2.119-141","aberto","Maria Tereza Fernandino Evangelista; Cármen Lúcia Brancaglion Passos","Carmen Lucia Brancaglion Passos","ECM"
"https://openalex.org/W3010323050","10.5007/1981-1322.2020.e65710","Nas entrelinhas da pesquisa em Psicologia da Educação Matemática e a formação inicial de professores","2020","Revista Eletrônica de Educação Matemática","https://openalex.org/S4210233558","1981-1322","https://doi.org/10.5007/1981-1322.2020.e65710","aberto","Klinger Teodoro Ciríaco; Ana Carolina Faustino; Cíntia Raquel Ferreira Mercado de Almeida; Fernando Schlindwein Santino","Klinger Teodoro Ciríaco","FPOAE"
"https://openalex.org/W3016526759","10.34019/1984-5499.2020.v22.29417","O “Era uma vez...” e a Educação Matemática","2020","Instrumento - Revista de Estudo e Pesquisa em Educação","https://openalex.org/S4306513523","1516-6368","https://doi.org/10.34019/1984-5499.2020.v22.29417","aberto","Francieli Aparecida Prates dos Santos; Klinger Teodoro Ciríaco","Klinger Teodoro Ciríaco","FPOAE"
"https://openalex.org/W3016362149","10.1590/cc220047","O “NOVO” NOS PROGRAMAS PARA A JUVENTUDE DA SECRETARIA DA EDUCAÇÃO DO ESTADO DE SÃO PAULO","2020","Cadernos CEDES","https://openalex.org/S63371229","0101-3262","https://doi.org/10.1590/cc220047","aberto","Maria Cecília Luiz; Nádia Perez Pino; Clarissa Bengtson","Maria Cecilia Luiz","ECS"
"https://openalex.org/W3110095240","10.15600/2238-121x/comunicacoes.v27n2p121-140","O acolhimento familiar na perspectiva das crianças e adolescentes acolhedores","2020","Comunicações","https://openalex.org/S4210224284","0104-8481","https://doi.org/10.15600/2238-121x/comunicacoes.v27n2p121-140","aberto","Claudia Regonha Suster; Débora Cristina Fonseca; Natália Capristo Navarro","Débora Cristina Fonseca","EPFH"
"https://openalex.org/W3085991714","10.22481/aprender.v0i23.7317","O Conceito de Mediação na Teoria Histórico-Cultural e as Práticas Pedagógicas","2020","Aprender - Caderno de Filosofia e Psicologia da Educação","https://openalex.org/S4210212313","1678-7846","https://doi.org/10.22481/aprender.v0i23.7317","aberto","Maria Aparecida Mello","Maria Aparecida Mello","EETPC"
"https://openalex.org/W3111758751","10.29327/210932.8.1-24","O DESMANTELAMENTO DA CIÊNCIA BRASILEIRA NO DELIBERADO CORTE DE BOLSAS: ASPECTOS POLÍTICOS E CONSEQUÊNCIAS PSICOSSOCIAIS PARA ESTUDANTES DE PÓS-GRADUAÇÃO","2020","Muiraquitã - Revista de Letras e Humanidades","https://openalex.org/S4210239974","1807-1856","https://doi.org/10.29327/210932.8.1-24","aberto","Ana Carolina Gonçalves Reis; Breno Alves dos Santos Blundi; Eduardo Pinto e Silva","Eduardo Pinto e Silva","EPFH"
"https://openalex.org/W4246147032","10.1590/interface.19086","O diário de pesquisa como instrumento de acompanhamento da aprendizagem e de análise de implicação do estudante/pesquisador","2020","Interface - Comunicação Saúde Educação","https://openalex.org/S4210167574","1414-3283","https://doi.org/10.1590/interface.19086","aberto","Flávio Adriano Borges; Alexandre Rodrigo Nishiwaki da Silva","Alexandre Rodrigo Nishiwaki da Silva","FPOAE"
"https://openalex.org/W3039446662","10.5585/eccos.n52.11592","O Estado da arte sobre sistema socioeducativo no Brasil (2006 – 2016)","2020","EccoS – Revista Científica","https://openalex.org/S4210177415","1517-1949","https://doi.org/10.5585/eccos.n52.11592","aberto","Julio Francisco; Roseli Esquerdo Lopes","Roseli Esquerdo Lopes","HFSE"
"https://openalex.org/W3107776893","10.22476/revcted.v6.id444","O LIVRO DIDÁTICO “A CONQUISTA DA MATEMÁTICA” E A INCLUSÃO DO PENSAMENTO ALGÉBRICO NO CICLO DA ALFABETIZAÇÃO","2020","Crítica Educativa","https://openalex.org/S2737611088","2447-4223","https://doi.org/10.22476/revcted.v6.id444","aberto","Danielle Abreu Silva; Klinger Teodoro Ciríaco","Klinger Teodoro Ciríaco","FPOAE"
"https://openalex.org/W3122804815","10.4322/principios.2675-6609.2020.160.010","O novo normal no campo da educação: da aparência à essência","2020","Princípios","https://openalex.org/S4210212759","1415-7888","https://doi.org/10.4322/principios.2675-6609.2020.160.010","aberto","Ana Carolina Gonçalves Reis; Eduardo Pinto e Silva; Catharina Marinho Meirelles","Eduardo Pinto e Silva","EPFH"
"https://openalex.org/W3118324411","10.22481/rpe.v16i43.6508","O PIBID COMO ESPAÇO COLABORATIVO DE FORMAÇÃO DE PROFESSORES QUE ENSINAM MATEMÁTICA","2020","Práxis Educacional","https://openalex.org/S4210197447","1809-0249","https://doi.org/10.22481/rpe.v16i43.6508","aberto","Klinger Teodoro Ciríaco; Yandra Karla dos Santos","Klinger Teodoro Ciríaco","FPOAE"
"https://openalex.org/W3002751171","10.1590/1980-6248-2016-0067","O potencial educativo dos romances de ficção científica: leituras de Verne, Wells, Asimov e Clarke","2020","Pro-Posições","https://openalex.org/S4210208850","0103-7307","https://doi.org/10.1590/1980-6248-2016-0067","aberto","Túlio Ferneda; Alice Helena Campos Pierson","Alice Helena Campos Pierson","ECM"
"https://openalex.org/W3092021267","10.22409/tn.v18i37.46275","O PRINCÍPIO EDUCATIVO DO TRABALHO NA FORMAÇÃO HUMANA: UNA SPACCATURA STORICA","2020","Revista Trabalho Necessário","https://openalex.org/S2737437775","1808-799X","https://doi.org/10.22409/tn.v18i37.46275","aberto","Paolo Nosella","Paolo Nosella","HFSE"
"https://openalex.org/W3088332307","10.30681/21787476.2020.33.7193","O QUE AS PROFESSORAS DA EDUCAÇÃO INFANTIL ENSINAM SOBRE NÚMEROS?","2020","Revista da Faculdade de Educação","https://openalex.org/S4210201496","1679-4273","https://doi.org/10.30681/21787476.2020.33.7193","aberto","Klinger Teodoro Ciríaco; Maiara da Rocha Silva","Klinger Teodoro Ciríaco","FPOAE"
"https://openalex.org/W4253686322","10.30681/21787476.2020.33.7199","O QUE AS PROFESSORAS DA EDUCAÇÃO INFANTIL ENSINAM SOBRE NÚMEROS?","2020","Revista da Faculdade de Educação","https://openalex.org/S4210201496","1679-4273","https://doi.org/10.30681/21787476.2020.33.7199","aberto","Klinger Teodoro Ciríaco; Maiara da Rocha Silva","Klinger Teodoro Ciríaco","FPOAE"
"https://openalex.org/W3015910380","10.1590/es.234679","O QUE ESPERAR","2020","Educação & Sociedade","https://openalex.org/S2737687728","0101-7330","https://doi.org/10.1590/es.234679","aberto","Theresa Adrião; Ivany Rodrigues Pino; Carmen Sylvia Vidigal Moraes; Antônio Álvaro Soares Zuin; Celso João Ferretti; Luana Costa Almeida; Pedro Goergen; Sandra Maria Zákia Lian Sousa; Salomão Barros Ximenes; Adriana Aparecida Dragone Silveira","Luana Costa Almeida; Antonio Alvaro Soares Zuin","EETPC; ECS"
"https://openalex.org/W3049660020","10.25113/farol.v7i18.5528","O SOFRIMENTO DO UNIVERSITÁRIO E SUAS RELAÇÕES COM A DINÂMICA DA UNIVERSIDADE","2020","Farol - Revista de Estudos Organizacionais e Sociedade","https://openalex.org/S4306510352","2358-6311","https://doi.org/10.25113/farol.v7i18.5528","aberto","Eduardo Pinto e Silva; Ana Paula Todaro; Ana Carolina Reis","Eduardo Pinto e Silva","EPFH"
"https://openalex.org/W3042283031","10.21879/faeeba2358-0194.2020.v29.n58.p344-357","O Whatsapp na formação de professores iniciantes no Programa Híbrido de Mentoria da da UFSCAR","2020","Revista da FAEEBA- Educação e Contemporaneidade","https://openalex.org/S4210174506","0104-7043","https://doi.org/10.21879/faeeba2358-0194.2020.v29.n58.p344-357","aberto","Aline Maria de Medeiros Rodrigues Reali; Ana Paula Gestoso de Souza; Bruna Cury de Barros","Aline Maria de Medeiros Rodrigues Reali; Ana Paula Gestoso de Souza","FPOAE"
"https://openalex.org/W3057714994","10.1155/2020/5891978","Occupational Therapy Research in Schools: A Mapping Review","2020","Occupational Therapy International","https://openalex.org/S117868143","0966-7903","https://doi.org/10.1155/2020/5891978","aberto","́Patrícia Leme de Oliveira Borba; Beatriz Prado Pereira; Joana Rostirolla Batista de Souza; Roseli Esquerdo Lopes","Roseli Esquerdo Lopes","HFSE"
"https://openalex.org/W3023924230","10.47197/retos.v38i38.74515","Ocio y procesos educativos en el contexto del movimiento de los trabajadores rurales sin tierra (MST) de la región de ribeirão preto – sp – Brasil (Leisure and educational processes in the context of the movement of rural landless workers (MST) in the re","2020","Retos","https://openalex.org/S2738013834","1579-1726","https://doi.org/10.47197/retos.v38i38.74515","aberto","Robson Amaral de Silva; Luiz Gonçalves; José María Pazos Couto","Luiz Gonçalves Junior","PSPE"
"https://openalex.org/W3081505528","10.23925/1983-3156.2020v22i2p390-424","Organização do Ensino de Matemática: o papel do grupo de estudos na significação dos sujeitos Mathematics teaching organization: the role of the study group in the meaning of the subjects","2020","Educação Matemática Pesquisa Revista do Programa de Estudos Pós-Graduados em Educação Matemática","https://openalex.org/S4210175120","1516-5388","https://doi.org/10.23925/1983-3156.2020v22i2p390-424","aberto","Everaldo Gomes Leandro; Maria do Carmo de Sousa; José Antônio Araújo Andrade","Maria do Carmo de Sousa","ECM"
"https://openalex.org/W3113992252","10.29181/2594-6463.2020.v4.n3.secesp.p333-344","Os “aulões” nos espaços de privação de liberdade como ato de esperança","2020","MOTRICIDADES Revista da Sociedade de Pesquisa Qualitativa em Motricidade Humana","https://openalex.org/S4210194316","2594-6463","https://doi.org/10.29181/2594-6463.2020.v4.n3.secesp.p333-344","aberto","Luciana Ferreira da Silva Moraes; Elenice Maria Cammarosano Onofre","Elenice Maria Cammarosano Onofre","EPFH"
"https://openalex.org/W4242051412","10.29181/2594-6463-2020-v4-n3-secesp-p333-344","Os “aulões” nos espaços de privação de liberdade como ato de esperança","2020","MOTRICIDADES Revista da Sociedade de Pesquisa Qualitativa em Motricidade Humana","https://openalex.org/S4210194316","2594-6463","https://doi.org/10.29181/2594-6463-2020-v4-n3-secesp-p333-344","aberto","Luciana Ferreira da Silva Moraes; Elenice Maria Cammarosano Onofre","Elenice Maria Cammarosano Onofre","EPFH"
"https://openalex.org/W3037770196","10.46269/8119.397","Os efeitos e as medidas: crise e contrarreformas e as respostas da FEM-CUT/SP","2020","Áskesis - Revista des discentes do Programa de Pós-Graduação em Sociologia da UFSCar","https://openalex.org/S4210213480","2238-3069","https://doi.org/10.46269/8119.397","aberto","Eduardo José Rezende Pereira; Joelson Gonçalves de Carvalho","Joelson Gonçalves de Carvalho","EPFH"
"https://openalex.org/W4250868186","10.46269/skesis.v8i1.397","Os efeitos e as medidas: crise e contrarreformas e as respostas da FEM-CUT/SP","2020","Áskesis - Revista des discentes do Programa de Pós-Graduação em Sociologia da UFSCar","https://openalex.org/S4210213480","2238-3069","https://doi.org/10.46269/skesis.v8i1.397","aberto","Eduardo José Rezende Pereira; Joelson Gonçalves de Carvalho","Joelson Gonçalves de Carvalho","EPFH"
"https://openalex.org/W3028332346","10.12957/riae.2020.45958","Os espaços dos bebês na creche: o que dizem os documentos do Ministério da Educação","2020","Revista Interinstitucional Artes de Educar","https://openalex.org/S2738675393","2359-6856","https://doi.org/10.12957/riae.2020.45958","aberto","Giseli Alcassas Masson; Jarina Rodrigues Fernandes","Jarina Rodrigues Fernandes","EETPC"
"https://openalex.org/W3118699176","10.4322/2526-8910.ctoarf1877","Os marcadores sociais da diferença: contribuições para a terapia ocupacional social","2020","Cadernos Brasileiros de Terapia Ocupacional ","https://openalex.org/S4210189390","0104-4931","https://doi.org/10.4322/2526-8910.ctoarf1877","aberto","Késia Maria Maximiano de Melo; Ana Paula Serrata Malfitano; Roseli Esquerdo Lopes","Roseli Esquerdo Lopes","HFSE"
"https://openalex.org/W3048598013","10.47321/pepe.2675-5149.2020.1.e202006","PARA ALÉM DA ARITMÉTICA: POR UMA ALGEBRIZAÇÃO DO CURRÍCULO DOS PRIMEIROS ANOS","2020","Pesquisas e Práticas Educativas","https://openalex.org/S4210182714","2675-5149","https://doi.org/10.47321/pepe.2675-5149.2020.1.e202006","aberto","Klinger Teodoro Ciríaco","Klinger Teodoro Ciríaco","FPOAE"
"https://openalex.org/W3043621323","10.46551/emd.e202030","Para onde orientam estudos sobre Pensamento Algébrico e Lesson Study? Caracterização de pesquisas com professores dos anos iniciais (2009-2019)","2020","Educação Matemática Debate","https://openalex.org/S4210174198","2526-6136","https://doi.org/10.46551/emd.e202030","aberto","Beatriz Sarto; Klinger Teodoro Ciríaco","Klinger Teodoro Ciríaco","FPOAE"
"https://openalex.org/W3046743745","10.35168/2175-2613.utp.pens_ed.2020.vol15.n40.pp15-36","Paulo Freire e o conceito de Cultura: contribuições para compreender a educação","2020","CADERNOS DE PESQUISA PENSAMENTO EDUCACIONAL","https://openalex.org/S4210227930","1980-9700","https://doi.org/10.35168/2175-2613.utp.pens_ed.2020.vol15.n40.pp15-36","aberto","Alexandre Rodrigo Nishiwaki da Silva","Alexandre Rodrigo Nishiwaki da Silva","FPOAE"
"https://openalex.org/W3089382667","10.35699/2447-6218.2020.19806","Pedal Solidário","2020","Licere","https://openalex.org/S4210168781","1516-2168","https://doi.org/10.35699/2447-6218.2020.19806","aberto","Andréia Cordeiro Mecca; Luiz Gonçalves; Ana Lúcia Cortegoso","Luiz Gonçalves Junior","PSPE"
"https://openalex.org/W3119302272","10.18264/eadf.v10i3.1278","Percepções sobre a Docência na Pandemia: Trocas entre Professoras Iniciantes e Experientes no Programa Híbrido de Mentoria","2020","EAD em FOCO","https://openalex.org/S4210226534","2177-8310","https://doi.org/10.18264/eadf.v10i3.1278","aberto","Bruna Cury de Barros; Carolina Marini; Aline Maria de Medeiros Rodrigues Reali","Aline Maria de Medeiros Rodrigues Reali","FPOAE"
"https://openalex.org/W3010731010","10.14244/198271993708","Periódicos científicos: sua inserção em materiais didáticos no curso de especialização em Educação e Tecnologias da UFSCar","2020","Revista Eletrônica de Educação","https://openalex.org/S2736679368","1982-7199","https://doi.org/10.14244/198271993708","aberto","Gabriela Ricci; Braian Veloso","Braian Garrito Veloso","ECS"
"https://openalex.org/W3049247993","10.1590/0102-4698222648","PIBID: CONSIDERAÇÕES SOBRE O PAPEL DOS PROFESSORES DA EDUCAÇÃO BÁSICA NO PROCESSO DE INICIAÇÃO À DOCÊNCIA","2020","Educação em Revista","https://openalex.org/S4210230971","0102-4698","https://doi.org/10.1590/0102-4698222648","aberto","Natália Neves Macedo Deimling; Aline Maria de Medeiros Rodrigues Reali","Aline Maria de Medeiros Rodrigues Reali","FPOAE"
"https://openalex.org/W3006415053","10.4236/oalib.1106082","Political Economy of Higher Education: Research and Science in Contemporary Brazil","2020","OALib","https://openalex.org/S4210196074","2333-9705","https://doi.org/10.4236/oalib.1106082","aberto","João dos Reis Silva Júnior; Everton Henrique Eleutério Fargoni","Joao dos Reis Silva Junior","EPFH"
"https://openalex.org/W3092251426","10.14244/198271994142","Práticas de mentoria e imagens projetadas dos processos realizados: um estudo de dois casos","2020","Revista Eletrônica de Educação","https://openalex.org/S2736679368","1982-7199","https://doi.org/10.14244/198271994142","aberto","Ana Paula Gestoso de Souza; Aline Maria de Medeiros Rodrigues Reali","Aline Maria de Medeiros Rodrigues Reali; Ana Paula Gestoso de Souza","FPOAE"
"https://openalex.org/W3035649999","10.34112/2317-0972a2020v38n78p131-144","Práticas de uma professora de Educação Física do Ensino Fundamental e suas relações com a aquisição da leitura e escrita","2020","Leitura Teoria & Prática","https://openalex.org/S4210186676","0102-387X","https://doi.org/10.34112/2317-0972a2020v38n78p131-144","aberto","Cátia Silvana da Costa; María Iolanda Monteiro","Maria Iolanda Monteiro","ECS"
"https://openalex.org/W3013999937","10.18316/recc.v25i1.5549","Práticas matemáticas ou musicais?... Jogos de aproximações na construção de instrumentos musicais","2020","Educação Ciência e Cultura","https://openalex.org/S4210200325","1413-7321","https://doi.org/10.18316/recc.v25i1.5549","aberto","Chrisley Bruno Ribeiro Camargos; Ademir Donizeti Caldeira","Ademir Donizeti Caldeira","ECM"
"https://openalex.org/W3043229847","10.14393/rep-2020-53250","Práticas populares de saúde no cuidado","2020","Revista de Educação Popular","https://openalex.org/S2737653690","1678-5622","https://doi.org/10.14393/rep-2020-53250","aberto","Laura Sanches Rocha; Aline Guerra Aquilante","Aline Guerra Aquilante","PSPE"
"https://openalex.org/W3006066638","10.47197/retos.v38i38.73970","Praxis con ociomotricidad: procesos educativos movilizados con estudiantes de pregrado en Educación Física del interior de São Paulo, Brasil (Praxis with idlenessmotricity: educational processes activated with undergraduate students in Physical Education","2020","Retos","https://openalex.org/S2738013834","1579-1726","https://doi.org/10.47197/retos.v38i38.73970","aberto","Fábio Ricardo Mizuno Lemos; Luiz Gonçalves; José Eugenio Rodríguez-Fernández","Luiz Gonçalves Junior","PSPE"
"https://openalex.org/W3113328243","10.5747/ch.2020.v17.h476","PROFESSORAS INICIANTES NA EDUCAÇÃO INFANTIL E AS NECESSIDADES FORMATIVAS REVELADAS EM TESES E DISSERTAÇÕES PAULISTAS (2009-2019)","2020","Colloquium humanarum","https://openalex.org/S2738472558","1679-6470","https://doi.org/10.5747/ch.2020.v17.h476","aberto","Klinger Teodoro Ciríaco; Bruna Cury de Barros; Carolina Marini","Klinger Teodoro Ciríaco","FPOAE"
"https://openalex.org/W3084794005","10.21527/2179-1309.2020.112.412-431","PROFESSORAS QUE ENSINAM MATEMÁTICA E UM DENOMINADOR COMUM: GRUPO COLABORATIVO","2020","Revista Contexto & Educação","https://openalex.org/S4306526392","0102-8758","https://doi.org/10.21527/2179-1309.2020.112.412-431","aberto","Marcielli de Lemos Cremoneze; Klinger Teodoro Ciríaco","Klinger Teodoro Ciríaco","FPOAE"
"https://openalex.org/W2987895314","10.33871/22386084.2019.8.14.178-193","Professores de audição e linguagem: estudo de caso em Castilla-La Mancha (Espanha)","2020","Revista Educação e Linguagens","https://openalex.org/S4210174453","2238-6084","https://doi.org/10.33871/22386084.2019.8.14.178-193","aberto","Daiane Natalia Schiavon; María Cristina Piumbato Innocentini Hayashi","Maria Cristina Piumbato Innocentini Hayashi","HFSE"
"https://openalex.org/W4285618446","10.33871/22386084...178-193","Professores de audição e linguagem: estudo de caso em Castilla-La Mancha (Espanha)","2020","Revista Educação e Linguagens","https://openalex.org/S4210174453","2238-6084","https://doi.org/10.33871/22386084...178-193","aberto","Daiane Natalia Schiavon; María Cristina Piumbato Innocentini Hayashi","Maria Cristina Piumbato Innocentini Hayashi","HFSE"
"https://openalex.org/W3041880820","10.22481/praxisedu.v16i40.5182","PROGRAMA PAULISTA LER E ESCREVER E O TRABALHO DOCENTE: ENTRE ORIENTAÇÕES E PADRONIZAÇÕES","2020","Práxis Educacional","https://openalex.org/S4210197447","1809-0249","https://doi.org/10.22481/praxisedu.v16i40.5182","aberto","Géssica Priscila Ramos; Letícia Laís da Silva","Gessica Priscila Ramos","EPFH"
"https://openalex.org/W3022542558","10.29181/2594-6463.2020.v4.n1.p36-49","Propositivas teóricas acerca do conhecimento pedagógico do conteúdo","2020","MOTRICIDADES Revista da Sociedade de Pesquisa Qualitativa em Motricidade Humana","https://openalex.org/S4210194316","2594-6463","https://doi.org/10.29181/2594-6463.2020.v4.n1.p36-49","aberto","Luana Zanotto; Fernando Donizete Alves; Carlos Januário","Fernando Donizete Alves","EETPC"
"https://openalex.org/W3080311725","10.12957/teias.2020.46536","Psicologia da Educação Matemática e formação de professores em grupos de pesquisas brasileiros","2020","Revista TEIAS","https://openalex.org/S4210184226","1518-5370","https://doi.org/10.12957/teias.2020.46536","aberto","Beatriz Gouvea Lopes; Klinger Teodoro Ciríaco; Ana Carolina Faustino","Klinger Teodoro Ciríaco","FPOAE"
"https://openalex.org/W3117894286","10.1590/0102-4698233713","QUANDO O FOCO PASSA A SER O RESULTADO NA AVALIAÇÃO EXTERNA EM LARGA ESCALA: EVIDÊNCIAS DE UMA REDE","2020","Educação em Revista","https://openalex.org/S4210230971","0102-4698","https://doi.org/10.1590/0102-4698233713","aberto","Luana Costa Almeida","Luana Costa Almeida","EETPC"
"https://openalex.org/W3121456992","10.22483/2177-5796.2020v22n3p823-838","Recreio escolar de crianças do ensino fundamental","2020","Quaestio revista de estudos em educação","https://openalex.org/S4210195366","1518-2886","https://doi.org/10.22483/2177-5796.2020v22n3p823-838","aberto","Aline Sommerhalder; Fernando Donizete Alves; Heliny De Carvalho Massimo","Aline Sommerhalder; Fernando Donizete Alves","EETPC"
"https://openalex.org/W3051152747","10.24065/2237-9460.2020v10n1id886","Reflexões sobre a construção da identidade profissional de uma docente da educação infantil","2020","Revista Exitus","https://openalex.org/S4210238501","2236-2983","https://doi.org/10.24065/2237-9460.2020v10n1id886","aberto","Jéssica Francine Ferreira da Silva; Ana Paula Gestoso de Souza; Andréia Barboza Braga","Ana Paula Gestoso de Souza","FPOAE"
"https://openalex.org/W3110948162","10.18226/21784612.v25.e020035","Reflexões sobre as metodologias ativas como abordagem pedagógica no contexto brasileiro // Reflections on Active Methodologies as a pedagogical approach in the Brazilian context","2020","Conjectura filosofia e educação","https://openalex.org/S4210173757","0103-1457","https://doi.org/10.18226/21784612.v25.e020035","aberto","José Lotúmolo; Daniel Mill","Daniel Ribeiro Silva Mill","ECS"
"https://openalex.org/W4403598607","10.18226/21784612.v25.e021028","Reflexões sobre as metodologias ativas como abordagem pedagógica no contexto brasileiro // Reflections on Active Methodologies as a pedagogical approach in the Brazilian context","2020","Conjectura filosofia e educação","https://openalex.org/S4210173757","0103-1457","https://doi.org/10.18226/21784612.v25.e021028","aberto","José Lotúmolo; Daniel Mill","Daniel Ribeiro Silva Mill","ECS"
"https://openalex.org/W3033912246","10.34117/bjdv6n5-582","Reforma trabalhista no Brasil: da falsa promessa à legitimação da farsa","2020","Brazilian Journal of Development","https://openalex.org/S4210234566","2525-8761","https://doi.org/10.34117/bjdv6n5-582","aberto","Antônio Donizetti Silva; Joelson Gonçalves de Carvalho; Sebastião Ferreira da Cunha; Wagner de Souza Leite Molina; Vânia Helena Gonçalves","Joelson Gonçalves de Carvalho","EPFH"
"https://openalex.org/W3121595963","10.18764/2178-2229.v28n3p37-63","RELAÇÕES DE SABER E PODER NA EDUCAÇÃO A DISTÂNCIA: uma análise sobre a Universidade Aberta do Brasil","2020","Cadernos de Pesquisa","https://openalex.org/S189127735","0102-4175","https://doi.org/10.18764/2178-2229.v28n3p37-63","aberto","Braian Veloso; Daniel Mill","Braian Garrito Veloso; Daniel Ribeiro Silva Mill","ECS"
"https://openalex.org/W3091955119","10.17583/remie.2020.6836","REMIE - October 2020","2020","Multidisciplinary Journal of Educational Research","https://openalex.org/S4210168298","2014-2862","https://doi.org/10.17583/remie.2020.6836","aberto","Roseli Rodrigues de Mello","Roseli Rodrigues de Mello","EETPC"
"https://openalex.org/W3096256587","10.47976/rbhm2019v19n3795-116","Russell's Paradox: A Historical Study about the Paradox in Frege's Theories","2020","Revista Brasileira de História da Matemática","https://openalex.org/S4210172487","1519-955X","https://doi.org/10.47976/rbhm2019v19n3795-116","aberto","Aline Germano Fonseca Coury; Denise Silva Vilela","Denise Silva Vilela","ECM"
"https://openalex.org/W4236356522","10.47976/rbhm2018v18n351-22","Russell’s Paradox: a historical study about the paradox in Frege’s theories","2020","Revista Brasileira de História da Matemática","https://openalex.org/S4210172487","1519-955X","https://doi.org/10.47976/rbhm2018v18n351-22","aberto","Aline Germano Fonseca Coury; Denise Silva Vilela","Denise Silva Vilela","ECM"
"https://openalex.org/W3119290489","10.5016/ridh.v8i2.17","Ser e estar em um mundo pandêmico: marcas da Covid-19 na subjetividade","2020","Revista Interdisciplinar de Direitos Humanos","https://openalex.org/S4210229008","2318-9568","https://doi.org/10.5016/ridh.v8i2.17","aberto","Débora Cristina Fonseca","Débora Cristina Fonseca","EPFH"
"https://openalex.org/W3111508546","10.5195/biblios.2019.431","Sobre a validade das propostas alternativas à Lei do Elitismo de Price","2020","Biblios Journal of Librarianship and Information Science","https://openalex.org/S2736540787","1562-4730","https://doi.org/10.5195/biblios.2019.431","aberto","Luís Fernando Maia Lima; Alexandre Masson Maroldi; Carlos Roberto Massao Hayashi; María Cristina Piumbato Innocentini Hayashi","Carlos Roberto Massao Hayashi; Maria Cristina Piumbato Innocentini Hayashi","HFSE"
"https://openalex.org/W3082401055","10.18675/1981-8106.v30.n.63.s13787","SOBRE O HORÁRIO DE TRABALHO PEDAGÓGICO COLETIVO","2020","Educação","https://openalex.org/S2738946615","1517-9869","https://doi.org/10.18675/1981-8106.v30.n.63.s13787","aberto","Marilia Rubino de Oliveira Santini; Dijnane Vedovatto; Vanessa Moraes Abdala Guarda","Dijnane Fernanda Vedovatto Machado","FPOAE"
"https://openalex.org/W3125182437","10.4322/2526-8910.ctoen1970","Social occupational therapy: formulations by freirian references","2020","Cadernos Brasileiros de Terapia Ocupacional ","https://openalex.org/S4210189390","0104-4931","https://doi.org/10.4322/2526-8910.ctoen1970","aberto","Magno Nunes Farias; Roseli Esquerdo Lopes","Roseli Esquerdo Lopes","HFSE"
"https://openalex.org/W3120151882","10.34117/bjdv6n12-485","SOCIOEDUCAÇÃO E JUVENTUDES: RESSIGNIFICANDO OS PROCESSOS EDUCATIVOS NA PRIVAÇÃO DE LIBERDADE / SOCIO-EDUCATION AND YOUTH: RESIGNIFYING EDUCATIONAL PROCESSES IN DEPRIVATION OF LIBERTY","2020","Brazilian Journal of Development","https://openalex.org/S4210234566","2525-8761","https://doi.org/10.34117/bjdv6n12-485","aberto","Kátia Aparecida da Silva Nunes Miranda; Elenice Maria Cammarosano Onofre; Clóris Violeta Alves Lopes","Elenice Maria Cammarosano Onofre","EPFH"
"https://openalex.org/W3092612623","10.1590/0102-4698228986","SOCIOEDUCAÇÃO: ENTRE A SANÇÃO E A PROTEÇÃO","2020","Educação em Revista","https://openalex.org/S4210230971","0102-4698","https://doi.org/10.1590/0102-4698228986","aberto","VANESSA PETERMANN BONATTO; Débora Cristina Fonseca","Débora Cristina Fonseca","EPFH"
"https://openalex.org/W3018277292","10.4025/actascieduc.v42i1.45356","Softwares educativos e as práticas de leitura e escrita: possibilidades didáticas e metodológicas","2020","Acta Scientiarum Education","https://openalex.org/S2738354532","2178-5198","https://doi.org/10.4025/actascieduc.v42i1.45356","aberto","Rita de Cassia de Souza Landin; María Iolanda Monteiro","Maria Iolanda Monteiro","ECS"
"https://openalex.org/W3049496215","10.14244/198271993873","Suicídio.com: o último ato do espetáculo","2020","Revista Eletrônica de Educação","https://openalex.org/S2736679368","1982-7199","https://doi.org/10.14244/198271993873","aberto","Marsiel Pacífico; Luiz Roberto Gomes","Luiz Roberto Gomes","ECS"
"https://openalex.org/W3135316734","10.5216/ia.v45i3.62143","TECNOCIÊNCIA, INDUSTRIALIZAÇÃO E PESQUISA NA FINANCEIRIZAÇÃO RADICAL DO CAPITALISMO E DA EDUCAÇÃO SUPERIOR","2020","Revista Inter-Ação","https://openalex.org/S2738165242","0101-7136","https://doi.org/10.5216/ia.v45i3.62143","aberto","João dos Reis Silva Júnior; Everton Henrique Eleutério Fargoni","Joao dos Reis Silva Junior","EPFH"
"https://openalex.org/W3115209868","10.1590/0104-4060.75776","Tecnologias Digitais de Informação e Comunicação e Hierarquia Social dos Objetos no campo da Educação: testes empíricos","2020","Educar em Revista","https://openalex.org/S152657728","0104-4060","https://doi.org/10.1590/0104-4060.75776","aberto","André Garcia Corrêa; Daniel Mill","Daniel Ribeiro Silva Mill","ECS"
"https://openalex.org/W3089227952","10.35699/2238-037x.2020.21854","TELETRABALHO DOCENTE, CULTURA DIGITAL E AS TRANSFORMAÇÕES NA LEGISLAÇÃO TRABALHISTA","2020","Trabalho & Educação","https://openalex.org/S4210233084","1516-9537","https://doi.org/10.35699/2238-037x.2020.21854","aberto","Ricardo Nascimento de Oliveira; Daniel Mill","Daniel Ribeiro Silva Mill","ECS"
"https://openalex.org/W3026291043","10.4322/2526-8910.ctoed22802","Terapia ocupacional em tempos de pandemia: seguridade social e garantias de um cotidiano possível para todos","2020","Cadernos Brasileiros de Terapia Ocupacional ","https://openalex.org/S4210189390","0104-4931","https://doi.org/10.4322/2526-8910.ctoed22802","aberto","Ana Paula Serrata Malfitano; Daniel Marinho Cezar da Cruz; Roseli Esquerdo Lopes","Roseli Esquerdo Lopes","HFSE"
"https://openalex.org/W3087041820","10.25214/25907816.950","Terapia ocupacional en tiempos de pandemia: seguridad social y garantías de un cotidiano posible para todos","2020","Revista Ocupación Humana","https://openalex.org/S4210228185","0122-0942","https://doi.org/10.25214/25907816.950","aberto","Ana Paula Serrata Malfitano; Daniel Marinho Cezar da Cruz; Roseli Esquerdo Lopes","Roseli Esquerdo Lopes","HFSE"
"https://openalex.org/W3009149769","10.4322/2526-8910.ctoao1760","Terapia ocupacional social na escola pública: uma análise da produção bibliográfica do METUIA/UFSCar","2020","Cadernos Brasileiros de Terapia Ocupacional ","https://openalex.org/S4210189390","0104-4931","https://doi.org/10.4322/2526-8910.ctoao1760","aberto","Lívia Celegati Pan; Roseli Esquerdo Lopes","Roseli Esquerdo Lopes","HFSE"
"https://openalex.org/W3126621124","10.25059/2527-2594/retratosdeassentamentos/2020.v23i1.411","Terra, trabalho e dinheiro: dilemas e tensões da condição camponesa no assentamento Santa Helena","2020","Retratos de Assentamentos","https://openalex.org/S4210210437","1516-8182","https://doi.org/10.25059/2527-2594/retratosdeassentamentos/2020.v23i1.411","aberto","Diogo Marques Tafuri; Luiz Gonçalves","Luiz Gonçalves Junior","PSPE"
"https://openalex.org/W3116219743","10.5585/dialogia.n36.18210","Tertúlia Dialógica Científica: atuação Educativa de êxito para Educação Científica e Tecnológica","2020","Dialogia","https://openalex.org/S2738518088","1677-1303","https://doi.org/10.5585/dialogia.n36.18210","aberto","Anselmo Calzolari; Éverton Madaleno Batisteti; Roseli Rodrigues de Mello","Roseli Rodrigues de Mello","EETPC"
"https://openalex.org/W3173110728","10.53841/bpsper.2020.44.2.22","The cyberbullying of schoolteachers by pupils: The perceptions of university students of education at a Brazilian","2020","Psychology of Education Review","https://openalex.org/S4387286391","1463-9807","https://doi.org/10.53841/bpsper.2020.44.2.22","fechado","Chris Kyriacou; Antônio Álvaro Soares Zuin","Antonio Alvaro Soares Zuin","ECS"
"https://openalex.org/W3042537740","10.1590/1518-8345.3313.3316","The meaning of the social support network for women in situations of violence and breastfeeding","2020","Revista Latino-Americana de Enfermagem","https://openalex.org/S124508484","0104-1169","https://doi.org/10.1590/1518-8345.3313.3316","aberto","Nayara Girardi Baraldi; Angelina Lettiere-Viana; Diene Monique Carlos; Natália Rejane Salim; Daniela Taysa Rodrigues Pimentel; Juliana Stefanello","Natália Rejane Salim","PSPE"
"https://openalex.org/W3014237166","10.23925/1809-3876.2020v18i1p221-235","TOTALITARISMO DE MERCADO E RACIONALIDADE NEOLIBERAL NA EDUCAÇÃO BRASILEIRA","2020","Revista e-Curriculum","https://openalex.org/S4210187470","1809-3876","https://doi.org/10.23925/1809-3876.2020v18i1p221-235","aberto","Carlos Betlinski; Dalva de Souza Lobo; Luiz Roberto Gomes","Luiz Roberto Gomes","ECS"
"https://openalex.org/W3012943039","10.37001/remat25269062v17id309","Trabalho Colaborativo e Escola de Tempo Integral: para onde os estudos nos orientam? (2008-2018)","2020","Revista de Educação Matemática","https://openalex.org/S4210206594","1676-8868","https://doi.org/10.37001/remat25269062v17id309","aberto","Bruna Mendes Muniz; Klinger Teodoro Ciríaco; Harryson Júnio Lessa Gonçalves","Klinger Teodoro Ciríaco","FPOAE"
"https://openalex.org/W3000297317","10.14507/epaa.28.4887","Trabalho e subjetividade na universidade: Por uma visão global e multifacetada dos processos de sofrimento e adoecimento","2020","Education Policy Analysis Archives","https://openalex.org/S137104927","1068-2341","https://doi.org/10.14507/epaa.28.4887","aberto","Eduardo Pinto e Silva","Eduardo Pinto e Silva","EPFH"
"https://openalex.org/W3020181926","10.9771/gmed.v11i3.32172","Trajetória da pedagogia histórico-crítica: um olhar sobre a formação e prática pedagógica de professores","2020","Germinal Marxismo e Educação em Debate","https://openalex.org/S2739076525","2175-5604","https://doi.org/10.9771/gmed.v11i3.32172","aberto","Arlindo Lins de Melo Júnior; Luiz Bezerra Neto; Jackeline Silva Alves","Luiz Bezerra Neto","EPFH"
"https://openalex.org/W3186125012","10.5212/emancipacao.v.20.2015252.019","Tramitação e aprovação do Estatuto da Criança e do Adolescente no Congresso Nacional (1989‑1990) (Processing and approval of the Statute of the Child and Adolescent in the National Congress (1989‑1990))","2020","Emancipacao","https://openalex.org/S2739165297","1519-7611","https://doi.org/10.5212/emancipacao.v.20.2015252.019","aberto","UFSCAR; Juan Francisco; Alex Sanders Bogado de Lima; Rede Salesiana Brasil de Ação Social; Luís Antônio Groppo","Luís Antonio Groppo","HFSE"
"https://openalex.org/W3120158578","10.29286/rep.v29ijan/dez.8477","Tutoria no sistema Universidade Aberta do Brasil (UAB): uma análise dos tutores presenciais e virtuais","2020","Revista de Educação Pública","https://openalex.org/S4210186873","0104-5962","https://doi.org/10.29286/rep.v29ijan/dez.8477","aberto","Braian Veloso; Daniel Mill","Braian Garrito Veloso; Daniel Ribeiro Silva Mill","ECS"
"https://openalex.org/W4246888444","10.5212/olharprofr.v.22.0013","Uma leitura sociológica do início da docência na Educação Infantil","2020","Olhar de Professor","https://openalex.org/S4210229168","1518-5648","https://doi.org/10.5212/olharprofr.v.22.0013","aberto","Klinger Teodoro Ciríaco; Cássia Soares dos Santos C. S. SANTOS","Klinger Teodoro Ciríaco","FPOAE"
"https://openalex.org/W3010423919","10.5212/olharprofr.v.22.001","UMA LEITURA SOCIOLÓGICA DO INÍCIO DA DOCÊNCIA NA EDUCAÇÃO INFANTIL","2020","Olhar de Professor","https://openalex.org/S4210229168","1518-5648","https://doi.org/10.5212/olharprofr.v.22.001","aberto","Klinger Teodoro Ciríaco; Cássia Soares dos Santos","Klinger Teodoro Ciríaco","FPOAE"
"https://openalex.org/W3039258522","10.33448/rsd-v9i8.5023","Visões do professor de Química sobre a Natureza da Ciência, a Experimentação e as Tecnologias de Informação e Comunicação (TICs)","2020","Research Society and Development","https://openalex.org/S2739064124","2525-3409","https://doi.org/10.33448/rsd-v9i8.5023","aberto","Eleonora Celli Carioca Arenare; Ettore Paredes Antunes; Gerson de Souza Mól","Ettore Paredes Antunes","ECM"
"https://openalex.org/W2967967939","10.1590/s1413-24782019240038","“Le ceneri di Gramsci”, poema de Pier Paolo Pasolini: a crise de 1956 e a proposta da cultura extrema","2019","Revista Brasileira de Educação","https://openalex.org/S2736711335","1413-2478","https://doi.org/10.1590/s1413-24782019240038","aberto","Paolo Nosella","Paolo Nosella","HFSE"
"https://openalex.org/W2922503062","10.4025/cienccuidsaude.v18i1.41633","“O que está destinado a reunir”: cuidado infantil entre os Guarani Mbya/ “What it is intended to gather”: child care between the Guarani Mbya","2019","Ciência Cuidado e Saúde","https://openalex.org/S4210172327","1677-3861","https://doi.org/10.4025/cienccuidsaude.v18i1.41633","aberto","Natália Sevilha Stofel; Iraí Maria de Campos Teixeira; Pâmela Moraes Völz","Iraí Maria de Campos Teixeira","PSPE"
"https://openalex.org/W2734488956","10.24109/2176-6681.rbep.85i209-10-11.877","“Qual a base de conhecimentos que meu aluno deve ter?”: uma experiência de ensino e aprendizagem de construção de indicadores educacionais","2019","Revista Brasileira de Estudos Pedagógicos","https://openalex.org/S2737504546","0034-7183","https://doi.org/10.24109/2176-6681.rbep.85i209-10-11.877","aberto","Aline Maria de Medeiros Rodrigues Reali; Claudia Angélica Reyes; Elisabeth Márcia Martucci; Maria Mizukami; Emilia Lima; Regina Maria Simões Puccinelli Tancredi; Roseli Rodrigues de Mello","Roseli Rodrigues de Mello; Aline Maria de Medeiros Rodrigues Reali","EETPC; FPOAE"
"https://openalex.org/W3020574575","10.29148/labor.v1i22.42630","A “CULTURA EXTREMA” ENQUANTO ESTRATÉGIA DE HEGEMONIA","2019","Revista Labor","https://openalex.org/S4210218232","1983-5000","https://doi.org/10.29148/labor.v1i22.42630","aberto","Luciane Teixeira da Silva; Paolo Nosella","Paolo Nosella","HFSE"
"https://openalex.org/W2945578773","10.29386/reb.v78i311.1404","A atuação dos intelectuais da libertação nas páginas da REB no período de 1972 a 1986","2019","Revista Eclesiástica Brasileira","https://openalex.org/S4306527154","0101-8434","https://doi.org/10.29386/reb.v78i311.1404","aberto","Egberto Pereira dos Reis; José Carlos Rothen","Jose Carlos Rothen","EPFH"
"https://openalex.org/W2991377867","10.1590/1980-6248-2018-0038","A autoridade do professor no contexto da autoridade algorítmica digital,","2019","Pro-Posições","https://openalex.org/S4210208850","0103-7307","https://doi.org/10.1590/1980-6248-2018-0038","aberto","Antônio Álvaro Soares Zuin; Vânia Gomes Zuin","Antonio Alvaro Soares Zuin","ECS"
"https://openalex.org/W2972595342","10.20396/td.v15i0.8654167","A ciência atrás da siderurgia e da mineração do ferro","2019","Terrae Didatica","https://openalex.org/S4210205662","1679-2300","https://doi.org/10.20396/td.v15i0.8654167","aberto","Pedro Wágner Gonçalves; Natalina Aparecida Laguna Sicca; Maurílio Antônio Ribeiro Alves; Maria Cristina da Silveira Galan Fernandes","Maria Cristina da Silveira Galan Fernandes","EPFH"
"https://openalex.org/W2945451144","10.21920/recei72019513196207","A CIÊNCIA COMO INTERDISCURSOS ABISSAIS: que corpo pesquisamos e ensinamos?","2019","Revista Eletrônica Científica Ensino Interdisciplinar","https://openalex.org/S4210194653","2447-0783","https://doi.org/10.21920/recei72019513196207","aberto","Fulvio Severino; Sandra Aparecida Riscal","Sandra Aparecida Riscal","ECS"
"https://openalex.org/W2945026498","10.21920/recei72019513128140","A CIÊNCIA E JOVENS ITALIANOS E BRASILEIROS: relações com o saber","2019","Revista Eletrônica Científica Ensino Interdisciplinar","https://openalex.org/S4210194653","2447-0783","https://doi.org/10.21920/recei72019513128140","aberto","Juliana Correa; Douglas Verrangia","Douglas Verrangia Correa da Silva","RED"
"https://openalex.org/W2976465001","10.33448/rsd-v9i1.1533","A concepção de um curso musical virtual sob o olhar de um designer instrucional","2019","Research Society and Development","https://openalex.org/S2739064124","2525-3409","https://doi.org/10.33448/rsd-v9i1.1533","aberto","Braian Veloso; Milady Renata Apolinário da Silva","Braian Garrito Veloso","ECS"
"https://openalex.org/W2974408188","10.9771/gmed.v11i1.27808","A concepção materialista da história: divergências entre Thompsom e Althusser","2019","Germinal Marxismo e Educação em Debate","https://openalex.org/S2739076525","2175-5604","https://doi.org/10.9771/gmed.v11i1.27808","aberto","Amarílio Ferreira; Marisa Bittar","Marisa Bittar","HFSE"
"https://openalex.org/W2612580956","10.24109/2176-6681.rbep.89i221.722","A dialética socrática como Paidéia irônica","2019","Revista Brasileira de Estudos Pedagógicos","https://openalex.org/S2737504546","0034-7183","https://doi.org/10.24109/2176-6681.rbep.89i221.722","aberto","Antônio Álvaro Soares Zuin","Antonio Alvaro Soares Zuin","ECS"
"https://openalex.org/W2998917186","10.15628/holos.2019.5539","A EDUCAÇÃO FÍSICA E AS POSSÍVEIS INTERDISCIPLINARIDADES NOS ANOS INICIAIS DO ENSINO FUNDAMENTAL","2019","Holos","https://openalex.org/S2738187160","1518-1634","https://doi.org/10.15628/holos.2019.5539","aberto","Cátia Silvana da Costa; María Iolanda Monteiro","Maria Iolanda Monteiro","ECS"
"https://openalex.org/W2996193866","10.1590/es0101-73302019229217","A EDUCAÇÃO NO ATUAL CENÁRIO POLÍTICO ECONÔMICO MUNDIAL","2019","Educação & Sociedade","https://openalex.org/S2737687728","0101-7330","https://doi.org/10.1590/es0101-73302019229217","aberto","Pedro Goergen; Ivany Rodrigues Pino; Valdemar Sguíssardi; Theresa Adrião; Sérgio Stoco; Luana Costa Almeida","Luana Costa Almeida","EETPC"
"https://openalex.org/W2998343073","10.15448/1981-2582.2019.3.33770","A EJA em contextos de privação de liberdade: desafios e brechas à educação popular","2019","Educação","https://openalex.org/S4210209057","0101-465X","https://doi.org/10.15448/1981-2582.2019.3.33770","aberto","Elenice Maria Cammarosano Onofre; Jarina Rodrigues Fernandes; Ana Cláudia Ferreira Godinho","Jarina Rodrigues Fernandes; Elenice Maria Cammarosano Onofre","EETPC; EPFH"
"https://openalex.org/W2954640506","10.24220/2318-0870v24n2a4239","A experiência e trajetória de gestão de Vital Didonet junto ao Ministério da Educação (1974-1990): construindo caminhos para a educação da primeira infância brasileira | Vidal Didonet’s management experience and trajectory in Ministry of Education (1974-1990): Building paths for early childhood education in Brazil","2019","Revista de Educação PUC-Campinas","https://openalex.org/S4210186489","1519-3993","https://doi.org/10.24220/2318-0870v24n2a4239","aberto","Alessandra Elizabeth Ferreira Gonçalves Prado; Alessandra Arce Hai","Alessandra Arce Hai","ECS"
"https://openalex.org/W2943910066","10.14244/198271993350","A formação da subjetividade na Idade Mídia (The formation of subjectivity in the Media Age)","2019","Revista Eletrônica de Educação","https://openalex.org/S2736679368","1982-7199","https://doi.org/10.14244/198271993350","aberto","Antônio Álvaro Soares Zuin; Luiz Roberto Gomes","Antonio Alvaro Soares Zuin; Luiz Roberto Gomes","ECS"
"https://openalex.org/W2928272390","10.33871/nupem.v11i22.626","A função social da escola e a educação do campo: uma proposta humanizadora","2019","Revista NUPEM","https://openalex.org/S2737385783","2175-7429","https://doi.org/10.33871/nupem.v11i22.626","aberto","Fernando Donizete Alves; Luana Zanotto","Fernando Donizete Alves","EETPC"
"https://openalex.org/W2945074624","10.18616/rsp.v3i2.5101","A GESTÃO ESCOLAR NA PERSPECTIVA DA EDUCAÇÃO DEMOCRÁTICA DOS GESTORES DAS ESCOLAS DA REDE PÚBLICA ESTADUAL DE CRICIUMA – SC","2019","Revista Saberes Pedagógicos","https://openalex.org/S4210204151","2526-4559","https://doi.org/10.18616/rsp.v3i2.5101","aberto","Nicole Zacarão Zeferino Cardoso; Maria Aparecida Mello","Maria Aparecida Mello","EETPC"
"https://openalex.org/W3004202066","10.15601/f@d.v11i2.1075","A INICIAÇÃO À DOCÊNCIA E AS EXPERIÊNCIAS COM A EDUCAÇÃO MATEMÁTICA NOS ANOS INICIAIS","2019","Formação Docente","https://openalex.org/S4210220160","2237-0587","https://doi.org/10.15601/f@d.v11i2.1075","aberto","Klinger Teodoro Ciríaco; Larissa Wayhs Trein Montiel; Bruna Mendes Muniz; Cristiana Mariano; Maiara da Rocha Silva; Jéssica Tais de Oliveira Silva","Klinger Teodoro Ciríaco","FPOAE"
"https://openalex.org/W2946686761","10.14244/198271992559","A institucionalização do “jovem” como sujeito de políticas públicas no Brasil: o CONJUVE em cena","2019","Revista Eletrônica de Educação","https://openalex.org/S2736679368","1982-7199","https://doi.org/10.14244/198271992559","aberto","Denise Maria Reis; Vítor Sérgio Ferreira; Roseli Esquerdo Lopes","Denise Maria Reis; Roseli Esquerdo Lopes","HFSE"
"https://openalex.org/W2978501998","10.34117/bjdv5n9-055","A interculturalidade como possibilidade para a docência em música na universidade","2019","Brazilian Journal of Development","https://openalex.org/S4210234566","2525-8761","https://doi.org/10.34117/bjdv5n9-055","aberto","Fernando Stanzione Galizia; Emilía Freitas de Lima","Emilia Freitas de Lima; Fernando Stanzione Galizia","EETPC"
"https://openalex.org/W2397496548","10.24109/2176-6681.rbep.84i206-07-08.888","A pedagogia da escravidão nos Sermões do Padre Antonio Vieira","2019","Revista Brasileira de Estudos Pedagógicos","https://openalex.org/S2737504546","0034-7183","https://doi.org/10.24109/2176-6681.rbep.84i206-07-08.888","aberto","Amarílio Jr.; Marisa Bittar","Marisa Bittar","HFSE"
"https://openalex.org/W2596550521","10.24109/2176-6681.rbep.76i182/183.1117","A pedagogia do oprimido em tempos de industrialização da cultura","2019","Revista Brasileira de Estudos Pedagógicos","https://openalex.org/S2737504546","0034-7183","https://doi.org/10.24109/2176-6681.rbep.76i182/183.1117","aberto","Antônio Álvaro Soares Zuin","Antonio Alvaro Soares Zuin","ECS"
"https://openalex.org/W2943910440","10.14244/198271993355","A pedagogização do sexo da criança: do corpo ao dispositivo da infância (The pedagogization of sex and children: from the body to the childhood device)","2019","Revista Eletrônica de Educação","https://openalex.org/S2736679368","1982-7199","https://doi.org/10.14244/198271993355","aberto","Andrea Braga Moruzzi","Andrea Braga Moruzzi","RED"
"https://openalex.org/W2907667303","10.24115/s2446-622020184especial586p.71-85","A pesquisa “com” e a pesquisa “de”","2019","LAPLAGE EM REVISTA","https://openalex.org/S2738200778","2446-6220","https://doi.org/10.24115/s2446-622020184especial586p.71-85","aberto","Andrea Braga Moruzzi; Cleonice Maria Tomazzetti","Cleonice Maria Tomazzetti; Andrea Braga Moruzzi","FPOAE; RED"
"https://openalex.org/W2969375750","10.18316/recc.v24i2.4391","A PRODUÇÃO ACADÊMICA SOBRE O PIBID DE GEOGRAFIA E O EDITAL 66/2013: Uma análise do maior programa de Formação de Professores brasileiro","2019","Educação Ciência e Cultura","https://openalex.org/S4210200325","1413-7321","https://doi.org/10.18316/recc.v24i2.4391","aberto","Glauber Barros Alves Costa; María Iolanda Monteiro","Maria Iolanda Monteiro","ECS"
"https://openalex.org/W2955108610","10.20396/riesup.v5i0.8653658","A Reforma de Córdoba de 1918","2019","Revista Internacional de Educação Superior","https://openalex.org/S4210183452","2446-9424","https://doi.org/10.20396/riesup.v5i0.8653658","aberto","Marcelo Innocentini Hayashi; María Cristina Piumbato Innocentini Hayashi","Maria Cristina Piumbato Innocentini Hayashi","HFSE"
"https://openalex.org/W3159859124","10.26512/lc.v24i0.19844","A sociedade de risco e a noção de cidadania: desafios para a educação científica e tecnológica","2019","Linhas Crí­ticas","https://openalex.org/S4210172282","1516-4896","https://doi.org/10.26512/lc.v24i0.19844","aberto","Maurício Pietrocola; Carolina Rodrigues de Souza","Carolina Rodrigues de Souza","ECM"
"https://openalex.org/W2910073712","10.14244/198271992481","Abordagens de avaliação educacional: a constituição do campo teórico no cenário internacional (Educational evaluation approaches: constitution of the theoretical field in the international scenario)","2019","Revista Eletrônica de Educação","https://openalex.org/S2736679368","1982-7199","https://doi.org/10.14244/198271992481","aberto","Regilson Maciel Borges; José Carlos Rothen","Jose Carlos Rothen","EPFH"
"https://openalex.org/W2953969329","10.18593/r.v44i2.17417","Ações afirmativas e formação de professores: diálogos e perspectivas a partir do NEAB/UFSCar","2019","Roteiro","https://openalex.org/S2737795593","0104-4311","https://doi.org/10.18593/r.v44i2.17417","aberto","Tatiane Cosentino Rodrigues; Ivanilda Amado Cardoso; Andréia Rosalina Silva","Tatiane Cosentino Rodrigues","RED"
"https://openalex.org/W2970675836","10.1590/1807-0310/2019v31190283","ADOLESCENTES AUTORES DE ATOS INFRACIONAIS: DIFICULDADES DE ACESSO E PERMANÊNCIA NA ESCOLA","2019","Psicologia & Sociedade","https://openalex.org/S102196823","0102-7182","https://doi.org/10.1590/1807-0310/2019v31190283","aberto","Priscila Carla Cardoso; Débora Cristina Fonseca","Débora Cristina Fonseca; Priscila Carla Cardoso","EPFH"
"https://openalex.org/W2990197750","10.22476/revcted.v5i1.421","Adolescentes em situação de conflito com a lei e o atendimento inicial integrado: entrevista com o Padre Agnaldo Soares Lima (Adolescents in conflict with the law and integrated inicial care: interview with Priest Agnaldo Soares Lima)","2019","Crítica Educativa","https://openalex.org/S2737611088","2447-4223","https://doi.org/10.22476/revcted.v5i1.421","aberto","Julio Francisco; Roseli Esquerdo Lopes","Roseli Esquerdo Lopes","HFSE"
"https://openalex.org/W2943961212","10.18675/1981-8106.vol29.n60.p180-196","AGRESSÕES ONLINE E CULTURA DIGITAL: CONSIDERAÇÕES SOBRE O CYBERBULLYING COMO OBJETO DE PESQUISA","2019","Educação","https://openalex.org/S2738946615","1517-9869","https://doi.org/10.18675/1981-8106.vol29.n60.p180-196","aberto","Camila Sandim de Castro; Antônio Álvaro Soares Zuin","Antonio Alvaro Soares Zuin","ECS"
"https://openalex.org/W2969818120","10.15601/f@d.v11i1.1685","AINDA EM TEMPO PRESENTE: O QUE DIZEM ALGUMAS PESQUISAS SOBRE AVALIAÇÃO EM EDUCAÇÃO MATEMÁTICA? (2010-2013)","2019","Formação Docente","https://openalex.org/S4210220160","2237-0587","https://doi.org/10.15601/f@d.v11i1.1685","aberto","Fernanda Celestino de Souza Meneguello; Klinger Teodoro Ciríaco","Klinger Teodoro Ciríaco","FPOAE"
"https://openalex.org/W2943840246","10.14244/198271993354","Análise do discurso nas pesquisas em educação: perspectivas foucaultianas (Discourse analysis in education research: foucaultian perspectives)","2019","Revista Eletrônica de Educação","https://openalex.org/S2736679368","1982-7199","https://doi.org/10.14244/198271993354","aberto","Maria Cecília Luiz; Flávio Caetano da Silva; Clarissa Bengtson","Flavio Caetano da Silva; Maria Cecilia Luiz","ECS"
"https://openalex.org/W2979660239","10.14244/198271993584","Aprendizagem ao longo da vida, conhecimento e habilidades estratégicas: abordagens conceituais no contexto da colaboração científica entre Brasil e Itália","2019","Revista Eletrônica de Educação","https://openalex.org/S2736679368","1982-7199","https://doi.org/10.14244/198271993584","aberto","Paolo Di Rienzo; Aline Sommerhalder; Massimo Margottini; Concetta La Rocca","Aline Sommerhalder","EETPC"
"https://openalex.org/W4292632677","10.31892/rbpab2525-426x.2019.v4.n12.p1090-1109","Aprendizagens da docência em uma comunidade de aprendizagem online: contribuições da ReAD","2019","Revista Brasileira de Pesquisa (Auto)Biográfica","https://openalex.org/S4210217422","2525-426X","https://doi.org/10.31892/rbpab2525-426x.2019.v4.n12.p1090-1109","aberto","Ana Paula Gestoso de Souza; Rosa Maria Moares Anunciato","Ana Paula Gestoso de Souza","FPOAE"
"https://openalex.org/W2944319392","10.14244/198271993348","Apresentação do Dossiê ""Educação, Cultura e Sujetividade"" (Presentation of the Dossier ""Education, Culture and Subjectivity"")","2019","Revista Eletrônica de Educação","https://openalex.org/S2736679368","1982-7199","https://doi.org/10.14244/198271993348","aberto","Nilson Fernandes Dinis; Alan Victor Pimenta de Almeida Pales Costa","Nilson Fernandes Dinis; Alan Victor Pimenta de Almeida Pales Costa","ECS; RED"
"https://openalex.org/W2969650752","10.33025/tefe.v4i1.2055","ATLETISMO NA EDUCAÇÃO FÍSICA INFANTIL: AS EXPERIÊNCIAS DE UMA PRÁTICA EDUCATIVA","2019","Temas em Educação Física Escolar","https://openalex.org/S4210240103","2525-5916","https://doi.org/10.33025/tefe.v4i1.2055","aberto","Eliton da Silva Vasconcelos; Luana Zanotto; Fernando Donizete Alves; Camila Milan Paulo","Fernando Donizete Alves","EETPC"
"https://openalex.org/W2976907007","10.1590/0104-4060.64821","Autoridade enfraquecida, violência contra professores e trabalho pedagógico","2019","Educar em Revista","https://openalex.org/S152657728","0104-4060","https://doi.org/10.1590/0104-4060.64821","aberto","Antônio Igo Barreto Pereira; Antônio Álvaro Soares Zuin","Antonio Alvaro Soares Zuin","ECS"
"https://openalex.org/W2937343291","10.22347/2175-2753v11i31.1678","Avaliação Educacional Brasileira na Década de 1980: o campo entre duas abordagens","2019","Revista Meta Avaliação","https://openalex.org/S4210200448","2175-2753","https://doi.org/10.22347/2175-2753v11i31.1678","aberto","Regilson Maciel Borges; José Carlos Rothen","Jose Carlos Rothen","EPFH"
"https://openalex.org/W2924460712","10.1590/s1413-65382519000100008","Balanço das Dissertações e Teses sobre o Tema Educação de Surdos (2010-2014)","2019","Revista Brasileira de Educação Especial","https://openalex.org/S4210190154","1413-6538","https://doi.org/10.1590/s1413-65382519000100008","aberto","Denise Marina Ramos; María Cristina Piumbato Innocentini Hayashi","Maria Cristina Piumbato Innocentini Hayashi","HFSE"
"https://openalex.org/W2946215877","10.4013/edu.2019.232.16849","Brincar como prática social da pequena infância em contexto de Educação Infantil: aprender para a vida","2019","Educação Unisinos","https://openalex.org/S2736521713","1519-387X","https://doi.org/10.4013/edu.2019.232.16849","aberto","Maria Elisa Nicolielo; Aline Sommerhalder; Fernando Donizete Alves; Deise Aparecida Silva Malta","Aline Sommerhalder; Fernando Donizete Alves","EETPC"
"https://openalex.org/W4238337049","10.4013/edu.2019.232.10","Brincar como prática social da pequena infância em contexto de Educação Infantil: aprender para a vida","2019","Educação Unisinos","https://openalex.org/S2736521713","1519-387X","https://doi.org/10.4013/edu.2019.232.10","aberto","Maria Elisa Nicolielo; Aline Sommerhalder; Fernando Donizete Alves; Deise Aparecida Silva Malta","Aline Sommerhalder; Fernando Donizete Alves","EETPC"
"https://openalex.org/W2922175072","10.5216/rir.v15i1.55875","Cadê a geometria na educação infantil? O gato comeu!","2019","Itinerarius Reflectionis","https://openalex.org/S2737048891","1679-2009","https://doi.org/10.5216/rir.v15i1.55875","aberto","Andréia Cristina de Sena Santana Zucca; Klinger Teodoro Ciríaco","Klinger Teodoro Ciríaco","FPOAE"
"https://openalex.org/W2807809458","10.14244/198271993183","Carta ao Leitor (Letter to the reader)","2019","Revista Eletrônica de Educação","https://openalex.org/S2736679368","1982-7199","https://doi.org/10.14244/198271993183","aberto","Celso Luiz Aparecido Conti","Celso Luiz Aparecido Conti","EETPC"
"https://openalex.org/W2972188366","10.14244/198271993599","Carta ao Leitor e Apresentação do dossiê “Políticas de Educação Superior e produção do conhecimento no Brasil: novos modos de regulação e tendências” (Letter to the reader and Presentation)","2019","Revista Eletrônica de Educação","https://openalex.org/S2736679368","1982-7199","https://doi.org/10.14244/198271993599","aberto","João dos Reis Silva Júnior; Karine Nunes de Moraes","Joao dos Reis Silva Junior","EPFH"
"https://openalex.org/W2971564137","10.4322/2526-8910.ctoao1194","Centro da juventude em foco: discursos e ações","2019","Cadernos Brasileiros de Terapia Ocupacional ","https://openalex.org/S4210189390","0104-4931","https://doi.org/10.4322/2526-8910.ctoao1194","aberto","Marina Martins Marinho; Roseli Esquerdo Lopes","Roseli Esquerdo Lopes","HFSE"
"https://openalex.org/W2962348156","10.5212/praxeduc.v.14n3.013","Coletivos juvenis políticos em uma universidade pública mineira: microespaço público e experiências de participação no movimento estudantil","2019","Praxis Educativa","https://openalex.org/S4210204466","1809-4031","https://doi.org/10.5212/praxeduc.v.14n3.013","aberto","Luís Antônio Groppo; Mariana Pereira Ramos; Júnior Roberto Faria Trevisan; Guilherme Antoneli Silva; Isabella Batista Silveira","Luís Antonio Groppo","HFSE"
"https://openalex.org/W2999710409","10.5354/0719-5346.2019.51085","Comunidade de prática de terapeutas ocupacionais iniciantes: O início da prática em saúde mental.","2019","Revista Chilena de Terapia Ocupacional","https://openalex.org/S4210173032","0717-6767","https://doi.org/10.5354/0719-5346.2019.51085","aberto","Taís Quevedo Marcolino; Regina Torkomian Joaquim; Angélica da Silva Araújo; Ana Carolina Carreira de Mello; Aline Maria de Medeiros Rodrigues Reali","Aline Maria de Medeiros Rodrigues Reali","FPOAE"
"https://openalex.org/W2941282354","10.15600/2238-121x/comunicacoes.v26n1p5-26","Concepções de qualidade nos documentos oficiais sobre a Educação Superior","2019","Comunicações","https://openalex.org/S4210224284","0104-8481","https://doi.org/10.15600/2238-121x/comunicacoes.v26n1p5-26","aberto","José Carlos Rothen; Regilson Maciel Borges; Andreliza Cristina de Souza; Joelma dos Santos Bernardes; Pamela Cristina Botiglieri","Jose Carlos Rothen","EPFH"
"https://openalex.org/W2994615694","10.5007/2175-795x.2019.e54796","Concepções sobre avaliação educacional de intelectuais acadêmicos brasileiros nos anos 1980","2019","Perspectiva","https://openalex.org/S2737309421","0102-5473","https://doi.org/10.5007/2175-795x.2019.e54796","aberto","Regilson Maciel Borges; José Carlos Rothen","Jose Carlos Rothen","EPFH"
"https://openalex.org/W2942983631","10.31892/rbpab2525-426x.2019.v04.n10.p264-282","CONHECENDO MAIS SOBRE A LUDICIDADE, FORMAÇÃO DE PROFESSORES E ENSINO DE MATEMÁTICA NO CURSO DE PEDAGOGIA DA UFSCAR","2019","Revista Brasileira de Pesquisa (Auto)Biográfica","https://openalex.org/S4210217422","2525-426X","https://doi.org/10.31892/rbpab2525-426x.2019.v04.n10.p264-282","aberto","Américo Silva; Cármen Lúcia Brancaglion Passos","Carmen Lucia Brancaglion Passos","ECM"
"https://openalex.org/W2996013599","10.18471/rbe.v33.31874","CONHECIMENTO DE PAIS E CUIDADORES PORTUGUESES SOBRE PRIMEIROS SOCORROS EM ACIDENTES DOMÉSTICOS","2019","Revista Baiana de Enfermagem‏","https://openalex.org/S4210208059","0102-5430","https://doi.org/10.18471/rbe.v33.31874","aberto","Carolai Conceição dos Santos; Márcia Maria Carneiro Oliveira; María Carolina Ortiz Whitaker; Climene Laura de Camargo; Filomena Raimundo; Maria do Carmo de Sousa","Maria do Carmo de Sousa","ECM"
"https://openalex.org/W2908681928","10.21723/riaee.v14i2.11374","Controvérsias sociotécnicas: uma proposta didática para o ensino de engenharia","2019","Revista Ibero-Americana de Estudos em Educação","https://openalex.org/S2737552301","1982-5587","https://doi.org/10.21723/riaee.v14i2.11374","aberto","Vágner Ricardo de Araújo Pereira; Carlos Roberto Massao Hayashi","Carlos Roberto Massao Hayashi","HFSE"
"https://openalex.org/W2982236648","10.18675/1981-8106.vol29.n61.p440-460","CRIANÇAS, NATUREZA E FOTOGRAFIA: UMA EXPERIÊNCIA NO CERRADO","2019","Educação","https://openalex.org/S2738946615","1517-9869","https://doi.org/10.18675/1981-8106.vol29.n61.p440-460","aberto","Gabriella Pizzolante da Silva; Carolina Rodrigues de Souza; Sandra Fagionato Ruffino","Carolina Rodrigues de Souza","ECM"
"https://openalex.org/W2964360654","10.1590/s1413-24782019240031","Cursinho popular por estudantes da universidade: práticas político-pedagógicas e formação docente","2019","Revista Brasileira de Educação","https://openalex.org/S2736711335","1413-2478","https://doi.org/10.1590/s1413-24782019240031","aberto","Luís Antônio Groppo; Ana Rosa Garcia de Oliveira; Fabiana Mara Oliveira","Luís Antonio Groppo","HFSE"
"https://openalex.org/W2953543795","10.25059/2527-2594/retratosdeassentamentos/2019.v22i1.342","Da luta pela terra ao reconhecimento: considerações sobre a trajetória das famílias assentadas no PDS Santa Helena e o acesso a políticas públicas","2019","Retratos de Assentamentos","https://openalex.org/S4210210437","1516-8182","https://doi.org/10.25059/2527-2594/retratosdeassentamentos/2019.v22i1.342","aberto","Bárbara El Khalil; Joelson Gonçalves de Carvalho","Joelson Gonçalves de Carvalho","EPFH"
"https://openalex.org/W2923678565","10.18593/r.v44i3.17773","Da zona rural à escola urbana: problematizando relações pedagógicas entre professoras e crianças","2019","Roteiro","https://openalex.org/S2737795593","0104-4311","https://doi.org/10.18593/r.v44i3.17773","aberto","Luana Zanotto; Fernando Donizete Alves; Aline Sommerhalder","Aline Sommerhalder; Fernando Donizete Alves","EETPC"
"https://openalex.org/W2944600993","10.14244/198271993357","Desafios curriculares no ensino superior: contribuições do Programa Abdias Nascimento (Curricular challenges in Higher Education: contributions from the Abdias Nascimento Program)","2019","Revista Eletrônica de Educação","https://openalex.org/S2736679368","1982-7199","https://doi.org/10.14244/198271993357","aberto","Ana Cristina Juvenal da Cruz; Tatiane Cosentino Rodrigues; Denise Santos da Cruz; Ivanilda Amado Cardoso","Ana Cristina Juvenal da Cruz; Tatiane Cosentino Rodrigues","RED"
"https://openalex.org/W2958947563","10.17058/rea.v27i2.12620","Desafios de uma professora de Educação Física na medida socioeducativa de internação","2019","Reflexão e Ação","https://openalex.org/S2737402097","0103-8842","https://doi.org/10.17058/rea.v27i2.12620","aberto","Carolina Maciel Souza; Elenice Maria Cammarosano Onofre","Elenice Maria Cammarosano Onofre","EPFH"
"https://openalex.org/W2914183086","10.15600/2238-121x/comunicacoes.v25n3p247-269","Desafios na execução do atendimento socioeducativo de jovens em privação de liberdade","2019","Comunicações","https://openalex.org/S4210224284","0104-8481","https://doi.org/10.15600/2238-121x/comunicacoes.v25n3p247-269","aberto","Julio Francisco; Elenice Maria Cammarosano Onofre","Elenice Maria Cammarosano Onofre","EPFH"
"https://openalex.org/W2941819230","10.15600/2238-121x/comunicacoes.v26n1p91-114","Descobrindo o início da docência em Matemática na classe multisseriada","2019","Comunicações","https://openalex.org/S4210224284","0104-8481","https://doi.org/10.15600/2238-121x/comunicacoes.v26n1p91-114","aberto","Bruna Mendes Muniz; Klinger Teodoro Ciríaco","Klinger Teodoro Ciríaco","FPOAE"
"https://openalex.org/W3004513338","10.34179/revisem.v4i2.11787","Desenvolvimento profissional de uma formadora de professores de Matemática","2019","Revista Sergipana de Matemática e Educação Matemática","https://openalex.org/S4210202102","2525-5444","https://doi.org/10.34179/revisem.v4i2.11787","aberto","Flávia Cristina Figueiredo Coura; Cármen Lúcia Brancaglion Passos","Carmen Lucia Brancaglion Passos","ECM"
"https://openalex.org/W2955295463","10.21527/2179-1309.2019.108.57-71","DIÁLOGOS INTERCULTURAIS, ESCOLA E IDENTIDADE ÉTNICA: O QUE REVELAM DISSERTAÇÕES DE MESTRES INDÍGENAS EM MATO GROSSO DO SUL?","2019","Revista Contexto & Educação","https://openalex.org/S4306526392","0102-8758","https://doi.org/10.21527/2179-1309.2019.108.57-71","aberto","Thiago Moessa Alves; Klinger Teodoro Ciríaco","Klinger Teodoro Ciríaco","FPOAE"
"https://openalex.org/W2951214249","10.14295/momento.v28i1.7073","Dificuldades da docência no cenário digital:contornos e práticas de sala de aula","2019","Momento","https://openalex.org/S4210176317","0102-2717","https://doi.org/10.14295/momento.v28i1.7073","aberto","Erika Giacometti Rocha Berribili; Daniel Mill; María Iolanda Monteiro; Rafaela Marchetti","Daniel Ribeiro Silva Mill; Maria Iolanda Monteiro","ECS"
"https://openalex.org/W2991801027","10.1590/1980-4415v33n65a12","Do Modelo Matemático à Modelagem Matemática: descontinuidades históricas","2019","Bolema Boletim de Educação Matemática","https://openalex.org/S4210176729","0103-636X","https://doi.org/10.1590/1980-4415v33n65a12","aberto","Maria Carolina Machado Magnus; Ademir Donizeti Caldeira; Claúdia Glavam Duarte","Ademir Donizeti Caldeira","ECM"
"https://openalex.org/W2941426900","10.1177/0008417419833409","Do occupational justice concepts inform occupational therapists’ practice? A scoping review","2019","Canadian Journal of Occupational Therapy","https://openalex.org/S153307584","0008-4174","https://doi.org/10.1177/0008417419833409","aberto","Ana Paula Serrata Malfitano; Rosangela Gomes da Mota de Souza; Elizabeth Townsend; Roseli Esquerdo Lopes","Roseli Esquerdo Lopes","HFSE"
"https://openalex.org/W2940904757","10.15600/2238-121x/comunicacoes.v26n1p181-195","Do sentido formativo ao enigma da frieza: uma análise do filme “A Fita Branca”, de Michael Haneke","2019","Comunicações","https://openalex.org/S4210224284","0104-8481","https://doi.org/10.15600/2238-121x/comunicacoes.v26n1p181-195","aberto","Helga Caroline Peres; Luiz Roberto Gomes","Luiz Roberto Gomes","ECS"
"https://openalex.org/W2904648986","10.14244/198271992167","Docência, educação a distância e tecnologias digitais: um estudo bibliométrico (Teaching, distance education and digital technologies: a bibliometric study)","2019","Revista Eletrônica de Educação","https://openalex.org/S2736679368","1982-7199","https://doi.org/10.14244/198271992167","aberto","Braian Veloso; Daniel Mill; María Iolanda Monteiro","Braian Garrito Veloso; Daniel Ribeiro Silva Mill; Maria Iolanda Monteiro","ECS"
"https://openalex.org/W2958839764","10.4322/2526-8910.ctoao1740","É uma porta que se abre : reflexões sobre questões conceituais e de identidade profissional na construção do raciocínio clínico em terapia ocupacional","2019","Cadernos Brasileiros de Terapia Ocupacional ","https://openalex.org/S4210189390","0104-4931","https://doi.org/10.4322/2526-8910.ctoao1740","aberto","Taís Quevedo Marcolino; Jéssica Cristina Von Poellnitz; Carla Regina Silva; Cecília Cruz Villares; Aline Maria de Medeiros Rodrigues Reali","Aline Maria de Medeiros Rodrigues Reali","FPOAE"
"https://openalex.org/W2941770514","10.7213/1981-416x.19.060.ds03","Educação a Distância e inclusão: uma análise sob a perspectiva docente","2019","Revista Diálogo Educacional","https://openalex.org/S4306527104","1518-3483","https://doi.org/10.7213/1981-416x.19.060.ds03","aberto","Braian Veloso; Daniel Mill","Braian Garrito Veloso; Daniel Ribeiro Silva Mill","ECS"
"https://openalex.org/W2996453738","10.19132/1808-5245261.65-83","Educação de surdos na Espanha: análise bibliométrica em bases de dados de teses doutorais (1987-2017)","2019","Em Questão","https://openalex.org/S4210172795","1807-8893","https://doi.org/10.19132/1808-5245261.65-83","aberto","Daiane Natalia Schiavon; María Cristina Piumbato Innocentini Hayashi","Maria Cristina Piumbato Innocentini Hayashi","HFSE"
"https://openalex.org/W2944627693","10.14244/198271993349","Educação e dever profissional na constituição da subjetividade moderna (Education and professional duty in the constitution of the modern subjectivity)","2019","Revista Eletrônica de Educação","https://openalex.org/S2736679368","1982-7199","https://doi.org/10.14244/198271993349","aberto","Sandra Aparecida Riscal","Sandra Aparecida Riscal","ECS"
"https://openalex.org/W2950317724","10.33871/nupem.v11i23.573","Educação escolar em prisões: brechas, apostas e possibilidades","2019","Revista NUPEM","https://openalex.org/S2737385783","2175-7429","https://doi.org/10.33871/nupem.v11i23.573","aberto","Elenice Maria Cammarosano Onofre","Elenice Maria Cammarosano Onofre","EPFH"
"https://openalex.org/W2952364903","10.4025/imagenseduc.v9i1.44287","Educação Física e medida socioeducativa de internação: dilemas do cotidiano","2019","Imagens da Educação","https://openalex.org/S4210235954","2179-8427","https://doi.org/10.4025/imagenseduc.v9i1.44287","aberto","Carolina Maciel Souza; Elenice Maria Cammarosano Onofre","Elenice Maria Cammarosano Onofre","EPFH"
"https://openalex.org/W2735574302","10.24109/2176-6681.rbep.80i196.986","Educação jesuítica e crianças negras no Brasil colonial","2019","Revista Brasileira de Estudos Pedagógicos","https://openalex.org/S2737504546","0034-7183","https://doi.org/10.24109/2176-6681.rbep.80i196.986","aberto","Amarílio Ferreira; Marisa Bittar","Marisa Bittar","HFSE"
"https://openalex.org/W2944183009","10.14244/198271993351","Educação, Cinema e Estudos Culturais (Education, Cinema and Cultural Studies)","2019","Revista Eletrônica de Educação","https://openalex.org/S2736679368","1982-7199","https://doi.org/10.14244/198271993351","aberto","Alessandro Garcia Paulino; Alan Victor Pimenta de Almeida Pales Costa; Nilson Fernandes Dinis","Nilson Fernandes Dinis; Alan Victor Pimenta de Almeida Pales Costa","ECS; RED"
"https://openalex.org/W3012238849","10.19180/1809-2667.v21n32019p347-358","Enfrentamentos Cotidianos de Professoras Iniciantes no Sistema Privado de Ensino da Educação Infantil","2019","Vértices","https://openalex.org/S2739108508","1415-2843","https://doi.org/10.19180/1809-2667.v21n32019p347-358","aberto","Deysiane Pereira Pardin; Klinger Teodoro Ciríaco","Klinger Teodoro Ciríaco","FPOAE"
"https://openalex.org/W2981020829","10.20396/riesup.v6i0.8655561","Entre “sobrevivências” e “descobertas""","2019","Revista Internacional de Educação Superior","https://openalex.org/S4210183452","2446-9424","https://doi.org/10.20396/riesup.v6i0.8655561","aberto","Klinger Teodoro Ciríaco; Adriana Correa da Silva","Klinger Teodoro Ciríaco","FPOAE"
"https://openalex.org/W2913265532","10.33532/revemop.v1n1a1","Entre discursos e práticas de avaliação matemática nos primeiros anos de escolarização","2019","Revemop","https://openalex.org/S4210236610","2596-0245","https://doi.org/10.33532/revemop.v1n1a1","aberto","Fernanda Celestino de Souza Meneguello; Klinger Teodoro Ciríaco","Klinger Teodoro Ciríaco","FPOAE"
"https://openalex.org/W2756007668","10.24109/2176-6681.rbep.88i220.732","Espaço, tempo e tecnologia no trabalho pedagógico: redimensionamentos na Idade Mídia","2019","Revista Brasileira de Estudos Pedagógicos","https://openalex.org/S2737504546","0034-7183","https://doi.org/10.24109/2176-6681.rbep.88i220.732","aberto","Daniel Mill; Fernando Selmar Rocha Fidalgo","Daniel Ribeiro Silva Mill","ECS"
"https://openalex.org/W2911863959","10.33532/revemop.v1n1a8","Estado do conhecimento sobre as pesquisas de professores sobre a própria prática (2001-2012): aspectos físicos, temáticos e motivacionais","2019","Revemop","https://openalex.org/S4210236610","2596-0245","https://doi.org/10.33532/revemop.v1n1a8","aberto","Everaldo Gomes Leandro; Cármen Lúcia Brancaglion Passos","Carmen Lucia Brancaglion Passos","ECM"
"https://openalex.org/W3038784885","10.19091/reced.vi0.844","Estado, educação e ações micropolíticas","2019","REVISTA DE CIÊNCIAS DA EDUCAÇÃO","https://openalex.org/S2736723182","1518-7039","https://doi.org/10.19091/reced.vi0.844","aberto","Rogério Bueno; Eduardo Pinto e Silva","Eduardo Pinto e Silva","EPFH"
"https://openalex.org/W2937644977","10.20500/rce.v14i29.20361","Estudantes universitários: estratégias e procedimentos para a permanência","2019","Revista Contemporânea de Educação","https://openalex.org/S4210210632","1809-5747","https://doi.org/10.20500/rce.v14i29.20361","aberto","Hellen Cristina Xavier da Silva Mattos; Maria Cristina da Silveira Galan Fernandes","Maria Cristina da Silveira Galan Fernandes","EPFH"
"https://openalex.org/W2995164152","10.1590/1516-731320190040015","Estudo das historiografias de Paul Karlson, Konstantin Ríbnikov, Howard Eves e Bento de Jesus Caraça: diferentes modos de ver e conceber o conceito de função","2019","Ciência & Educação (Bauru)","https://openalex.org/S2736612050","1516-7313","https://doi.org/10.1590/1516-731320190040015","aberto","Maria do Carmo de Sousa; Manoel Oriosvaldo de Moura","Maria do Carmo de Sousa","ECM"
"https://openalex.org/W2953498534","10.30681/2178-7476.2019.31.237259","EXPECTATIVAS DE ESTUDO E TRABALHO DE CONCLUINTES DE UMA ESCOLA PÚBLICA","2019","Revista da Faculdade de Educação","https://openalex.org/S4210201496","1679-4273","https://doi.org/10.30681/2178-7476.2019.31.237259","aberto","Renata Mantovani de Faria; Eduardo Pinto e Silva","Eduardo Pinto e Silva","EPFH"
"https://openalex.org/W2920451938","10.31417/educitec.v5i10.567","Experimentação visual: cinema e fotografia como dispositivos de experiência em espaços formativos","2019","Educitec - Revista de Estudos e Pesquisas sobre Ensino Tecnológico","https://openalex.org/S4210185046","2446-774X","https://doi.org/10.31417/educitec.v5i10.567","aberto","Alan Victor Pimenta de Almeida Pales Costa; Ana Carolina Domingues","Alan Victor Pimenta de Almeida Pales Costa","RED"
"https://openalex.org/W2910188586","10.5212/rev.conexao.v.15.i1.0008","EXTENSÃO, PESQUISA E ENGAJAMENTO: APRENDIZADO DE LUTAS E DORES NO SEMINÁRIO MEMORIAL DAS OCUPAÇÕES ESTUDANTIS","2019","Revista Conexao UEPG","https://openalex.org/S4210196134","1808-6578","https://doi.org/10.5212/rev.conexao.v.15.i1.0008","aberto","Luís Antônio Groppo; Mayara Rossato; Marco Costa","Luís Antonio Groppo","HFSE"
"https://openalex.org/W2970912330","10.21879/faeeba2358-0194.2019.v28.n55.p202-220","FORMAÇÃO CONTINUADA E IDENTIDADE PROFISSIONAL NA VOZ DE DOCENTES DO BRASIL E DE PORTUGAL","2019","Revista da FAEEBA- Educação e Contemporaneidade","https://openalex.org/S4210174506","0104-7043","https://doi.org/10.21879/faeeba2358-0194.2019.v28.n55.p202-220","aberto","Helena de Ornellas Sivieri-Pereira; Rosa Maria Moraes Anunciato; Ana Maria Costa e Silva","Rosa Maria Moraes Anunciato","FPOAE"
"https://openalex.org/W2944640342","10.18675/1981-8106.vol29.n60.p26-46","FORMAÇÃO CONTINUADA NO PNAIC: EVIDÊNCIAS DE PRATICISMO EM DEBATE","2019","Educação","https://openalex.org/S2738946615","1517-9869","https://doi.org/10.18675/1981-8106.vol29.n60.p26-46","aberto","Cristiano José de Oliveira; Luana Costa Almeida","Luana Costa Almeida","EETPC"
"https://openalex.org/W2907276016","10.24115/s2446-622020184especial562p.5-8","Formação docente, infância(s) e educação infantil: um panorama no contexto das politicas publicas educacionais brasileiras contemporaneas","2019","LAPLAGE EM REVISTA","https://openalex.org/S2738200778","2446-6220","https://doi.org/10.24115/s2446-622020184especial562p.5-8","aberto","Maria Walburga dos Santos; Cleonice Maria Tomazzetti","Cleonice Maria Tomazzetti","FPOAE"
"https://openalex.org/W2906719505","10.24115/s2446-622020184especial584p.38-54","Formação docente, relações étnico-raciais e educação infantil","2019","LAPLAGE EM REVISTA","https://openalex.org/S2738200778","2446-6220","https://doi.org/10.24115/s2446-622020184especial584p.38-54","aberto","Edmacy Quirina de Souza; Nilson Fernandes Dinis","Nilson Fernandes Dinis","ECS"
"https://openalex.org/W2990518770","10.4025/imagenseduc.v9i2.46711","FORMAÇÃO E APRENDIZAGENS DE MENTORAS INICIANTES EM UM PROGRAMA DE INDUÇÃO À DOCÊNCIA","2019","Imagens da Educação","https://openalex.org/S4210235954","2179-8427","https://doi.org/10.4025/imagenseduc.v9i2.46711","aberto","Ana Paula Gestoso de Souza; Aline Maria de Medeiros Rodrigues Reali; Bruna Cury de Barros; Rosa Maria Moraes Anunciato","Aline Maria de Medeiros Rodrigues Reali; Ana Paula Gestoso de Souza; Rosa Maria Moraes Anunciato","FPOAE"
"https://openalex.org/W2991619931","10.22481/praxisedu.v15i34.5629","FRAGMENTOS DE MEMORIAS ESCOLARES: CONTRIBUICOES DAS NARRATIVAS NA PRATICA DE FORMACAO DE PROFESSORES","2019","Práxis Educacional","https://openalex.org/S4210197447","1809-0249","https://doi.org/10.22481/praxisedu.v15i34.5629","aberto","Luana Zanotto; Aline Sommerhalder; Andressa de Oliveira Martins","Aline Sommerhalder","EETPC"
"https://openalex.org/W2987637206","10.4236/oalib.1105869","Globalization of Higher Education: Notes about Economy, Knowledge Production and Impacts on Civil Society","2019","OALib","https://openalex.org/S4210196074","2333-9705","https://doi.org/10.4236/oalib.1105869","aberto","João dos Reis Silva Júnior; Everton Henrique Eleutério Fargoni","Joao dos Reis Silva Junior","EPFH"
"https://openalex.org/W2973616126","10.4236/oalib.1105726","Growth Based on Social Debt, Neoconservatism and the Work of the Researcher in Recent History of Brazil","2019","OALib","https://openalex.org/S4210196074","2333-9705","https://doi.org/10.4236/oalib.1105726","aberto","João dos Reis Silva Júnior","Joao dos Reis Silva Junior","EPFH"
"https://openalex.org/W2769637384","10.24109/2176-6681.rbep.80i195.980","Guias curriculares: materiais de orientação docente ou de controle do Estado?","2019","Revista Brasileira de Estudos Pedagógicos","https://openalex.org/S2737504546","0034-7183","https://doi.org/10.24109/2176-6681.rbep.80i195.980","aberto","Rosa Fátima de Souza; Raquel Fontes Borghi; Márcia Regina Onofre; Lilian Camargo","Márcia Regina Onofre","FPOAE"
"https://openalex.org/W2993926988","10.18224/educ.v21i2.7339","HISTÓRIA DA EDUCAÇÃO INFANTIL NO INTERIOR DO RIO GRANDE DO SUL À LUZ DA POLÍTICA EDUCACIONAL BRASILEIRA","2019","Revista Educativa - Revista de Educação","https://openalex.org/S2736632036","1415-0492","https://doi.org/10.18224/educ.v21i2.7339","aberto","Cleonice Maria Tomazzetti; Diolinda Franciele Winterhalter","Cleonice Maria Tomazzetti","FPOAE"
"https://openalex.org/W2959262105","10.4322/2526-8910.ctoao1631","Histórias da terapia ocupacional na América Latina: a primeira década de criação dos programas de formação profissional","2019","Cadernos Brasileiros de Terapia Ocupacional ","https://openalex.org/S4210189390","0104-4931","https://doi.org/10.4322/2526-8910.ctoao1631","aberto","Gustavo Artur Monzeli; Rodolfo Morrison; Roseli Esquerdo Lopes","Roseli Esquerdo Lopes","HFSE"
"https://openalex.org/W2946525878","10.31418/2177-2770.2019.v11.c.1.p252-282","IDENTIDADES, PERTENCIMENTOS E AS CIÊNCIAS EXATAS E TECNOLÓGICAS","2019","Revista da Associação Brasileira de Pesquisador s Negr s - ABPN","https://openalex.org/S4210214628","2177-2770","https://doi.org/10.31418/2177-2770.2019.v11.c.1.p252-282","aberto","Carolina Rodrigues de Souza; Ana Cristina Juvenal da Cruz; Alice Helena Campos Pierson; Douglas Verrangia","Alice Helena Campos Pierson; Carolina Rodrigues de Souza; Ana Cristina Juvenal da Cruz; Douglas Verrangia Correa da Silva","ECM; RED"
"https://openalex.org/W2907910045","10.14244/198271992498","Imagem, biopoder e racismo nas instituições de educação infantil (Image, biopower and racism in child education institutions)","2019","Revista Eletrônica de Educação","https://openalex.org/S2736679368","1982-7199","https://doi.org/10.14244/198271992498","aberto","Edmacy Quirina de Souza; Nilson Fernandes Dinis","Nilson Fernandes Dinis","ECS"
"https://openalex.org/W2942196332","10.15600/2238-121x/comunicacoes.v26n1p27-48","Indicações oficiais e resultados iniciais da política de ampliação do ensino fundamental","2019","Comunicações","https://openalex.org/S4210224284","0104-8481","https://doi.org/10.15600/2238-121x/comunicacoes.v26n1p27-48","aberto","Jaqueline Cristina da Silva; Géssica Priscila Ramos","Gessica Priscila Ramos","EPFH"
"https://openalex.org/W2561369476","10.24109/2176-6681.rbep.81i199.960","Infância, catequese e aculturação no Brasil do século 16","2019","Revista Brasileira de Estudos Pedagógicos","https://openalex.org/S2737504546","0034-7183","https://doi.org/10.24109/2176-6681.rbep.81i199.960","aberto","Marisa Bittar; Amarílio Júnior","Marisa Bittar","HFSE"
"https://openalex.org/W2933611567","10.14393/repod.issn.2238-8346.v6n2a2017-03","Jovens em situação de privação de liberdade no Brasil","2019","Revista Educação e Políticas em Debate","https://openalex.org/S4210220395","2238-8346","https://doi.org/10.14393/repod.issn.2238-8346.v6n2a2017-03","aberto","Kátia Aparecida da Silva Nunes Miranda; Elenice Maria Cammarosano Onofre","Elenice Maria Cammarosano Onofre","EPFH"
"https://openalex.org/W2999932840","10.5354/0719-5346.2019.52375","Juventudes do campo no Brasil","2019","Revista Chilena de Terapia Ocupacional","https://openalex.org/S4210173032","0717-6767","https://doi.org/10.5354/0719-5346.2019.52375","aberto","Magno Nunes Farias; Wender Faleiro; Roseli Esquerdo Lopes","Roseli Esquerdo Lopes","HFSE"
"https://openalex.org/W2967603608","10.5354/0719-5346.2019.53684","La enseñanza de la Terapia Ocupacional social en las instituciones federales de educación superior en Brasil","2019","Revista Chilena de Terapia Ocupacional","https://openalex.org/S4210173032","0717-6767","https://doi.org/10.5354/0719-5346.2019.53684","aberto","Lívia Celegati Pan; Roseli Esquerdo Lopes","Roseli Esquerdo Lopes","HFSE"
"https://openalex.org/W2974505260","10.9771/gmed.v11i1.30569","La posmodernidad y la autenticidad patrimonial en su relación con la cultura campesina y la educación media en Cuba y Brasil","2019","Germinal Marxismo e Educação em Debate","https://openalex.org/S2739076525","2175-5604","https://doi.org/10.9771/gmed.v11i1.30569","aberto","Luiz Bezerra Neto; Juan Carlos Rodríguez Cruz","Luiz Bezerra Neto","EPFH"
"https://openalex.org/W2953854042","10.24065/2237-9460.2019v9n3id943","La posmodernidad y las nuevas tecnologías en los contextos educativos cubano y brasileño","2019","Revista Exitus","https://openalex.org/S4210238501","2236-2983","https://doi.org/10.24065/2237-9460.2019v9n3id943","aberto","Juan Carlos Rodríguez Cruz; Luiz Bezerra Neto","Luiz Bezerra Neto","EPFH"
"https://openalex.org/W2954154993","10.22535/cpe.v0i48.20781","LEITURA DIALÓGICA NA EDUCAÇÃO DE JOVENS E ADULTOS: ATUAÇÕES EDUCATIVAS DE ÊXITO EM UMA COMUNIDADE DE APRENDIZAGEM","2019","Cadernos de Pesquisa em Educação","https://openalex.org/S4210177633","1519-4507","https://doi.org/10.22535/cpe.v0i48.20781","aberto","Larissa De Freitas Vieira; Roseli Rodrigues de Mello","Roseli Rodrigues de Mello","EETPC"
"https://openalex.org/W2946692264","10.20396/rho.v19i0.8653382","Lengua, lenguaje e identidad cultural en el contexto cubano","2019","Revista HISTEDBR On-line","https://openalex.org/S4210224784","1676-2584","https://doi.org/10.20396/rho.v19i0.8653382","aberto","Juan Carlos Rodríguez Cruz; Luiz Bezerra Neto; Maria Cristina dos Santos Bezerra","Luiz Bezerra Neto; Maria Cristina dos Santos","EPFH; RED"
"https://openalex.org/W2946621408","10.9771/gmed.v10i3.28520","Luta pela terra e educação no campo: um olhar crítico para nossa trajetória","2019","Germinal Marxismo e Educação em Debate","https://openalex.org/S2739076525","2175-5604","https://doi.org/10.9771/gmed.v10i3.28520","aberto","Junior Cesar Luna; Luiz Bezerra Neto","Luiz Bezerra Neto","EPFH"
"https://openalex.org/W2973286685","10.20396/riesup.v6i0.8655096","Mecanismos de avaliação e regulação da Universidade Federal Brasileira no REUNI","2019","Revista Internacional de Educação Superior","https://openalex.org/S4210183452","2446-9424","https://doi.org/10.20396/riesup.v6i0.8655096","aberto","Géssica Priscila Ramos; José Carlos Rothen; Maria Cristina da Silveira Galan Fernandes","Gessica Priscila Ramos; Jose Carlos Rothen; Maria Cristina da Silveira Galan Fernandes","EPFH"
"https://openalex.org/W2971550409","10.26694/les.v0i42.8553","MEMORIAIS DE FORMAÇÃO: REFLETINDO SOBRE A CONSTRUÇÃO E (RE) SIGNIFICAÇÃO DA IDENTIDADE DOCENTE NA EDUCAÇÃO INFANTIL","2019","Linguagens Educação e Sociedade","https://openalex.org/S4387283854","2447-6293","https://doi.org/10.26694/les.v0i42.8553","aberto","Jéssica Francine Ferreira da Silva; Ana Paula Gestoso de Souza","Ana Paula Gestoso de Souza","FPOAE"
"https://openalex.org/W2908012346","10.25090/remat25269062v16n212019p38a56","Modelagem Matemática na Educação Matemática: uma legitimação do discurso curricular","2019","Revista de Educação Matemática","https://openalex.org/S4210206594","1676-8868","https://doi.org/10.25090/remat25269062v16n212019p38a56","aberto","Ademir Donizeti Caldeira; Maria Carolina Machado Magnus; Claúdia Glavam Duarte","Ademir Donizeti Caldeira","ECM"
"https://openalex.org/W2998362161","10.17648/2238-037x-trabedu-v28n3-15366","MUNDIALIZAÇÃO DA EDUCAÇÃO SUPERIOR","2019","Trabalho & Educação","https://openalex.org/S4210233084","1516-9537","https://doi.org/10.17648/2238-037x-trabedu-v28n3-15366","aberto","João dos Reis Silva Júnior; Everton Henrique Eleutério Fargoni","Joao dos Reis Silva Junior","EPFH"
"https://openalex.org/W2971941335","10.14244/198271993522","Mundialização financeira, dependência e mudanças institucionais: notas econômicas e políticas sobre as reformas no Brasil atual (Financial globalization, dependency and institutional changes: economic and political notes on the reforms in Brazil)","2019","Revista Eletrônica de Educação","https://openalex.org/S2736679368","1982-7199","https://doi.org/10.14244/198271993522","aberto","João dos Reis Silva Júnior","Joao dos Reis Silva Junior","EPFH"
"https://openalex.org/W3195678942","10.19180/1809-2667.v21n32019p359-378","Narrativas de Professoras Iniciantes: Uma Análise das Formações Identitárias","2019","Vértices","https://openalex.org/S2739108508","1415-2843","https://doi.org/10.19180/1809-2667.v21n32019p359-378","aberto","Tarciana dos Santos Pinheiro; Ana Paula Gestoso de Souza","Ana Paula Gestoso de Souza","FPOAE"
"https://openalex.org/W2990180940","10.7867/1809-0354.2019v14n2s1p745-771","O DOCENTE EM FORMAÇÃO E O DOCENTE FORMADOR: UMA VISÃO SOBRE A TECNOLOGIA DIGITAL NA GRADE CURRICULAR","2019","Atos de Pesquisa em Educação","https://openalex.org/S4210225567","1809-0354","https://doi.org/10.7867/1809-0354.2019v14n2s1p745-771","aberto","Patricia Mirella de Paulo Falcão; Daniel Mill","Daniel Ribeiro Silva Mill","ECS"
"https://openalex.org/W2971499866","10.14244/198271993549","O ensino superior e a Nova Gestão Pública: aproximações do caso brasileiro com o francês (Higher education and the new public management: comparisons between the Brazilian and French cases)","2019","Revista Eletrônica de Educação","https://openalex.org/S2736679368","1982-7199","https://doi.org/10.14244/198271993549","aberto","José Carlos Rothen","Jose Carlos Rothen","EPFH"
"https://openalex.org/W2971876690","10.23925/1983-3156.2018v21i2p023-043","O enunciado “é importante formar sujeitos críticos e reflexivos” nas tramas discursivas da modelagem matemática: uma problematização The statement “it is importante to form critical and reflective subjects” in the discursive matches of mathematical modeling: a problematization","2019","Educação Matemática Pesquisa Revista do Programa de Estudos Pós-Graduados em Educação Matemática","https://openalex.org/S4210175120","1516-5388","https://doi.org/10.23925/1983-3156.2018v21i2p023-043","aberto","Maria Carolina Machado Magnus; Ademir Donizeti Caldeira; Claúdia Glavam Duarte","Ademir Donizeti Caldeira","ECM"
"https://openalex.org/W2941920609","10.15600/2238-121x/comunicacoes.v26n1p165-179","O espetáculo de si: uma proposição sobre a atualidade da sociedade do espetáculo","2019","Comunicações","https://openalex.org/S4210224284","0104-8481","https://doi.org/10.15600/2238-121x/comunicacoes.v26n1p165-179","aberto","Marsiel Pacífico; Luiz Roberto Gomes","Luiz Roberto Gomes","ECS"
"https://openalex.org/W2971338790","10.24933/horizontes.v37i0.695","O fazer musical de crianças em experiências de musicalização infantil","2019","Horizontes","https://openalex.org/S4210198334","0103-7706","https://doi.org/10.24933/horizontes.v37i0.695","aberto","Mariane Cristina Souza de Oliveira; Aline Sommerhalder; Ilza Leme Zenker Joly","Aline Sommerhalder","EETPC"
"https://openalex.org/W3004263390","10.18764/2178-2229.v26n3p145-163","O IMPACTO DOS RESULTADOS DO SARESP NA AÇÃO DOCENTE NOS ANOS INICIAIS DO ENSINO FUNDAMENTAL","2019","Cadernos de Pesquisa","https://openalex.org/S189127735","0102-4175","https://doi.org/10.18764/2178-2229.v26n3p145-163","aberto","Karina Machado; María Iolanda Monteiro","Maria Iolanda Monteiro","ECS"
"https://openalex.org/W2996905067","10.22294/eduper/ppge/ufv.v10i0.6971","O início da docência em dois países","2019","Educação em Perspectiva","https://openalex.org/S2737779140","2178-258X","https://doi.org/10.22294/eduper/ppge/ufv.v10i0.6971","aberto","Rosa Maria Moraes Anunciato","Rosa Maria Moraes Anunciato","FPOAE"
"https://openalex.org/W2738179983","10.24109/2176-6681.rbep.86i212.856","O Instituto Nacional de Estudos Pedagógicos: uma leitura da RBEP","2019","Revista Brasileira de Estudos Pedagógicos","https://openalex.org/S2737504546","0034-7183","https://doi.org/10.24109/2176-6681.rbep.86i212.856","aberto","José Carlos Rothen","Jose Carlos Rothen","EPFH"
"https://openalex.org/W2967201966","10.24109/2176-6681.rbep.100i255.4070","O lugar da pesquisa nos Centros Regionais de Pesquisa Educacional nos anos 1950 e 1960: revisitando experiências de educação popular a partir do paradigma indiciário","2019","Revista Brasileira de Estudos Pedagógicos","https://openalex.org/S2737504546","0034-7183","https://doi.org/10.24109/2176-6681.rbep.100i255.4070","aberto","Luiz Gonçalves; Jaime José Zitkoski","Luiz Gonçalves Junior","PSPE"
"https://openalex.org/W2979663150","10.4025/tpe.v22i2.45423","O pacto com a leitura e escrita no Estado da Bahia: normalização, disciplina e controle para governar a infância","2019","Teoria e Prática da Educação","https://openalex.org/S4210190143","1415-837X","https://doi.org/10.4025/tpe.v22i2.45423","aberto","Reginaldo Santos Pereira; Nilson Fernandes Dinis","Nilson Fernandes Dinis","ECS"
"https://openalex.org/W2999110237","10.12957/e-mosaicos.2019.46487","O Proeja no IFSP diante das políticas curriculares para o Ensino Médio","2019","e-Mosaicos","https://openalex.org/S4210174010","2316-9303","https://doi.org/10.12957/e-mosaicos.2019.46487","aberto","Jarina Rodrigues Fernandes; Ana Paula Corti; Michelle Chaves da Silva","Jarina Rodrigues Fernandes","EETPC"
"https://openalex.org/W2970276713","10.18676/cadernoscenpec.v9i1.459","O projeto de “Africanidade global” para uma escrita da história da diáspora africana","2019","Cadernos Cenpec | Nova série","https://openalex.org/S2738427715","2237-9983","https://doi.org/10.18676/cadernoscenpec.v9i1.459","aberto","Ana Cristina Juvenal da Cruz","Ana Cristina Juvenal da Cruz","RED"
"https://openalex.org/W2946286491","10.30905/ded.v3i1.131","O PROJETO ESCOLA “SEM” PARTIDO COMO UMA FALSA PROJEÇÃO DO CAMPO EDUCACIONAL","2019","DEVIR EDUCAÇÃO","https://openalex.org/S4210191429","2526-849X","https://doi.org/10.30905/ded.v3i1.131","aberto","Michel Pisa Carnio; Marcos César Danhoni Neves","Michel Pisa Carnio","ECM"
"https://openalex.org/W2472275581","10.24109/2176-6681.rbep.91i229.634","O que é ""desenvolver o raciocínio lógico""? Considerações a partir do livro Alice no País das Maravilhas","2019","Revista Brasileira de Estudos Pedagógicos","https://openalex.org/S2737504546","0034-7183","https://doi.org/10.24109/2176-6681.rbep.91i229.634","aberto","Denise Silva Vilela; Deiziele Dorta; -","Denise Silva Vilela","ECM"
"https://openalex.org/W2942851378","10.5585/eccos.n48.7876","O Termo Qualidade na Revista Ensino Superior: uma pesquisa que buscou a concepção de qualidade no Ensino Superior Privado","2019","EccoS – Revista Científica","https://openalex.org/S4210177415","1517-1949","https://doi.org/10.5585/eccos.n48.7876","aberto","Letícia Bortolin; José Carlos Rothen","Jose Carlos Rothen","EPFH"
"https://openalex.org/W2964647739","10.5212/praxeduc.v.15.12999.001","Percursos identitários do início da atividade profissional de uma professora de Matemática","2019","Praxis Educativa","https://openalex.org/S4210204466","1809-4031","https://doi.org/10.5212/praxeduc.v.15.12999.001","aberto","Klinger Teodoro Ciríaco; Maria Raquel Miotto Morelatti","Klinger Teodoro Ciríaco","FPOAE"
"https://openalex.org/W2942560524","10.31892/rbpab2525-426x.2019.v04.n10.p14-20","Percursos narrativos em educação matemática","2019","Revista Brasileira de Pesquisa (Auto)Biográfica","https://openalex.org/S4210217422","2525-426X","https://doi.org/10.31892/rbpab2525-426x.2019.v04.n10.p14-20","aberto","Adair Mendes Nacarato; Cármen Lúcia Brancaglion Passos; Celi Espasandin Lopes","Carmen Lucia Brancaglion Passos","ECM"
"https://openalex.org/W2998575048","10.7213/1981-416x.19.063.ao01","Pesquisa bibliográfica em educação: análise de conteúdo em revisões críticas da produção científica em educação","2019","Revista Diálogo Educacional","https://openalex.org/S4306527104","1518-3483","https://doi.org/10.7213/1981-416x.19.063.ao01","aberto","Bruno Cortegoso Prezenszky; Roseli Rodrigues de Mello","Roseli Rodrigues de Mello","EETPC"
"https://openalex.org/W3038217277","10.19091/reced.vi0.838","Pesquisa como ato político na contemporaneidade, A","2019","REVISTA DE CIÊNCIAS DA EDUCAÇÃO","https://openalex.org/S2736723182","1518-7039","https://doi.org/10.19091/reced.vi0.838","aberto","Luís Antônio Groppo","Luís Antonio Groppo","HFSE"
"https://openalex.org/W2945858963","10.3895/actio.v4n1.8623","Pesquisas de professoras elaboradas no contexto do mestrado profissional em educação da UFSCar","2019","ACTIO Docência em Ciências","https://openalex.org/S4210217385","2525-8923","https://doi.org/10.3895/actio.v4n1.8623","aberto","Maria do Carmo de Sousa","Maria do Carmo de Sousa","ECM"
"https://openalex.org/W2981808669","10.18675/1981-8106.vol29.n61.p422-439","POLÍTICA DE AMPLIAÇÃO DO ENSINO FUNDAMENTAL: A CRIANÇA INGRESSANTE E SUA EDUCAÇÃO NOS DOCUMENTOS OFICIAIS","2019","Educação","https://openalex.org/S2738946615","1517-9869","https://doi.org/10.18675/1981-8106.vol29.n61.p422-439","aberto","Jaqueline Cristina da Silva; Géssica Priscila Ramos","Gessica Priscila Ramos","EPFH"
"https://openalex.org/W2737259677","10.24109/2176-6681.rbep.80i195.989","Política educacional: um estudo comparativo sobre os impactos de um novo modelo pedagógico","2019","Revista Brasileira de Estudos Pedagógicos","https://openalex.org/S2737504546","0034-7183","https://doi.org/10.24109/2176-6681.rbep.80i195.989","aberto","Aline Maria de Medeiros Rodrigues Reali; V.M. Iraola Calvo","Aline Maria de Medeiros Rodrigues Reali","FPOAE"
"https://openalex.org/W2977829596","10.18222/eae.v30i74.5831","Políticas de cotas: um estudo de meta-avaliação nas universidades estaduais paranaenses","2019","Estudos em Avaliação Educacional","https://openalex.org/S4210176890","0103-6831","https://doi.org/10.18222/eae.v30i74.5831","aberto","Andreliza Cristina de Souza; José Carlos Rothen","Jose Carlos Rothen","EPFH"
"https://openalex.org/W2933760262","10.14393/repod.issn.2238-8346.v6n2a2017-09","Políticas educacionais para a Educação do Campo: uma análise histórica","2019","Revista Educação e Políticas em Debate","https://openalex.org/S4210220395","2238-8346","https://doi.org/10.14393/repod.issn.2238-8346.v6n2a2017-09","aberto","Klívia de Cássia Silva Nunes; Luiz Bezerra Neto","Luiz Bezerra Neto","EPFH"
"https://openalex.org/W2934642109","10.33871/nupem.v11i22.527","Processos de constituição da docência: trajetórias de vida pessoal e profissional","2019","Revista NUPEM","https://openalex.org/S2737385783","2175-7429","https://doi.org/10.33871/nupem.v11i22.527","aberto","Aline Maria de Medeiros Rodrigues Reali; Ana Paula Gestoso de Souza; Eliana Marques Ribeiro Cruz","Ana Paula Gestoso de Souza","FPOAE"
"https://openalex.org/W2975532917","10.1590/s1414-40772019000200005","Produção de conhecimento sobre avaliação educacional publicada no Brasil durante a década de 1980","2019","Avaliação Revista da Avaliação da Educação Superior (Campinas)","https://openalex.org/S4210180283","1414-4077","https://doi.org/10.1590/s1414-40772019000200005","aberto","Regilson Maciel Borges; José Carlos Rothen","Jose Carlos Rothen","EPFH"
"https://openalex.org/W3084141335","10.35699/2238-037x.2019.9869","PRODUÇÕES CIENTÍFICAS SOBRE A EDUCAÇÃO A DISTÂNCIA E O TRABALHO DOCENTE NESSA MODALIDADE","2019","Trabalho & Educação","https://openalex.org/S4210233084","1516-9537","https://doi.org/10.35699/2238-037x.2019.9869","aberto","Braian Veloso; Daniel Mill","Braian Garrito Veloso; Daniel Ribeiro Silva Mill","ECS"
"https://openalex.org/W2937248912","10.18568/cmc.v16i45.1778","Propaganda, alienação e sedução: o rompimento ontológico homem-trabalho como fundamento do protagonismo social das imagens","2019","Comunicação, Mídia e Consumo","https://openalex.org/S2738591941","1806-4981","https://doi.org/10.18568/cmc.v16i45.1778","aberto","Marsiel Pacífico; Luiz Roberto Gomes","Luiz Roberto Gomes","ECS"
"https://openalex.org/W2994862359","10.1590/es0101-73302019230375","REAFIRMAR A DEFESA DO SISTEMA DE CIÊNCIA, TECNOLOGIA E ENSINO SUPERIOR PÚBLICO BRASILEIRO","2019","Educação & Sociedade","https://openalex.org/S2737687728","0101-7330","https://doi.org/10.1590/es0101-73302019230375","aberto","Salomão Barros Ximenes; Ivany Rodrigues Pino; Theresa Adrião; Luana Costa Almeida; Antônio Álvaro Soares Zuin; Carmen Sylvia Vidigal Moraes; Celso João Ferretti; Pedro Goergen; Sandra Maria Zákia Lian Sousa","Luana Costa Almeida; Antonio Alvaro Soares Zuin","EETPC; ECS"
"https://openalex.org/W2971623113","10.14244/198271993544","Reflexões sobre a produção do conhecimento no campo acadêmico-científico: illusio e meritocracia (Reflections on the production of knowledge in the academic-scientific field: illusio and meritocracy)","2019","Revista Eletrônica de Educação","https://openalex.org/S2736679368","1982-7199","https://doi.org/10.14244/198271993544","aberto","Maria Cristina da Silveira Galan Fernandes","Maria Cristina da Silveira Galan Fernandes","EPFH"
"https://openalex.org/W2956004883","10.5007/2175-795x.2019.e53018","Relações étnico-raciais na formação de professores/as de teatro","2019","Perspectiva","https://openalex.org/S2737309421","0102-5473","https://doi.org/10.5007/2175-795x.2019.e53018","aberto","Monique Priscila de Abreu Reis; Tatiane Cosentino Rodrigues","Tatiane Cosentino Rodrigues","RED"
"https://openalex.org/W2949156409","10.5205/1981-8963.2019.240054","Saúde sexual e reprodutiva no puerpério: vivências de mulheres","2019","Revista de Enfermagem UFPE on line","https://openalex.org/S4306526703","1981-8963","https://doi.org/10.5205/1981-8963.2019.240054","aberto","Giovanna Brunna da Silva Justino; Natália Rejane Salim; Glauce Cristine Ferreira Soares; Nayara Girardi Baraldi; Iraí Maria de Campos Teixeira","Iraí Maria de Campos Teixeira; Natália Rejane Salim","PSPE"
"https://openalex.org/W2907631715","10.26512/lc.v25.2019.19844","sociedade de risco e a noção de cidadania: desafios para a educação científica e tecnológica","2019","Linhas Crí­ticas","https://openalex.org/S4210172282","1516-4896","https://doi.org/10.26512/lc.v25.2019.19844","aberto","Maurício Pietrocola; Carolina Rodrigues de Souza","Carolina Rodrigues de Souza","ECM"
"https://openalex.org/W2922265658","10.24933/horizontes.v37i0.551","Tecnologia informática e matemática nos anos iniciais: analisando um processo formativo com estudantes de pedagogia e professores","2019","Horizontes","https://openalex.org/S4210198334","0103-7706","https://doi.org/10.24933/horizontes.v37i0.551","aberto","Ana Paula Gestoso de Souza; Cármen Lúcia Brancaglion Passos","Carmen Lucia Brancaglion Passos; Ana Paula Gestoso de Souza","ECM; FPOAE"
"https://openalex.org/W2919022026","10.5902/1984644430629","Tecnologias Etéreas e a Educação Profissional: refletindo a gestão educacional pela teoria crítica","2019","Educação (UFSM)","https://openalex.org/S2738869710","0101-9031","https://doi.org/10.5902/1984644430629","aberto","Darlan Marcelo Delgado; Luiz Roberto Gomes; Maria Betânia Darcie Pessoa","Luiz Roberto Gomes","ECS"
"https://openalex.org/W3116461335","10.18224/educ.v22i1.6524","Uso dos Resultados das Avaliações Externas da Escola","2019","Revista Educativa - Revista de Educação","https://openalex.org/S2736632036","1415-0492","https://doi.org/10.18224/educ.v22i1.6524","aberto","Aisi Anne Ferreira Silveira; Luana Costa Almeida","Luana Costa Almeida","EETPC"
"https://openalex.org/W4252534671","10.4025/rbhe.v19i0.47242","Vinte anos da Sociedade Brasileira de História da Educação: com os olhos no futuro","2019","Revista Brasileira de História da Educação","https://openalex.org/S4210217483","1519-5902","https://doi.org/10.4025/rbhe.v19i0.47242","aberto","Marisa Bittar","Marisa Bittar","HFSE"
"https://openalex.org/W2969933148","10.4025/rbhe.v19.2019.e071","Vinte anos da Sociedade Brasileira de História da Educação: com os olhos no futuro","2019","Revista Brasileira de História da Educação","https://openalex.org/S4210217483","1519-5902","https://doi.org/10.4025/rbhe.v19.2019.e071","aberto","Marisa Bittar","Marisa Bittar","HFSE"
"https://openalex.org/W2979968752","10.4025/tpe.v22i2.46258","Violências e promoção de vida: diálogo de saberes na escola pública","2019","Teoria e Prática da Educação","https://openalex.org/S4210190143","1415-837X","https://doi.org/10.4025/tpe.v22i2.46258","aberto","Marilene Calderaro Munguba; Ana Cléa Vieira Veras Camurça Vieira; Ana Paula Malfitano Serrata Malfitano; Chrystiane Maria Veras Pôrto; Roseli Esquerdo Lopes","Roseli Esquerdo Lopes","HFSE"
"https://openalex.org/W2975941004","10.35168/2175-2613.utp.pens_ed.2019.vol14.n36.pp71-88","Você na Tela: o Youtube e a Compulsão por ser Percebido","2019","CADERNOS DE PESQUISA PENSAMENTO EDUCACIONAL","https://openalex.org/S4210227930","1980-9700","https://doi.org/10.35168/2175-2613.utp.pens_ed.2019.vol14.n36.pp71-88","aberto","Marsiel Pacífico; Luiz Roberto Gomes","Luiz Roberto Gomes","ECS"
"https://openalex.org/W2995658073","10.18226/21784612.v24.e019028","VOLUNTARIADO E HUMANIZAÇÃO COM PALHAÇOS: POR QUÊ? PARA QUÊ? INTERVENÇÕES EM CRIANÇAS HOSPITALIZADAS","2019","Conjectura filosofia e educação","https://openalex.org/S4210173757","0103-1457","https://doi.org/10.18226/21784612.v24.e019028","aberto","Aline Sommerhalder; Ana Maria Lino; Maria Elisa Nicolielo","Aline Sommerhalder","EETPC"
"https://openalex.org/W2967299559","10.23925/2176-901x.2019v22i1p185-207","Vulnerabilidade social e envelhecimento na América Latina. Uma revisão bibliográfica a partir das publicações da Comissão Econômica para a América Latina e o Caribe (CEPAL)","2019","Revista Kairós Gerontologia","https://openalex.org/S4210232649","1516-2567","https://doi.org/10.23925/2176-901x.2019v22i1p185-207","aberto","Claudia Reinoso Araújo de Carvalho; Ana Paula Serrata Malfitano; Roseli Esquerdo Lopes","Roseli Esquerdo Lopes","HFSE"
"https://openalex.org/W2903462244","10.5007/1981-1322.2018v13n1p147","“A matemática, ela assusta um pouco”: crença de autoeficácia e mudança de atitudes de estudantes de Pedagogia a partir da pesquisa na formação inicial","2018","Revista Eletrônica de Educação Matemática","https://openalex.org/S4210233558","1981-1322","https://doi.org/10.5007/1981-1322.2018v13n1p147","aberto","Klinger Teodoro Ciríaco; Nelson Antônio Pirola","Klinger Teodoro Ciríaco","FPOAE"
"https://openalex.org/W2903039130","10.26514/inter.v9i26.3122","“Com quantos paus se faz uma canoa?” Etnomatemática, interculturalidade e infância indígena na educação infantil urbana","2018","INTERFACES DA EDUCAÇÃO","https://openalex.org/S4210200240","2177-7691","https://doi.org/10.26514/inter.v9i26.3122","aberto","Klinger Teodoro Ciríaco","Klinger Teodoro Ciríaco","FPOAE"
"https://openalex.org/W2894060971","10.14295/momento.v27i1.5119","“Dores, dilemas e descobertas”: desafios de professores iniciantes na carreira do magistério","2018","Momento","https://openalex.org/S4210176317","0102-2717","https://doi.org/10.14295/momento.v27i1.5119","aberto","Marcela Marques Umbellino; Klinger Teodoro Ciríaco","Klinger Teodoro Ciríaco","FPOAE"
"https://openalex.org/W2801040596","10.47222/2526-3544.rbto11823","30 anos de encontros nacionais de docentes de terapia ocupacional: 1986-2016 / 30 years of National Meetings of Occupational Therapy Lecturers: 1986-2016","2018","Revista Interinstitucional Brasileira de Terapia Ocupacional - REVISBRATO","https://openalex.org/S4210184743","2526-3544","https://doi.org/10.47222/2526-3544.rbto11823","aberto","Michelle Hahn; Roseli Esquerdo Lopes; Ana Paula Serrata Malfitano; Pamela Cristina Bianchi","Roseli Esquerdo Lopes","HFSE"
"https://openalex.org/W2900881718","10.5216/rpp.v15i2.43209","A ARTE DE CONTAR HISTÓRIAS E SUAS RELAÇÕES COM AS PRÁTICAS DE LEITURA","2018","Poíesis Pedagógica","https://openalex.org/S4210238842","1679-2319","https://doi.org/10.5216/rpp.v15i2.43209","aberto","Lucimara Artussa; María Iolanda Monteiro","Maria Iolanda Monteiro","ECS"
"https://openalex.org/W4246517821","10.4013/edu.2018.224.07","A constituição de um projeto formativo: implicações para o professor que ensina matemática","2018","Educação Unisinos","https://openalex.org/S2736521713","1519-387X","https://doi.org/10.4013/edu.2018.224.07","aberto","Fabiana Fiorezi de Marco; Anemari Roesler Luersen Vieira Lopes; Manoel Oriosvaldo de Moura; Maria do Carmo de Sousa","Maria do Carmo de Sousa","ECM"
"https://openalex.org/W2784670805","10.5212/praxeduc.v.13i2.0005","A construção da identidade de uma mentora: o Programa de Formação Online de Mentores em foco","2018","Praxis Educativa","https://openalex.org/S4210204466","1809-4031","https://doi.org/10.5212/praxeduc.v.13i2.0005","aberto","Aline Maria de Medeiros Rodrigues Reali; Débora Cristina Massetto; Paula Grizzo Gobato; Fabiana Vigo Azevedo Borges","Aline Maria de Medeiros Rodrigues Reali","FPOAE"
"https://openalex.org/W2783240901","10.3895/rts.v14n30.4615","A criança e seu fascínio pelo mundo digital: o que o discurso nos revela","2018","Revista Tecnologia e Sociedade","https://openalex.org/S2736415861","1809-0044","https://doi.org/10.3895/rts.v14n30.4615","aberto","Patricia Mirella de Paulo Falcão; Daniel Mill","Daniel Ribeiro Silva Mill","ECS"
"https://openalex.org/W2886421897","10.1590/es0101-73302018v38n143ed","A EDUCAÇÃO BÁSICA BRASILEIRA EM RISCO","2018","Educação & Sociedade","https://openalex.org/S2737687728","0101-7330","https://doi.org/10.1590/es0101-73302018v38n143ed","aberto","Ivany Rodrigues Pino; Luana Costa Almeida; Antonio Álvaro Soarez Zuin; Carmen Sylvia Vidigal Moraes; Celso João Ferretti; Pedro Goergen; Salomão Barros Ximenes; Sandra Maria Zákia Lian Sousa; Theresa Adrião","Luana Costa Almeida","EETPC"
"https://openalex.org/W2898575794","10.1590/es0101-73302018v38n144ed","A EDUCAÇÃO NO ATUAL CENÁRIO POLÍTICO ECONÔMICO MUNDIAL: A DISPUTA ELEITORAL E OS RETROCESSOS NA EDUCAÇÃO","2018","Educação & Sociedade","https://openalex.org/S2737687728","0101-7330","https://doi.org/10.1590/es0101-73302018v38n144ed","aberto","Ivany Rodrigues Pino; Luana Costa Almeida; Antonio Álvaro Soarez Zuin; Carmen Sylvia Vidigal Moraes; Celso João Ferretti; Pedro Goergen; Salomão Barros Ximenes; Sandra Maria Zákia Lian Sousa; Theresa Adrião","Luana Costa Almeida","EETPC"
"https://openalex.org/W2908705785","10.22408/reva302018143130-139","A epistemologia do pensamento autoritário na educação à luz da Teoria Crítica: contribuições e desafios","2018","Revista Valore","https://openalex.org/S4210204833","2525-9008","https://doi.org/10.22408/reva302018143130-139","aberto","Michel Pisa Carnio; Marcos César Danhoni Neves","Michel Pisa Carnio","ECM"
"https://openalex.org/W2811466388","10.22409/tn.13i20.p8618","A ESCOLA DE GRAMSCI: VINTE E DOIS ANOS DEPOIS","2018","Revista Trabalho Necessário","https://openalex.org/S2737437775","1808-799X","https://doi.org/10.22409/tn.13i20.p8618","aberto","Paolo Nosella","Paolo Nosella","HFSE"
"https://openalex.org/W2913994230","10.20396/rho.v18i4.8653367","A extensão universitária: contribuições da Universidade Federal de São Carlos/UFSCAR para as relações étnico-raciais","2018","Revista HISTEDBR On-line","https://openalex.org/S4210224784","1676-2584","https://doi.org/10.20396/rho.v18i4.8653367","aberto","Danielle Souza Petto; Manoel Nelito Matheus Nascimento","Manoel Nelito Matheus Nascimento","RED"
"https://openalex.org/W2904369558","10.5007/2175-795x.2018v36n4p1378","A ideologia do agronegócio na educação básica","2018","Perspectiva","https://openalex.org/S2737309421","0102-5473","https://doi.org/10.5007/2175-795x.2018v36n4p1378","aberto","Victor Hugo Junqueira; Maria Cristina dos Santos Bezerra","Maria Cristina dos Santos","RED"
"https://openalex.org/W2912473279","10.14393/revedfil.issn.0102-6801.v32n66a2018-07","A indústria cultural algorítmica na era da Internet das Coisas","2018","EDUCAÇÃO E FILOSOFIA","https://openalex.org/S4210237095","0102-6801","https://doi.org/10.14393/revedfil.issn.0102-6801.v32n66a2018-07","aberto","Vânia Gomes Zuin; Antônio Álvaro Soares Zuin","Antonio Alvaro Soares Zuin","ECS"
"https://openalex.org/W2923695542","10.19132/1808-5245240.216-235","A influência de outliers nos estudos métricos da informação: uma análise de dados univariados","2018","Em Questão","https://openalex.org/S4210172795","1807-8893","https://doi.org/10.19132/1808-5245240.216-235","aberto","Luís Fernando Maia Lima; Alexandre Masson Maroldi; Dávilla Vieira Odízio da Silva; Carlos Roberto Massao Hayashi; María Cristina Piumbato Innocentini Hayashi","Carlos Roberto Massao Hayashi; Maria Cristina Piumbato Innocentini Hayashi","HFSE"
"https://openalex.org/W2808867238","10.20873/2526-1487v3n2p03","A malversação do reconhecimento no trabalho docente precarizado e intensificado","2018","Trabalho (En)Cena","https://openalex.org/S4210231624","2526-1487","https://doi.org/10.20873/2526-1487v3n2p03","aberto","Eduardo Pinto e Silva; Fábio Machado Ruza","Eduardo Pinto e Silva","EPFH"
"https://openalex.org/W2806271787","10.31418/2177-2770.2018.v10.n00.p572-593","A MENINA NEGRA NA FAMÍLIA E NA ESCOLA: O CURRÍCULO COMO POSSIBILIDADE","2018","Revista da Associação Brasileira de Pesquisador s Negr s - ABPN","https://openalex.org/S4210214628","2177-2770","https://doi.org/10.31418/2177-2770.2018.v10.n00.p572-593","aberto","Camila Simões Rosa; Elenice Maria Cammarosano Onofre","Elenice Maria Cammarosano Onofre","EPFH"
"https://openalex.org/W2806538930","10.17058/rea.v26i1.8773","A práxis histórica de Paulo Freire como fundamentação para as pesquisas sobre formação de educadores","2018","Reflexão e Ação","https://openalex.org/S2737402097","0103-8842","https://doi.org/10.17058/rea.v26i1.8773","aberto","Lucimara Cristina de Paula; Roseli Rodrigues de Mello","Roseli Rodrigues de Mello","EETPC"
"https://openalex.org/W2888023442","10.21723/riaee.v13.n3.2018.10211","A produção científica sobre educação indígena no Brasil: uma revisão narrativa","2018","Revista Ibero-Americana de Estudos em Educação","https://openalex.org/S2737552301","1982-5587","https://doi.org/10.21723/riaee.v13.n3.2018.10211","aberto","Alexandre Masson Maroldi; Luís Fernando Maia Lima; María Cristina Piumbato Innocentini Hayashi","Maria Cristina Piumbato Innocentini Hayashi","HFSE"
"https://openalex.org/W2963085029","10.24116/emd25266136v2n52018a01","A produção do conhecimento de grupos de pesquisas brasileiros acerca de atitudes em relação à Matemática","2018","Educação Matemática Debate","https://openalex.org/S4210174198","2526-6136","https://doi.org/10.24116/emd25266136v2n52018a01","aberto","Cíntia Raquel Ferreira Mercado de Almeida; Klinger Teodoro Ciríaco","Klinger Teodoro Ciríaco","FPOAE"
"https://openalex.org/W2903728115","10.18675/1981-8106.vol28.n57.p111-130","A PROPOSTA CURRICULAR DO ESTADO DE SÃO PAULO: A PERSPECTIVA DE PROFESSORES DE EDUCAÇÃO FÍSICA","2018","Educação","https://openalex.org/S2738946615","1517-9869","https://doi.org/10.18675/1981-8106.vol28.n57.p111-130","aberto","Raphael Felix Salomão; Fernando Donizete Alves","Fernando Donizete Alves","EETPC"
"https://openalex.org/W3134778061","10.29327/230485.1.1-8","A relação dialética entre os processos de ensino e de aprendizagem na perspectiva da teoria histórico-cultural","2018","Revista Eletrônica da Educação","https://openalex.org/S4210237804","2595-0401","https://doi.org/10.29327/230485.1.1-8","fechado","Abel Gustavo Garay González; Maria Aparecida Mello","Maria Aparecida Mello","EETPC"
"https://openalex.org/W2789130770","10.14244/198271991744","A teoria do professor refexivo na formação continuada de professores: discurso vazio de conteúdo","2018","Revista Eletrônica de Educação","https://openalex.org/S2736679368","1982-7199","https://doi.org/10.14244/198271991744","aberto","Silvia Helena Pienta Borges Barbosa; Maria Cristina da Silveira Galan Fernandes","Maria Cristina da Silveira Galan Fernandes","EPFH"
"https://openalex.org/W2783460603","10.14393/rep-v16n32017-rel01","A universidade, os jovens e o poder público na construção do Plano Municipal de Juventude de Alfenas, Minas Gerais","2018","Revista de Educação Popular","https://openalex.org/S2737653690","1678-5622","https://doi.org/10.14393/rep-v16n32017-rel01","aberto","Luís Antônio Groppo; Evandro Franco da Rocha; Isabella Silveir; Maria G. Lima Damasceno; Lívia Furtado Borges; Júnior Roberto Faria Trevisan; Enzo Goussain","Luís Antonio Groppo","HFSE"
"https://openalex.org/W2953701212","10.0000/rtpe.v20i1.44754","ADAPTAÇÕES E IMPROVISAÇÕES: A PEDAGOGIA JESUÍTICA NOS PRIMEIROS TEMPOS DO BRASIL COLONIAL","2018","Teoria e Prática da Educação","https://openalex.org/S4210190143","1415-837X","https://doi.org/10.0000/rtpe.v20i1.44754","aberto","Marisa Bittar; Amarílio Ferreira","Marisa Bittar","HFSE"
"https://openalex.org/W4246482118","10.4025/tpe.v20i1.44754","ADAPTAÇÕES E IMPROVISAÇÕES: A PEDAGOGIA JESUÍTICA NOS PRIMEIROS TEMPOS DO BRASIL COLONIAL","2018","Teoria e Prática da Educação","https://openalex.org/S4210190143","1415-837X","https://doi.org/10.4025/tpe.v20i1.44754","aberto","Marisa Bittar; Amarílio Ferreira","Marisa Bittar","HFSE"
"https://openalex.org/W2887764437","10.29181/2594-6463.2018.v2.n2.p91-105","Africanidades para e na educação das relações étnico-raciais","2018","MOTRICIDADES Revista da Sociedade de Pesquisa Qualitativa em Motricidade Humana","https://openalex.org/S4210194316","2594-6463","https://doi.org/10.29181/2594-6463.2018.v2.n2.p91-105","aberto","Aline de Souza Denzin; Luiz Gonçalves","Luiz Gonçalves Junior","PSPE"
"https://openalex.org/W4253003634","10.29181/2594-6463-2018-v2-n2-p91-105","Africanidades para e na educação das relações étnico-raciais","2018","MOTRICIDADES Revista da Sociedade de Pesquisa Qualitativa em Motricidade Humana","https://openalex.org/S4210194316","2594-6463","https://doi.org/10.29181/2594-6463-2018-v2-n2-p91-105","aberto","Aline de Souza Denzin; Luiz Gonçalves","Luiz Gonçalves Junior","PSPE"
"https://openalex.org/W2946424804","10.21747/16463153/37a4","Agradecimentos em artigos científicos: o ponto de vista de pesquisadores","2018","Prisma Com","https://openalex.org/S4210167544","1646-3153","https://doi.org/10.21747/16463153/37a4","aberto","María Cristina Piumbato Innocentini Hayashi","Maria Cristina Piumbato Innocentini Hayashi","HFSE"
"https://openalex.org/W2914447395","10.5585/eccos.n47.10757","Americanismo, O novo marco de Ciência, Tecnologia e Inovação: sequestro do fundo público pelo capital financeiro","2018","EccoS – Revista Científica","https://openalex.org/S4210177415","1517-1949","https://doi.org/10.5585/eccos.n47.10757","aberto","João dos Reis Silva Júnior; Fabíola Bouth Grello Kato; José Augusto Ewerton","Joao dos Reis Silva Junior","EPFH"
"https://openalex.org/W2908790252","10.12957/epp.2018.38813","Análise em gênero, educação e tecnologias nas preferências e percepção de adolescentes em acesso à Internet","2018","Estudos e Pesquisas em Psicologia","https://openalex.org/S4210189767","1676-3041","https://doi.org/10.12957/epp.2018.38813","aberto","Erika Giacometti Rocha Berribili; Daniel Mill","Daniel Ribeiro Silva Mill","ECS"
"https://openalex.org/W2902953893","10.1590/2175-623684908","As Armadilhas do Discurso sobre a Avaliação da Educação Superior","2018","Educação & Realidade","https://openalex.org/S2739092582","0100-3143","https://doi.org/10.1590/2175-623684908","aberto","José Carlos Rothen; Andréia da Cunha Malheiros Santana; Regilson Maciel Borges","Jose Carlos Rothen","EPFH"
"https://openalex.org/W2949133667","10.0000/rtpe.v21i1.43958","AS IDEIAS PEDAGÓGICAS DE ROUSSEAU E PESTALOZZI: APONTAMENTOS SOBRE O PROJETO DE MASCULINIDADE ILUMINISTA","2018","Teoria e Prática da Educação","https://openalex.org/S4210190143","1415-837X","https://doi.org/10.0000/rtpe.v21i1.43958","aberto","Alexandre Rodrigo Nishiwaki da Silva; Celso Luiz Aparecido Conti","Celso Luiz Aparecido Conti; Alexandre Rodrigo Nishiwaki da Silva","EETPC; FPOAE"
"https://openalex.org/W4254660057","10.4025/tpe.v21i1.43958","AS IDEIAS PEDAGÓGICAS DE ROUSSEAU E PESTALOZZI: APONTAMENTOS SOBRE O PROJETO DE MASCULINIDADE ILUMINISTA","2018","Teoria e Prática da Educação","https://openalex.org/S4210190143","1415-837X","https://doi.org/10.4025/tpe.v21i1.43958","aberto","Alexandre Rodrigo Nishiwaki da Silva; Celso Luiz Aparecido Conti","Celso Luiz Aparecido Conti; Alexandre Rodrigo Nishiwaki da Silva","EETPC; FPOAE"
"https://openalex.org/W4234926699","10.5212/olharprofr.v.18.6767","AS VOZES DAS PROFESSORAS DA CRECHE: UM ESTUDO COMPARTILHADO ENTRE ESCOLA E UNIVERSIDADE SOBRE A PROFISSIONALIZAÇÃO DOCENTE","2018","Olhar de Professor","https://openalex.org/S4210229168","1518-5648","https://doi.org/10.5212/olharprofr.v.18.6767","aberto","Márcia Regina Onofre; Andressa de Oliveira Martins","Márcia Regina Onofre","FPOAE"
"https://openalex.org/W2802430322","10.18222/eae.v0ix.4507","Avaliação na educação infantil e formação contínua de professores","2018","Estudos em Avaliação Educacional","https://openalex.org/S4210176890","0103-6831","https://doi.org/10.18222/eae.v0ix.4507","aberto","J. Moreira; Cleonice Maria Tomazzetti","Cleonice Maria Tomazzetti","FPOAE"
"https://openalex.org/W2803055102","10.20435/serie-estudos.v23i47.1054","Brincando em sala na Educação Infantil? Reflexões acerca da organização dos espaços para experiências na primeira infância","2018","Série-Estudos - Periódico do Programa de Pós-Graduação em Educação da UCDB","https://openalex.org/S4210238243","1414-5138","https://doi.org/10.20435/serie-estudos.v23i47.1054","aberto","Maria Elisa Nicolielo; Aline Sommerhalder; Fernando Donizete Alves","Aline Sommerhalder; Fernando Donizete Alves","EETPC"
"https://openalex.org/W2782263317","10.1590/0102-4698172625","CAMINHOS DE APRENDIZ DE PROFESSORA: PROCESSOS IDENTITÁRIOS EM UMA COMUNIDADE DE APRENDIZAGEM ONLINE","2018","Educação em Revista","https://openalex.org/S4210230971","0102-4698","https://doi.org/10.1590/0102-4698172625","aberto","Rosana Martins; Rosa Maria Moraes Anunciato","Rosa Maria Moraes Anunciato","FPOAE"
"https://openalex.org/W2789176541","10.14244/198271992610","Carta ao Leitor","2018","Revista Eletrônica de Educação","https://openalex.org/S2736679368","1982-7199","https://doi.org/10.14244/198271992610","aberto","Cármen Lúcia Brancaglion Passos","Carmen Lucia Brancaglion Passos","ECM"
"https://openalex.org/W4241439536","10.14244/198271992766","Carta ao Leitor","2018","Revista Eletrônica de Educação","https://openalex.org/S2736679368","1982-7199","https://doi.org/10.14244/198271992766","aberto","Celso Luiz Aparecido Conti","Celso Luiz Aparecido Conti","EETPC"
"https://openalex.org/W2890845478","10.14244/198271992976","Carta ao Leitor","2018","Revista Eletrônica de Educação","https://openalex.org/S2736679368","1982-7199","https://doi.org/10.14244/198271992976","aberto","Carlos Roberto Massao Hayashi","Carlos Roberto Massao Hayashi","HFSE"
"https://openalex.org/W2896308840","10.22481/praxis.v14i30.4369","CARTAS QUE REVELAM A VIDA: HISTÓRIAS DE PROFESSORES INICIANTES DA ZONA RURAL","2018","Práxis Educacional","https://openalex.org/S4210197447","1809-0249","https://doi.org/10.22481/praxis.v14i30.4369","aberto","Lúcia Gracia Ferreira; Rosa Maria Moraes Anunciato","Rosa Maria Moraes Anunciato","FPOAE"
"https://openalex.org/W2894341072","10.22456/1982-8918.82908","CICLISMO URBANO COMO DIREITO HUMANO À MOBILIDADE ATIVA NA CIDADE DE SÃO PAULO","2018","Movimento (Porto Alegre)","https://openalex.org/S147589591","0104-754X","https://doi.org/10.22456/1982-8918.82908","aberto","Leandro Dri Manfiolete Troncoso; Rodolfo Franco Puttini; Luiz Gonçalves; Sergio Toro Arévalo","Luiz Gonçalves Junior","PSPE"
"https://openalex.org/W4254637613","10.5212/olharprofr.v.17.5657","CONHECENDO OS/AS PROFISSIONAIS DE CRECHE DO MUNICÍPIO DE DESCALVADO","2018","Olhar de Professor","https://openalex.org/S4210229168","1518-5648","https://doi.org/10.5212/olharprofr.v.17.5657","aberto","Maria Beatriz Jacomini; Aline Sommerhalder","Aline Sommerhalder","EETPC"
"https://openalex.org/W2794995357","10.23925/1809-3876.2018v16i1p60-81","CONHECIMENTO NA PERSPECTIVA INTERCULTURAL: UM ESTUDO NO ENSINO SUPERIOR DE MÚSICA","2018","Revista e-Curriculum","https://openalex.org/S4210187470","1809-3876","https://doi.org/10.23925/1809-3876.2018v16i1p60-81","aberto","Fernando Stanzione Galizia; Emilía Freitas de Lima","Emilia Freitas de Lima; Fernando Stanzione Galizia","EETPC"
"https://openalex.org/W2800973867","10.30612/eduf.v7i21.8076","Constituição de um grupo colaborativo em educação Matemática com professoras em início de carreira","2018","Educação e Fronteiras","https://openalex.org/S4210189492","1982-6273","https://doi.org/10.30612/eduf.v7i21.8076","aberto","Klinger Teodoro Ciríaco; Maria Raquel Miotto Morelatti; João Pedro da Ponte","Klinger Teodoro Ciríaco","FPOAE"
"https://openalex.org/W2905329677","10.24934/eef.v21i35.1352","Contribuições, sentidos e desafios da Iniciação Científica para o processo formativo do estudante universitário / Contributions, senses and challenges of Scientific Initiation to the formation process of university student","2018","Educação em Foco","https://openalex.org/S2737392348","1519-3322","https://doi.org/10.24934/eef.v21i35.1352","aberto","Maísa Aparecida de Oliveira; Maria Cristina da Silveira Galan Fernandes","Maria Cristina da Silveira Galan Fernandes","EPFH"
"https://openalex.org/W2895662095","10.4025/actascieduc.v40i4.37650","Cursos de graduação no Sinaes: a prática institucional entre parâmetros nacionais e internacionais de avaliação e acreditação da qualidade","2018","Acta Scientiarum Education","https://openalex.org/S2738354532","2178-5198","https://doi.org/10.4025/actascieduc.v40i4.37650","aberto","José Carlos Rothen; Joelma dos Santos Bernardes; Regilson Maciel Borges; Cláudia Maffini Griboski","Jose Carlos Rothen","EPFH"
"https://openalex.org/W2786123552","10.1080/02643944.2018.1453857","Cyberbullying bystanders and moral engagement: a psychosocial analysis for pastoral care","2018","Pastoral Care in Education","https://openalex.org/S198115067","0264-3944","https://doi.org/10.1080/02643944.2018.1453857","fechado","Chris Kyriacou; Antônio Álvaro Soares Zuin","Antonio Alvaro Soares Zuin","ECS"
"https://openalex.org/W2891419063","10.18226/21784612.v23.n2.9","DA MAGIA AO CIBERESPAÇO: A IMAGEM COMO MEDIAÇÃO DAS ANGÚSTIAS PRIMITIVAS","2018","Conjectura filosofia e educação","https://openalex.org/S4210173757","0103-1457","https://doi.org/10.18226/21784612.v23.n2.9","aberto","Marsiel Pacífico; Luiz Roberto Gomes","Luiz Roberto Gomes","ECS"
"https://openalex.org/W2801740643","10.15600/2238-121x/comunicacoes.v25n1p1-20","Dize-me o que ensinas, que eu te direi o que és (e quanto vales): a concepção de docente no Saresp","2018","Comunicações","https://openalex.org/S4210224284","0104-8481","https://doi.org/10.15600/2238-121x/comunicacoes.v25n1p1-20","aberto","Géssica Priscila Ramos; Nayane Moreno Perea","Gessica Priscila Ramos","EPFH"
"https://openalex.org/W2918270120","10.15601/f@d.v10i2.1645","DO PASSO DA TARTARUGA AO TRAÇADO DAS FIGURAS: uma experiência com polígonos regulares nos anos iniciais do Ensino Fundamental mediada pelo software Super LOGO 3.0","2018","Formação Docente","https://openalex.org/S4210220160","2237-0587","https://doi.org/10.15601/f@d.v10i2.1645","aberto","Klinger Teodoro Ciríaco","Klinger Teodoro Ciríaco","FPOAE"
"https://openalex.org/W2903618494","10.30612/tangram.v2i1.8856","Economia doméstica e educação financeira na escola: diferenças a partir do gênero","2018","TANGRAM - Revista de Educação Matemática","https://openalex.org/S4210207412","2595-0967","https://doi.org/10.30612/tangram.v2i1.8856","aberto","Luzia de Fátima Barbosa Fernandes; Denise Silva Vilela","Denise Silva Vilela","ECM"
"https://openalex.org/W2894893302","10.14507/epaa.26.4169","EdTech e políticas públicas: Para introduzir a questão","2018","Education Policy Analysis Archives","https://openalex.org/S137104927","1068-2341","https://doi.org/10.14507/epaa.26.4169","aberto","Lílian do Valle; Daniel Mill; Aldo Victório Filho","Daniel Ribeiro Silva Mill","ECS"
"https://openalex.org/W2910969687","10.1590/es0101-73302018v39n145ed","EDUCAÇÃO E CONSTITUINTE: CARTA DE GOIÂNIA REVISITADA","2018","Educação & Sociedade","https://openalex.org/S2737687728","0101-7330","https://doi.org/10.1590/es0101-73302018v39n145ed","aberto","Ivany Rodrigues Pino; Luana Costa Almeida; Antônio Álvaro Soares Zuin; Carmen Sylvia Vidigal Moraes; Celso João Ferretti; Pedro Goergen; Salomão Barros Ximenes; Sandra Maria Zákia Lian Sousa; Theresa Adrião","Luana Costa Almeida; Antonio Alvaro Soares Zuin","EETPC; ECS"
"https://openalex.org/W2899170630","10.7213/1981-416x.18.058.ds08","Educação híbrida e design instrucional: estudo de caso no Ensino Superior Tecnológico","2018","Revista Diálogo Educacional","https://openalex.org/S4306527104","1518-3483","https://doi.org/10.7213/1981-416x.18.058.ds08","aberto","Adriane Belluci Belório de Castro; Daniel Mill","Daniel Ribeiro Silva Mill","ECS"
"https://openalex.org/W2886086352","10.29181/2594-6463.2018.v2.n2.p76-90","Educação intercultural indígena: reflexões no contexto escolar Terena da aldeia Ekeruá","2018","MOTRICIDADES Revista da Sociedade de Pesquisa Qualitativa em Motricidade Humana","https://openalex.org/S4210194316","2594-6463","https://doi.org/10.29181/2594-6463.2018.v2.n2.p76-90","aberto","Denise Aparecida Corrêa; Fernanda Z. Arthuso","Denise Aparecida Correa","PSPE"
"https://openalex.org/W4251666303","10.29181/2594-6463-2018-v2-n2-p76-90","Educação intercultural indígena: reflexões no contexto escolar Terena da aldeia Ekeruá","2018","MOTRICIDADES Revista da Sociedade de Pesquisa Qualitativa em Motricidade Humana","https://openalex.org/S4210194316","2594-6463","https://doi.org/10.29181/2594-6463-2018-v2-n2-p76-90","aberto","Denise Aparecida Corrêa; Fernanda Z. Arthuso","Denise Aparecida Correa","PSPE"
"https://openalex.org/W2906826894","10.24317/2358-0399.2018v9i3.7747","EDUCAÇÃO MUSICAL HUMANIZADORA EM UM PROJETO DE EXTENSÃO: DESVELANDO PROCESSOS EDUCATIVOS","2018","Revista Brasileira de Extensão Universitária","https://openalex.org/S2738057158","1806-2695","https://doi.org/10.24317/2358-0399.2018v9i3.7747","aberto","Murilo Ferreira Velho de Arruda; Luiz Gonçalves; Bruna Fuentes da Costa","Luiz Gonçalves Junior","PSPE"
"https://openalex.org/W2901521364","10.7213/1981-416x.18.058.ed01","Educação, Tecnologias e Inclusão Digital","2018","Revista Diálogo Educacional","https://openalex.org/S4306527104","1518-3483","https://doi.org/10.7213/1981-416x.18.058.ed01","aberto","Sara Dias-Trindade; Daniel Mill; Alboni Marisa Dudeque Pianovski Vieira","Daniel Ribeiro Silva Mill","ECS"
"https://openalex.org/W2901934489","10.4322/2526-8910.ctoed2632","Em tempos difíceis, compartilhando boas notícias em meio a muito trabalho...","2018","Cadernos Brasileiros de Terapia Ocupacional ","https://openalex.org/S4210189390","0104-4931","https://doi.org/10.4322/2526-8910.ctoed2632","aberto","Roseli Esquerdo Lopes; Daniel Marinho Cezar da Cruz; Ana Paula Serrata Malfitano","Roseli Esquerdo Lopes","HFSE"
"https://openalex.org/W4247609415","10.5935/2238-1279.20180011","Ensino de nove anos: desafios e possibilidades de sua implementação","2018","Revista Educação e Cultura Contemporânea/Educação e Cultura Contemporânea","https://openalex.org/S4210197880","1807-2194","https://doi.org/10.5935/2238-1279.20180011","aberto","Mary Ellen Fernanda Zanini Lopes; Klinger Teodoro Ciríaco","Klinger Teodoro Ciríaco","FPOAE"
"https://openalex.org/W3011233514","10.33025/irdemcp2.v6i10.1960","Ensino superior e a formação do músico: docência e pesquisa","2018","Interlúdio - Revista do Departamento de Educação Musical do Colégio Pedro II","https://openalex.org/S4210218885","2236-1219","https://doi.org/10.33025/irdemcp2.v6i10.1960","aberto","Fernando Stanzione Galizia","Fernando Stanzione Galizia","EETPC"
"https://openalex.org/W2802362390","10.14572/nuances.v28i3.5149","ENTRE AÇÕES E EMOÇÕES: O PRIMEIRO ANO DE VIDA DO BEBÊ E A SINGULARIDADE DA PRÁTICA EDUCATIVA","2018","Nuances estudos sobre Educação","https://openalex.org/S4210191935","1413-9855","https://doi.org/10.14572/nuances.v28i3.5149","aberto","Lucinéia Maria Lazaretti; Maria Aparecida Mello","Maria Aparecida Mello","EETPC"
"https://openalex.org/W2904075340","10.18675/1981-8106.vol28.n58.p408-425","ESCOLAS MULTISSERIADAS E A PEDAGOGIA HISTÓRICO-CRÍTICA: INÍCIO DE UMA REFLEXÃO","2018","Educação","https://openalex.org/S2738946615","1517-9869","https://doi.org/10.18675/1981-8106.vol28.n58.p408-425","aberto","Klivia Cássia Silva Nunes; Maria Cristina dos Santos Bezerra","Maria Cristina dos Santos","RED"
"https://openalex.org/W2804417067","10.20396/rho.v18i1.8645922","Escolas multisseriadas rurais no Estado do Tocantins e pedagogia histórico-crítica: aproximações","2018","Revista HISTEDBR On-line","https://openalex.org/S4210224784","1676-2584","https://doi.org/10.20396/rho.v18i1.8645922","aberto","Klívia de Cássia Silva Nunes; Maria Cristina dos Santos Bezerra","Maria Cristina dos Santos","RED"
"https://openalex.org/W2790823941","10.1590/1981-7746-sol00111","ESTIGMA, INVISIBILIDADE E INTENSIFICAÇÃO DO TRABALHO: ESTRATÉGIAS DE ENFRENTAMENTO DO SOFRIMENTO PELOS ASSISTENTES EM ADMINISTRAÇÃO","2018","Trabalho Educação e Saúde","https://openalex.org/S2738869887","1678-1007","https://doi.org/10.1590/1981-7746-sol00111","aberto","Thiago Loureiro; Glauco Henrique de Sousa Mendes; Eduardo Pinto e Silva","Eduardo Pinto e Silva","EPFH"
"https://openalex.org/W2899463779","10.5935/1415-2762.20180067","Estratégias ativas de ensino e aprendizagem","2018","Reme Revista Mineira de Enfermagem","https://openalex.org/S4210169958","1415-2762","https://doi.org/10.5935/1415-2762.20180067","aberto","Márcia Regina Cangiani Fabbro; Natália Rejane Salim; Jamile Claro de Castro Bussadori; Aline Cristiane Cavicchioli Okido; Giselle Dupas","Natália Rejane Salim","PSPE"
"https://openalex.org/W2896801822","10.1590/s1413-65382418000400010","Estudo Bibliométrico dos Balanços da Produção Científica em Educacão Especial na Revista Brasileira de Educação Especial (1999-2017)1","2018","Revista Brasileira de Educação Especial","https://openalex.org/S4210190154","1413-6538","https://doi.org/10.1590/s1413-65382418000400010","aberto","María Cristina Piumbato Innocentini Hayashi; Taísa Grasiela Gomes Liduenha Gonçalves","Maria Cristina Piumbato Innocentini Hayashi","HFSE"
"https://openalex.org/W2904735549","10.18675/1981-8106.vol28.n58.p241-261","EVOLUÇÃO DA PESQUISA EM EDUCAÇÃO NÃO-FORMAL E DIVULGAÇÃO CIENTÍFICA NO BRASIL: UM META-ESTUDO","2018","Educação","https://openalex.org/S2738946615","1517-9869","https://doi.org/10.18675/1981-8106.vol28.n58.p241-261","aberto","Joana Brás Varanda Marques; Denise de Freitas","Denise de Freitas","ECM"
"https://openalex.org/W2890280187","10.24934/eef.v21i34.1318","Exame Nacional do Ensino Médio: política educacional ressignificada por professores de uma escola pública / High School National Evaluation Exam: educational policy resigned by public school teacher´s","2018","Educação em Foco","https://openalex.org/S2737392348","1519-3322","https://doi.org/10.24934/eef.v21i34.1318","aberto","Juliana Cristina Perlotti Piunti; Rosa Maria Moraes Anunciato","Rosa Maria Moraes Anunciato","FPOAE"
"https://openalex.org/W2977526954","10.36311/2236-5192.2018.v19n2.02.p9","FORMAÇÃO DE PROFISSIONAIS DE EDUCAÇÃO INFANTIL: REVELANDO RELAÇÕES ENTRE IDENTIDADE E ATUAÇÃO COM BEBÊS E CRIANÇAS PEQUENAS","2018","Educação em Revista","https://openalex.org/S4210228243","1518-7926","https://doi.org/10.36311/2236-5192.2018.v19n2.02.p9","aberto","Andressa de Oliveira Martins; Aline Sommerhalder","Aline Sommerhalder","EETPC"
"https://openalex.org/W4241328629","10.36311/2236-5192.2017.v19n2.02.p9","FORMAÇÃO DE PROFISSIONAIS DE EDUCAÇÃO INFANTIL: REVELANDO RELAÇÕES ENTRE IDENTIDADE E ATUAÇÃO COM BEBÊS E CRIANÇAS PEQUENAS","2018","Educação em Revista","https://openalex.org/S4210228243","1518-7926","https://doi.org/10.36311/2236-5192.2017.v19n2.02.p9","aberto","Andressa de Oliveira Martins; Aline Sommerhalder","Aline Sommerhalder","EETPC"
"https://openalex.org/W2917111649","10.18226/21784612.v23.n3.10","FORMAÇÃO PERMANENTE E EM CONTEXTO DE PROFISSIONAIS DA EDUCAÇÃO INFANTIL: CONTRIBUIÇÕES DE UM PROJETO DE EXTENSÃO UNIVERSITÁRIA","2018","Conjectura filosofia e educação","https://openalex.org/S4210173757","0103-1457","https://doi.org/10.18226/21784612.v23.n3.10","aberto","Aline Sommerhalder; Andressa de Oliveira Martins","Aline Sommerhalder","EETPC"
"https://openalex.org/W2887499396","10.4000/rccs.7403","Fútbol callejero: nascido e criado no Sul","2018","Revista crítica de ciências sociais/Revista crítica de ciências sociais","https://openalex.org/S2738683313","0254-1106","https://doi.org/10.4000/rccs.7403","aberto","Maurício Mendes Belmonte; Luiz Gonçalves","Luiz Gonçalves Junior","PSPE"
"https://openalex.org/W2796830741","10.22478/ufpb.1981-0695.2018v13n2.42231","Gênero nos estudos bibliométricos apresentados nos ENANCIBs (1994-2016)","2018","Pesquisa Brasileira em Ciência da Informação e Biblioteconomia","https://openalex.org/S4210236012","1981-0695","https://doi.org/10.22478/ufpb.1981-0695.2018v13n2.42231","aberto","María Cristina Piumbato Innocentini Hayashi; Alexandre Masson Maroldi; Juliana Ravaschio Franco de Camargo; Fábio dos Santos Godói; Carlos Roberto Massao Hayashi","Carlos Roberto Massao Hayashi; Maria Cristina Piumbato Innocentini Hayashi","HFSE"
"https://openalex.org/W2802100677","10.21573/vol34n12018.82469","Gestão da Educação a Distância na universidade pública como campo de disputa: da instituição social à academia líquida","2018","Revista Brasileira de Política e Administração da Educação - Periódico científico editado pela ANPAE","https://openalex.org/S4210196848","1678-166X","https://doi.org/10.21573/vol34n12018.82469","aberto","Daniel Mill; Marcello Ferreira; Deise Mazzarella Gourlart Ferreira","Daniel Ribeiro Silva Mill","ECS"
"https://openalex.org/W2801936494","10.1590/0102-4698178809","GRAMSCI, AS REVISTAS, O INTELECTUAL E A EDUCAÇÃO","2018","Educação em Revista","https://openalex.org/S4210230971","0102-4698","https://doi.org/10.1590/0102-4698178809","aberto","Egberto Pereira dos Reis; José Carlos Rothen","Jose Carlos Rothen","EPFH"
"https://openalex.org/W2912733686","10.31639/rbpfp.v10i18.195","Grupo de estudos em Intermulticulturalidade e Formação de Professores(as) – GEIFOP","2018","Formação Docente – Revista Brasileira de Pesquisa sobre Formação de Professores","https://openalex.org/S4210178422","2176-4360","https://doi.org/10.31639/rbpfp.v10i18.195","aberto","Emilía Freitas de Lima; André Luiz Sena Mariano","Emilia Freitas de Lima","EETPC"
"https://openalex.org/W2912844567","10.1590/0100-85872018v38n3cap08","Grupo evangélico na universidade: práticas formativas, identidade religiosa e relações políticas","2018","Religião & Sociedade","https://openalex.org/S2738578083","0100-8587","https://doi.org/10.1590/0100-85872018v38n3cap08","aberto","Luís Antônio Groppo; Lívia Furtado Borges","Luís Antonio Groppo","HFSE"
"https://openalex.org/W2789173316","10.26514/inter.v8i24.1797","Humanizar-se como processo educativo em missões populares de uma entidade filantrópica","2018","INTERFACES DA EDUCAÇÃO","https://openalex.org/S4210200240","2177-7691","https://doi.org/10.26514/inter.v8i24.1797","aberto","Bruno Martins Ferreira; Luana Zanotto; Fernando Donizete Alves","Fernando Donizete Alves","EETPC"
"https://openalex.org/W2900886296","10.17265/2161-6248/2018.07.003","Humanizing Musical Education: Dialogical Pedagogy Contributions","2018","美中教育评论：B","https://openalex.org/S4306557021","2161-6248","https://doi.org/10.17265/2161-6248/2018.07.003","aberto","Denise Andrade de Freitas Martins; Ilza Zenker Leme Joly; Luiz Gonçalves","Luiz Gonçalves Junior","PSPE"
"https://openalex.org/W2623613700","10.33871/nupem.v10i20.569","Idosos na EJA: contribuições a partir do periódico psicologia: reflexão e crítica (de 2000 a 2012)","2018","Revista NUPEM","https://openalex.org/S2737385783","2175-7429","https://doi.org/10.33871/nupem.v10i20.569","aberto","Adriana Zakia Costa; Fabiana Marini Braga","Fabiana Marini Braga","EETPC"
"https://openalex.org/W2887538549","10.22481/rbba.v7i1.4072","IMAGEM, BRANQUEAMENTO E BRANQUITUDE NAS ESCOLAS DE EDUCAÇÃO INFANTIL","2018","Revista Binacional Brasil-Argentina Diálogo entre as ciências","https://openalex.org/S4210221938","2316-1205","https://doi.org/10.22481/rbba.v7i1.4072","aberto","Edmacy Quirina de Souza; Nilson Fernandes Dinis","Nilson Fernandes Dinis","ECS"
"https://openalex.org/W2895032048","10.25053/redufor.v3i9.862","Impacto cognitivo do uso intensivo da internet: a autonomia dos estudos com dispositivos na adolescência","2018","Educação & Formação","https://openalex.org/S4210186532","2448-3583","https://doi.org/10.25053/redufor.v3i9.862","aberto","Erika Giacometti Rocha Berribili; Daniel Mill","Daniel Ribeiro Silva Mill","ECS"
"https://openalex.org/W2885603943","10.15600/2238-121x/comunicacoes.v25n2p79-94","Indústria cultural e distração concentrada: as plataformas digitais e o ensino personalizado","2018","Comunicações","https://openalex.org/S4210224284","0104-8481","https://doi.org/10.15600/2238-121x/comunicacoes.v25n2p79-94","aberto","Camila Sandim de Castro; Antônio Álvaro Soares Zuin","Antonio Alvaro Soares Zuin","ECS"
"https://openalex.org/W2883744437","10.15600/2236-9767/impulso.v28n71p5-18","Intensificação do trabalho docente administrativo e processos decisórios democraticamente restritos na expansão/interiorização precária e desordenada","2018","Impulso","https://openalex.org/S4210207337","0103-7676","https://doi.org/10.15600/2236-9767/impulso.v28n71p5-18","aberto","Eduardo Pinto e Silva; Dayton Fernando Padim","Eduardo Pinto e Silva","EPFH"
"https://openalex.org/W2908149079","10.5354/0719-5346.2018.48822","Intervenciones sociales de terapia ocupacional con adultos mayores en américa del sur: una revisión no sistemática de la literatura","2018","Revista Chilena de Terapia Ocupacional","https://openalex.org/S4210173032","0717-6767","https://doi.org/10.5354/0719-5346.2018.48822","aberto","Claudia Reinoso Araújo de Carvalho; Ana Paula Serrata Malfitano; Roseli Esquerdo Lopes","Roseli Esquerdo Lopes","HFSE"
"https://openalex.org/W2907246283","10.1016/j.engstruct.2018.12.034","Intervention cost optimization of bracing systems with multiperformance criteria","2018","Engineering Structures","https://openalex.org/S165454098","0141-0296","https://doi.org/10.1016/j.engstruct.2018.12.034","aberto","Fabiana Marini Braga; Rosario Gigliotti; Raffaele Laguardia","Fabiana Marini Braga","EETPC"
"https://openalex.org/W2901144351","10.25074/07195532.19.950","LAS CONTRIBUCIONES DEL CONCEPTO DE ALFABETIZACIÓN DE PAULO FREIRE PARA LOS ESTUDIOS SOBRE LA EDUCACIÓN EN DERECHOS HUMANOS.","2018","Paulo Freire Revista de Pedagogía Crítica","https://openalex.org/S4210182981","0717-9065","https://doi.org/10.25074/07195532.19.950","aberto","Cristiane Oliveira; Fabiana Marini Braga; Celimara Inês Garbim Avelino","Fabiana Marini Braga","EETPC"
"https://openalex.org/W4406258756","10.25074/pfr.v0i19.950","LAS CONTRIBUCIONES DEL CONCEPTO DE ALFABETIZACIÓN DE PAULO FREIRE PARA LOS ESTUDIOS SOBRE LA EDUCACIÓN EN DERECHOS HUMANOS.","2018","Paulo Freire Revista de Pedagogía Crítica","https://openalex.org/S4210182981","0717-9065","https://doi.org/10.25074/pfr.v0i19.950","aberto","Cristiane Oliveira; Fabiana Marini Braga; Celimara Inês Garbim Avelino","Fabiana Marini Braga","EETPC"
"https://openalex.org/W2807529618","10.9771/gmed.v10i1.25069","MARXISMO E A ORGANIZAÇÃO DO ENSINO DE MATEMÁTICA: SIGNIFICAÇÕES DE SUJEITOS EM GRUPO DE ESTUDOS E PESQUISAS","2018","Germinal Marxismo e Educação em Debate","https://openalex.org/S2739076525","2175-5604","https://doi.org/10.9771/gmed.v10i1.25069","aberto","Everaldo Gomes Leandro; Maria do Carmo de Sousa; José Antônio Araújo Andrade","Maria do Carmo de Sousa","ECM"
"https://openalex.org/W2889117790","10.1590/1980-6248-2015-0140","Método DELPHI: caracterização e potencialidades na pesquisa em Educação","2018","Pro-Posições","https://openalex.org/S4210208850","0103-7307","https://doi.org/10.1590/1980-6248-2015-0140","aberto","Joana Brás Varanda Marques; Denise de Freitas","Denise de Freitas","ECM"
"https://openalex.org/W2922792790","10.34112/1980-9026a2018n36p534-537","MÍDIAS, A PRODUÇÃO DE IMAGEM, SUAS (DES)NATURALIZAÇÕES E SIGNIFICAÇÕES SUBJETIVAS","2018","Linha Mestra","https://openalex.org/S4210172511","1980-9026","https://doi.org/10.34112/1980-9026a2018n36p534-537","fechado","Renata Reis Genuíno; Alan Victor Pimenta de Almeida Pales Costa","Alan Victor Pimenta de Almeida Pales Costa","RED"
"https://openalex.org/W2804719350","10.18316/recc.v23i1.4125","Modelagem Matemática na Educação Matemática: uma engrenagem da maquinaria curricular","2018","Educação Ciência e Cultura","https://openalex.org/S4210200325","1413-7321","https://doi.org/10.18316/recc.v23i1.4125","aberto","Ademir Donizeti Caldeira; Maria Carolina Machado Magnus; Betina Cambi","Ademir Donizeti Caldeira","ECM"
"https://openalex.org/W2788779231","10.15600/2236-9767/impulso.v27n70p17-32","Movimentos sociais e políticas públicas de educação para as populações que habitam no meio rural","2018","Impulso","https://openalex.org/S4210207337","0103-7676","https://doi.org/10.15600/2236-9767/impulso.v27n70p17-32","aberto","Flávio Reis dos Santos; Luiz Bezerra Neto","Luiz Bezerra Neto","EPFH"
"https://openalex.org/W2886440904","10.1590/es0101-73302018191881","O CELULAR NA ESCOLA E O FIM PEDAGÓGICO","2018","Educação & Sociedade","https://openalex.org/S2737687728","0101-7330","https://doi.org/10.1590/es0101-73302018191881","aberto","Vânia Gomes Zuin; Antônio Álvaro Soares Zuin","Antonio Alvaro Soares Zuin","ECS"
"https://openalex.org/W2887523290","10.4322/2526-8910.ctoao1154","O início da trajetória de institucionalização acadêmica da terapia ocupacional no Brasil: o que contam os(as) docentes pioneiros(as) sobre a criação dos primeiros cursos","2018","Cadernos Brasileiros de Terapia Ocupacional ","https://openalex.org/S4210189390","0104-4931","https://doi.org/10.4322/2526-8910.ctoao1154","aberto","Stéphany Conceição Correia Alves Guedes Reis; Roseli Esquerdo Lopes","Roseli Esquerdo Lopes","HFSE"
"https://openalex.org/W2808722058","10.1590/s1413-65382418000200007","O Lugar da Educação de Surdos nas Dissertações e Teses","2018","Revista Brasileira de Educação Especial","https://openalex.org/S4210190154","1413-6538","https://doi.org/10.1590/s1413-65382418000200007","aberto","Denise Marina Ramos; María Cristina Piumbato Innocentini Hayashi","Maria Cristina Piumbato Innocentini Hayashi","HFSE"
"https://openalex.org/W2807093901","10.9771/gmed.v10i1.26135","O MÉTODO DE MARX: DIMENSÕES FILOSÓFICA, POLÍTICA E TEÓRICO-CIENTÍFICA","2018","Germinal Marxismo e Educação em Debate","https://openalex.org/S2739076525","2175-5604","https://doi.org/10.9771/gmed.v10i1.26135","aberto","Manoel Gonçalves dos Santos; Luiz Bezerra Neto","Luiz Bezerra Neto","EPFH"
"https://openalex.org/W2885493253","10.14393/obv2n1a2018-3","O movimento lógico-histórico enquanto perspectiva didática para o ensino de matemática","2018","Obutchénie Revista de Didática e Psicologia Pedagógica","https://openalex.org/S4210189389","2526-7647","https://doi.org/10.14393/obv2n1a2018-3","aberto","Maria do Carmo de Sousa","Maria do Carmo de Sousa","ECM"
"https://openalex.org/W2884631787","10.21680/1981-1802.2018v56n48id15176","O PIBID e a formação dos estudantes bolsistas da licenciatura","2018","Revista Educação em Questão","https://openalex.org/S2738396575","0102-7735","https://doi.org/10.21680/1981-1802.2018v56n48id15176","aberto","Natália Neves Macedo Deimling; Aline Maria de Medeiros Rodrigues Reali","Aline Maria de Medeiros Rodrigues Reali","FPOAE"
"https://openalex.org/W1528725645","10.21814/rpe.13956","O professor pesquisador nas universidades públicas no contexto da internacionalização do capital: a produtividade do trabalho imaterial superqualificado","2018","Revista Portuguesa de Educação","https://openalex.org/S2738465378","0871-9187","https://doi.org/10.21814/rpe.13956","aberto","João dos Reis Silva Júnior","Joao dos Reis Silva Junior","EPFH"
"https://openalex.org/W2805935722","10.20435/serie-estudos.v23i48.1090","O que revelam os artigos citados nas teses e dissertações em educação indígena?","2018","Série-Estudos - Periódico do Programa de Pós-Graduação em Educação da UCDB","https://openalex.org/S4210238243","1414-5138","https://doi.org/10.20435/serie-estudos.v23i48.1090","aberto","Alexandre Masson Maroldi; Luís Fernando Maia Lima; Carlos Roberto Massao Hayashi; María Cristina Piumbato Innocentini Hayashi","Carlos Roberto Massao Hayashi; Maria Cristina Piumbato Innocentini Hayashi","HFSE"
"https://openalex.org/W2924090018","10.20396/revpibic262018198","O recém-nascido em cuidados paliativos e a comunicação de más notícias","2018","Revista dos Trabalhos de Iniciação Científica da UNICAMP","https://openalex.org/S4210184007","2596-1969","https://doi.org/10.20396/revpibic262018198","aberto","Beatriz Helena Naddaf Camilo; Maira Deguer Misko; Natália Rejane Salim","Natália Rejane Salim","PSPE"
"https://openalex.org/W2792753194","10.18764/2178-2229.v24n.especialp192-207","O TRABALHO COLABORATIVO E O DESENVOLVIMENTO PROFISSIONAL DE UM GRUPO DE PROFESSORES DOS ANOS INICIAIS: olhar para resolução de problemas","2018","Cadernos de Pesquisa","https://openalex.org/S189127735","0102-4175","https://doi.org/10.18764/2178-2229.v24n.especialp192-207","aberto","Sandra Alves de Oliveira; Cármen Lúcia Brancaglion Passos","Carmen Lucia Brancaglion Passos","ECM"
"https://openalex.org/W2903016465","10.30905/ded.v2i2.102","O TRABALHO PEDAGÓGICO COM IMAGENS NA CONTRAMÃO DO CHOQUE IMAGÉTICO","2018","DEVIR EDUCAÇÃO","https://openalex.org/S4210191429","2526-849X","https://doi.org/10.30905/ded.v2i2.102","aberto","Camila Sandim de Castro; Antônio Álvaro Soares Zuin","Antonio Alvaro Soares Zuin","ECS"
"https://openalex.org/W2913821514","10.22294/eduper/ppge/ufv.v9i3.1002","Os processos seletivos simplificados da UEMG: análise da precarização do trabalho docente dos professores designados","2018","Educação em Perspectiva","https://openalex.org/S2737779140","2178-258X","https://doi.org/10.22294/eduper/ppge/ufv.v9i3.1002","aberto","Adelino Francklin; Maria Cristina da Silveira Galan Fernandes","Maria Cristina da Silveira Galan Fernandes","EPFH"
"https://openalex.org/W2917195737","10.24280/ape.v3i9.492","Pareceristas Ad Hoc 2018","2018","Argumentos Pró-Educação","https://openalex.org/S4210214586","2448-2803","https://doi.org/10.24280/ape.v3i9.492","aberto","Luana Costa Almeida","Luana Costa Almeida","EETPC"
"https://openalex.org/W2990394639","10.19091/reced.vi0.798","PARTICIPAÇÃO, FUNDO PÚBLICO E POLÍTICAS PÚBLICAS DE JUVENTUDE: MOVIMENTAÇÕES E TENSIONAMENTOS","2018","REVISTA DE CIÊNCIAS DA EDUCAÇÃO","https://openalex.org/S2736723182","1518-7039","https://doi.org/10.19091/reced.vi0.798","aberto","Denise Maria Reis","Denise Maria Reis","HFSE"
"https://openalex.org/W2802268465","10.18616/rsp.v2i2.4251","PLANEJAMENTO DE ENSINO E SUA ARTICULAÇÃO COM A FUNÇÃO SOCIAL DA ESCOLA","2018","Revista Saberes Pedagógicos","https://openalex.org/S4210204151","2526-4559","https://doi.org/10.18616/rsp.v2i2.4251","aberto","Elisangela Fraga Rodrigues Colangeli; Maria Aparecida Mello","Maria Aparecida Mello","EETPC"
"https://openalex.org/W2908298868","10.21879/faeeba2358-0194.2018.v27.n53.p157-169","POLÍTICAS PÚBLICAS E FORMAS DE GESTÃO ESCOLAR: Relações escola-Estado e escola- comunidade","2018","Revista da FAEEBA- Educação e Contemporaneidade","https://openalex.org/S4210174506","0104-7043","https://doi.org/10.21879/faeeba2358-0194.2018.v27.n53.p157-169","aberto","Renata Maria Moschen Nascente; Celso Luiz Aparecido Conti; Emilía Freitas de Lima","Celso Luiz Aparecido Conti; Emilia Freitas de Lima; Renata Maria Moschen Nascente","EETPC"
"https://openalex.org/W2793542543","10.4025/actascieduc.v40i1.37669","Políticas, Gestão e Direito a Educação Superior: Novos Modos de Regulação e Tendências em Construção","2018","Acta Scientiarum Education","https://openalex.org/S2738354532","2178-5198","https://doi.org/10.4025/actascieduc.v40i1.37669","aberto","Deise Mancebo; João dos Reis Silva Júnior; João Ferreira de Oliveira","Joao dos Reis Silva Junior","EPFH"
"https://openalex.org/W2793039121","10.22420/rde.v11i21.463","Práticas avaliativas docentes Em Educação Física escolar","2018","Retratos da Escola","https://openalex.org/S4210187479","1982-131X","https://doi.org/10.22420/rde.v11i21.463","aberto","Renata Beatriz Klehm; Luana Costa Almeida","Luana Costa Almeida","EETPC"
"https://openalex.org/W2901608002","10.22195/2447-5246v23n120183344","Precarização do Trabalho Docente na Educação a Distância: elementos para pensar a valorização da docência virtual","2018","Educação em Foco","https://openalex.org/S4210193678","0104-3293","https://doi.org/10.22195/2447-5246v23n120183344","aberto","Braian Veloso; Daniel Mill","Braian Garrito Veloso; Daniel Ribeiro Silva Mill","ECS"
"https://openalex.org/W4401903633","10.34019/2447-5246.2018.v23.20005","Precarização do Trabalho Docente na Educação a Distância: elementos para pensar a valorização da docência virtual","2018","Educação em Foco","https://openalex.org/S4210193678","0104-3293","https://doi.org/10.34019/2447-5246.2018.v23.20005","aberto","Braian Garrito Veloso; Daniel Mill","Daniel Ribeiro Silva Mill","ECS"
"https://openalex.org/W2905854997","10.29181/2594-6463.2018.v2.n3.p177-189","Processos educativos desvelados na roda de capoeira da Associação Pena de Ouro","2018","MOTRICIDADES Revista da Sociedade de Pesquisa Qualitativa em Motricidade Humana","https://openalex.org/S4210194316","2594-6463","https://doi.org/10.29181/2594-6463.2018.v2.n3.p177-189","aberto","Gilmar Araújo de Oliveira; Luiz Gonçalves; Fábio Ricardo Mizuno Lemos","Luiz Gonçalves Junior","PSPE"
"https://openalex.org/W4239563631","10.29181/2594-6463-2018-v2-n3-p177-189","Processos educativos desvelados na roda de capoeira da Associação Pena de Ouro","2018","MOTRICIDADES Revista da Sociedade de Pesquisa Qualitativa em Motricidade Humana","https://openalex.org/S4210194316","2594-6463","https://doi.org/10.29181/2594-6463-2018-v2-n3-p177-189","aberto","Gilmar Araújo de Oliveira; Luiz Gonçalves; Fábio Ricardo Mizuno Lemos","Luiz Gonçalves Junior","PSPE"
"https://openalex.org/W2805219499","10.20435/serie-estudos.v23i48.1067","Professores de uma escola pública paulista analisam o Exame Nacional do Ensino Médio (ENEM)","2018","Série-Estudos - Periódico do Programa de Pós-Graduação em Educação da UCDB","https://openalex.org/S4210238243","1414-5138","https://doi.org/10.20435/serie-estudos.v23i48.1067","aberto","Juliana Cristina Perlotti Piunti; Rosa Maria Moraes Anunciato","Rosa Maria Moraes Anunciato","FPOAE"
"https://openalex.org/W2978106433","10.36311/2236-5192.2018.v19n1.07.p103","Programa Escola da Família: a Escola a Desserviço da Escola","2018","Educação em Revista","https://openalex.org/S4210228243","1518-7926","https://doi.org/10.36311/2236-5192.2018.v19n1.07.p103","aberto","Gabriela Guillardi da Silva Maia; Géssica Priscila Ramos","Gessica Priscila Ramos","EPFH"
"https://openalex.org/W2901701889","10.1590/0102-4698191259","PROTAGONISMO DO PENSAMENTO NEGRO NO BRASIL: O LUGAR DAS MULHERES E CRIANÇAS NEGRAS NO PROJETO UNESCO","2018","Educação em Revista","https://openalex.org/S4210230971","0102-4698","https://doi.org/10.1590/0102-4698191259","aberto","Ana Cristina Juvenal da Cruz","Ana Cristina Juvenal da Cruz","RED"
"https://openalex.org/W2901461404","10.1590/es0101-73302018200256","RESISTÊNCIA DEMOCRÁTICA: A QUESTÃO RACIAL E A CONSTITUIÇÃO FEDERAL DE 1988","2018","Educação & Sociedade","https://openalex.org/S2737687728","0101-7330","https://doi.org/10.1590/es0101-73302018200256","aberto","Nilma Lino Gomes; Tatiane Cosentino Rodrigues","Tatiane Cosentino Rodrigues","RED"
"https://openalex.org/W2785161090","10.5530/ijper.52.1.1","Revisiting Concepts, Attitudes and Expectations of Brazilian Pharmacists to the Practice of Pharmaceutical Care: A Qualitative Perspective","2018","Indian Journal of Pharmaceutical Education and Research","https://openalex.org/S30130650","0019-5464","https://doi.org/10.5530/ijper.52.1.1","aberto","Cláudia Fegadolli; Afonso Cavaco; Débora Cristina Fonseca","Débora Cristina Fonseca","EPFH"
"https://openalex.org/W2614154027","10.5585/eccos.n47.6020","Revolução passiva e o papel formativo da filosofia no Ensino Médio","2018","EccoS – Revista Científica","https://openalex.org/S4210177415","1517-1949","https://doi.org/10.5585/eccos.n47.6020","aberto","Paolo Nosella; Alessandra Maria Martins Gaidargi","Paolo Nosella","HFSE"
"https://openalex.org/W2904316649","10.3389/feduc.2018.00114","School as Learning Communities: An Effective Alternative for Adult Education and Literacy in Brazil","2018","Frontiers in Education","https://openalex.org/S2596526815","2504-284X","https://doi.org/10.3389/feduc.2018.00114","aberto","Roseli Rodrigues de Mello; Fabiana Marini Braga","Fabiana Marini Braga; Roseli Rodrigues de Mello","EETPC"
"https://openalex.org/W2901980257","10.15446/revfacmed.v66n3.63395","Scope of Occupational Therapy postgraduate degrees around the world","2018","Revista de la Facultad de Medicina","https://openalex.org/S4210199314","0120-0011","https://doi.org/10.15446/revfacmed.v66n3.63395","aberto","Ana Paula Serrata Malfitano; Gustavo Artur Monzeli; Giovanna Bardi; Roseli Esquerdo Lopes","Roseli Esquerdo Lopes","HFSE"
"https://openalex.org/W2799739206","10.14572/nuances.v28i3.4617","SOCIOLOGIA DA INFÂNCIA, PEDAGOGIA E CURRÍCULO DA EDUCAÇÃO INFANTIL: ALGUMAS APROXIMAÇÕES.","2018","Nuances estudos sobre Educação","https://openalex.org/S4210191935","1413-9855","https://doi.org/10.14572/nuances.v28i3.4617","aberto","Andrea Braga Moruzzi; Gabriela Guarnieri de Campos Tebet","Andrea Braga Moruzzi","RED"
"https://openalex.org/W2783544792","10.5935/2318-8219.20180004","Standard Echocardiography, Strain and Strain Rate by Two-Dimensional Speckle Tracking in Capuchin Monkey (Cebus Apella, Linnaeus, 1758)","2018","ARQUIVOS BRASILEIROS DE CARDIOLOGIA - IMAGEM CARDIOVASCULAR","https://openalex.org/S4210191445","2318-8219","https://doi.org/10.5935/2318-8219.20180004","aberto","Laécio da Silva Moura; Renan Paraguassú de Sá Rodrigues; Andrezza Braga Soares da Silva; Gérson Tavares Pessoa; Francisco das Chagas Araújo Sousa; Jacyara de Jesus Rosa Pereira Alves; Luiz Bezerra Neto; Kássio Vieira Macedo; M.C. Vieira; Flávio Ribeiro Alves","Luiz Bezerra Neto","EPFH"
"https://openalex.org/W2802154565","10.22478/ufpb.1981-0695.2018v13n2.42999","Tecnologias no ensino de física: um estudo sobre concepções e perspectivas de professores do ensino médio","2018","Pesquisa Brasileira em Ciência da Informação e Biblioteconomia","https://openalex.org/S4210236012","1981-0695","https://doi.org/10.22478/ufpb.1981-0695.2018v13n2.42999","aberto","João Markos Machado Oliveira; Marcello Ferreira; Daniel Mill","Daniel Ribeiro Silva Mill","ECS"
"https://openalex.org/W2906244574","10.26512/resafe.v0i29.21005","TEORIA CRÍTICA E A GESTÃO SOCIAL DA EDUCAÇÃO: REFLEXÕES A PARTIR DA TEORIA DO AGIR COMUNICATIVO DE HABERMAS","2018","Revista Sul-Americana de Filosofia e Educação (RESAFE)","https://openalex.org/S4210167582","1679-8775","https://doi.org/10.26512/resafe.v0i29.21005","aberto","Darlan Marcelo Delgado; Luiz Roberto Gomes","Luiz Roberto Gomes","ECS"
"https://openalex.org/W2919496453","10.4322/2526-8910.ctoar1748","THE DEBATE OVER THE SOCIAL QUESTION IN OCCUPATIONAL THERAPY: AN INTEGRATIVE REVIEW","2018","Cadernos Brasileiros de Terapia Ocupacional ","https://openalex.org/S4210189390","0104-4931","https://doi.org/10.4322/2526-8910.ctoar1748","aberto","Marilene Calderaro Munguba; Ana Paula Serrata Malfitano; Roseli Esquerdo Lopes","Roseli Esquerdo Lopes","HFSE"
"https://openalex.org/W2804868779","10.3738/1982.2278.2878","THE TEACHER’S ROLE IN THE HISTORICAL-CRITICAL PEDAGOGY: COUNTERPOINT TO THE SCHOOL WITHOUT PARTY MOVEMENT","2018","Nucleus","https://openalex.org/S4210173927","1678-6602","https://doi.org/10.3738/1982.2278.2878","aberto","Silvia Helena Pienta Borges Barbosa; Maria Cristina da Silveira Galan Fernandes","Maria Cristina da Silveira Galan Fernandes","EPFH"
"https://openalex.org/W2905404477","10.1590/s0103-40142018.3294.0010","Trajetória e perspectivas para o ensino de Matemática nos anos iniciais","2018","Estudos Avançados","https://openalex.org/S4210185082","0103-4014","https://doi.org/10.1590/s0103-40142018.3294.0010","aberto","Cármen Lúcia Brancaglion Passos; Adair Mendes Nacarato","Carmen Lucia Brancaglion Passos","ECM"
"https://openalex.org/W2806622997","10.11606/issn.2178-2075.v9i1p109-129","Vida média e obsolescência da literatura em educação indígena","2018","InCID Revista de Ciência da Informação e Documentação","https://openalex.org/S4210218408","2178-2075","https://doi.org/10.11606/issn.2178-2075.v9i1p109-129","aberto","Alexandre Masson Maroldi; Luís Fernando Maia Lima; María Cristina Piumbato Innocentini Hayashi","Maria Cristina Piumbato Innocentini Hayashi","HFSE"
"https://openalex.org/W2942199231","10.22478/ufpb.1981-0695.2018v13n2.42837","Vida média e obsolescência da literatura em educação indígena","2018","Pesquisa Brasileira em Ciência da Informação e Biblioteconomia","https://openalex.org/S4210236012","1981-0695","https://doi.org/10.22478/ufpb.1981-0695.2018v13n2.42837","aberto","Alexandre Masson Maroldi; Luís Fernando Maia Lima; María Cristina Piumbato Innocentini Hayashi","Maria Cristina Piumbato Innocentini Hayashi","HFSE"
"https://openalex.org/W2883677587","10.1590/18094449201800520018","Violência e risco de suicídio na contrução das masculinidades adolescentes","2018","Cadernos Pagu","https://openalex.org/S179029225","0104-8333","https://doi.org/10.1590/18094449201800520018","aberto","Welson Barbosa Santos; Nilson Fernandes Dinis","Nilson Fernandes Dinis","ECS"
"https://openalex.org/W2741168005","10.47197/retos.v0i33.55740","Vivencia del ocio entre hombres: los juegos de bocha (São Paulo, Brasil) y bolos tradicionales (Boiro, España) (Leisure time experiences among men: bocha´s game (São Paulo, Brazil) and traditional skittles game (Boiro, Spain))","2018","Retos","https://openalex.org/S2738013834","1579-1726","https://doi.org/10.47197/retos.v0i33.55740","aberto","Luiz Gonçalves; Denise-Aparecida Corrêa; José Eugenio Rodríguez Fernández","Luiz Gonçalves Junior","PSPE"
"https://openalex.org/W2772417789","10.5902/2316546426371","“Fútbol callejero”: processos educativos emergentes da prática social da mediação","2017","Kinesis","https://openalex.org/S4210226461","0102-8308","https://doi.org/10.5902/2316546426371","aberto","Nathan Raphael Varotto; Luiz Gonçalves; Fábio Ricardo Mizuno Lemos","Luiz Gonçalves Junior","PSPE"
"https://openalex.org/W2778852694","10.5335/rep.v24i3.7757","A atualidade do conceito de semiformação e o renascimento da Bildung","2017","Revista Espaço Pedagógico","https://openalex.org/S4210180488","0104-7469","https://doi.org/10.5335/rep.v24i3.7757","aberto","Vânia Gomes Zuin; Antônio Álvaro Soares Zuin","Antonio Alvaro Soares Zuin","ECS"
"https://openalex.org/W1944908567","10.33871/nupem.v6i10.228","A compreensão de uma nova proposta de inclusão digital no Ensino Fundamental pelos professores regulares do 5º ano","2017","Revista NUPEM","https://openalex.org/S2737385783","2175-7429","https://doi.org/10.33871/nupem.v6i10.228","aberto","Fernanda Cristina Gaspar Lemes; Rosa Maria Moraes Anunciato","Rosa Maria Moraes Anunciato","FPOAE"
"https://openalex.org/W4255598970","10.5935/2238-1279.20170026","A condicionalidade na garantia dos direitos humanos básicos e as concepções dos educadores sociais","2017","Revista Educação e Cultura Contemporânea/Educação e Cultura Contemporânea","https://openalex.org/S4210197880","1807-2194","https://doi.org/10.5935/2238-1279.20170026","aberto","Maria Cecília Kerches de Menezes; Débora Cristina Fonseca","Débora Cristina Fonseca","EPFH"
"https://openalex.org/W2768846915","10.18675/1981-8106.vol27.n55.p318-340","A CRECHE COMO ESPAÇO DE APRENDIZAGEM DE PROFESSORAS DA EDUCAÇÃO INFANTIL","2017","Educação","https://openalex.org/S2738946615","1517-9869","https://doi.org/10.18675/1981-8106.vol27.n55.p318-340","aberto","Márcia Regina Onofre; Andressa de Oliveira Martins; Cleonice Maria Tomazzetti","Cleonice Maria Tomazzetti; Márcia Regina Onofre","FPOAE"
"https://openalex.org/W3190262516","10.18675/1981-8106.vol27.n55.p347-368","A CRECHE COMO ESPAÇO DE APRENDIZAGEM DE PROFESSORAS DA EDUCAÇÃO INFANTIL","2017","Educação","https://openalex.org/S2738946615","1517-9869","https://doi.org/10.18675/1981-8106.vol27.n55.p347-368","aberto","Márcia Regina Onofre; Andressa de Oliveira Martins; Cleonice Maria Tomazzetti","Cleonice Maria Tomazzetti; Márcia Regina Onofre","FPOAE"
"https://openalex.org/W2739447214","10.22481/praxis.v13i25.960","A cultura digital, as TIC e a reconfiguração da relação professor-aluno em Rio Verde - GO","2017","Práxis Educacional","https://openalex.org/S4210197447","1809-0249","https://doi.org/10.22481/praxis.v13i25.960","aberto","Dulcineia de Oliveira Gomes; Antônio Álvaro Soares Zuin","Antonio Alvaro Soares Zuin","ECS"
"https://openalex.org/W2734024266","10.22294/eduper/ppge/ufv.v8i1.708","A educação infantil nas universidades federais frente à Resolução CNE/CEB nº 1 de 2011","2017","Educação em Perspectiva","https://openalex.org/S2737779140","2178-258X","https://doi.org/10.22294/eduper/ppge/ufv.v8i1.708","aberto","Andrea Braga Moruzzi; Bianca Neves Borges da Silva","Andrea Braga Moruzzi","RED"
"https://openalex.org/W2771604724","10.18593/r.v42i3.13422","A exploração de brinquedos por crianças em experiências lúdicas na educação infantil","2017","Roteiro","https://openalex.org/S2737795593","0104-4311","https://doi.org/10.18593/r.v42i3.13422","aberto","Maria Elisa Nicolielo; Aline Sommerhalder","Aline Sommerhalder","EETPC"
"https://openalex.org/W2612727592","10.24115/s2446-6220201731234p.87-100","A FORMAÇÃO DE PROFESSORAS DA EDUCAÇÃO INFANTIL EM CONTEXTO NA UAC – UFSCAR","2017","LAPLAGE EM REVISTA","https://openalex.org/S2738200778","2446-6220","https://doi.org/10.24115/s2446-6220201731234p.87-100","aberto","Andrea Braga Moruzzi; Maria José da Silva Rocha","Andrea Braga Moruzzi","RED"
"https://openalex.org/W2763481981","10.7213/1981-416x.17.054.ao05","A formação docente e o ensino de História e Geografia no contexto dos anos iniciais do ensino fundamental","2017","Revista Diálogo Educacional","https://openalex.org/S4306527104","1518-3483","https://doi.org/10.7213/1981-416x.17.054.ao05","aberto","María Iolanda Monteiro","Maria Iolanda Monteiro","ECS"
"https://openalex.org/W2784975678","10.32760/1984-1736/redd/2017.v9i1.6372","A formação escolar da classe trabalhadora do campo","2017","REDD – Revista Espaço de Diálogo e Desconexão","https://openalex.org/S4306525525","1984-1736","https://doi.org/10.32760/1984-1736/redd/2017.v9i1.6372","aberto","Adriana do Carmo de Jesus; Maria Cristina dos Santos Bezerra","Maria Cristina dos Santos","RED"
"https://openalex.org/W2735053175","10.5007/2175-795x.2017v35n1p323","A formação inicial de professores e a inserção em contextos escolares: um estudo bibliométrico","2017","Perspectiva","https://openalex.org/S2737309421","0102-5473","https://doi.org/10.5007/2175-795x.2017v35n1p323","aberto","Luciana Cristina Cardoso; Daniel Mill; María Iolanda Monteiro","Daniel Ribeiro Silva Mill; Maria Iolanda Monteiro","ECS"
"https://openalex.org/W2747317187","10.18226/21784612.v22.n2.04","A infância como dispositivo: uma abordagem foucaultiana para pensar a educação","2017","Conjectura filosofia e educação","https://openalex.org/S4210173757","0103-1457","https://doi.org/10.18226/21784612.v22.n2.04","aberto","Andrea Braga Moruzzi","Andrea Braga Moruzzi","RED"
"https://openalex.org/W2992707005","10.33871/nupem.v5i9.201","A linguagem como forma de inter-ação: uma perspectiva dialógica da aprendizagem","2017","Revista NUPEM","https://openalex.org/S2737385783","2175-7429","https://doi.org/10.33871/nupem.v5i9.201","aberto","Vanessa Gabassa; Fabiana Marini Braga; Eglen Sílvia Pipi Rodrigues","Fabiana Marini Braga","EETPC"
"https://openalex.org/W2777203213","10.17271/1980082713520171710","A natureza sob a ótica das crianças: uma pesquisa com fotografias","2017","Periódico Eletrônico Fórum Ambiental da Alta Paulista.","https://openalex.org/S4404674490","2966-2931","https://doi.org/10.17271/1980082713520171710","aberto","Sandra Fagionato-Ruffino; Carolina Rodrigues de Souza","Carolina Rodrigues de Souza","ECM"
"https://openalex.org/W2741264672","10.15210/caduc.v0i56.10789","A produção de televisão educativa digital: O Salto Para o Futuro à luz da Teoria Crítica","2017","Cadernos de Educação","https://openalex.org/S4210181824","0104-1371","https://doi.org/10.15210/caduc.v0i56.10789","aberto","David Silva Bet; Antônio Álvaro Soares Zuin","Antonio Alvaro Soares Zuin","ECS"
"https://openalex.org/W2773294017","10.5935/2238-1279.20170025","A série Glee e o fascínio das monstruosidades no cenário escolar","2017","Revista Educação e Cultura Contemporânea/Educação e Cultura Contemporânea","https://openalex.org/S4210197880","1807-2194","https://doi.org/10.5935/2238-1279.20170025","aberto","Renata Silva Pamplona; Nilson Fernandes Dinis","Nilson Fernandes Dinis","ECS"
"https://openalex.org/W2618171714","10.14244/198271992183","A Teoria Crítica e a sociedade da cultura digital","2017","Revista Eletrônica de Educação","https://openalex.org/S2736679368","1982-7199","https://doi.org/10.14244/198271992183","aberto","Antônio Álvaro Soares Zuin; Luiz Roberto Gomes","Antonio Alvaro Soares Zuin; Luiz Roberto Gomes","ECS"
"https://openalex.org/W2748620926","10.5216/rir.v13i2.48690","A TRANSEXUALIDADE EM QUESTÃO: problematizações nos contextos educacionais.","2017","Itinerarius Reflectionis","https://openalex.org/S2737048891","1679-2009","https://doi.org/10.5216/rir.v13i2.48690","aberto","Renata Silva Pamplona; Nilson Fernandes Dinis","Nilson Fernandes Dinis","ECS"
"https://openalex.org/W2745995304","10.17648/textura-2358-0801-19-41-2337","A tutoria virtual no processo de ensino e aprendizagem de estudantes na disciplina de Estágio Supervisionado em Educação Infantil","2017","TEXTURA - ULBRA","https://openalex.org/S2736625878","1518-4919","https://doi.org/10.17648/textura-2358-0801-19-41-2337","aberto","Andressa de Oliveira Martins; Luana Zanotto; Aline Sommerhalder","Aline Sommerhalder","EETPC"
"https://openalex.org/W2779492462","10.20396/rho.v17i3.8650923","A última reforma da educação Soviética","2017","Revista HISTEDBR On-line","https://openalex.org/S4210224784","1676-2584","https://doi.org/10.20396/rho.v17i3.8650923","aberto","Marisa Bittar; Amarílio Ferreira","Marisa Bittar","HFSE"
"https://openalex.org/W2616122818","10.33871/nupem.v9i16.141","A universalização da educação infantil nas universidades federais: um estudo a partir dos editais de abertura de vagas nas unidades","2017","Revista NUPEM","https://openalex.org/S2737385783","2175-7429","https://doi.org/10.33871/nupem.v9i16.141","aberto","Andrea Braga Moruzzi; Bianca Neves Borges da Silva","Andrea Braga Moruzzi","RED"
"https://openalex.org/W2597329833","10.22476/revcted.v2i2.81","Adolescência(s) e juventude(s): considerações a partir de uma coexistência legal (Adolescence and youth: considerations from a legal coexistence)","2017","Crítica Educativa","https://openalex.org/S2737611088","2447-4223","https://doi.org/10.22476/revcted.v2i2.81","aberto","Julio Francisco; Luís Antônio Groppo","Luís Antonio Groppo","HFSE"
"https://openalex.org/W2780000008","10.20396/rho.v17i3.8650925","Análise das bases filosóficas dos pressupostos teóricos presentes nas propostas do movimento “por uma educação do campo”","2017","Revista HISTEDBR On-line","https://openalex.org/S4210224784","1676-2584","https://doi.org/10.20396/rho.v17i3.8650925","aberto","Luiz Bezerra Neto; Junior Cesar Luna","Luiz Bezerra Neto","EPFH"
"https://openalex.org/W1546304547","10.18617/liinc.v4i1.255","Análise de redes de co-autoria de artigos científicos em educação especial","2017","Liinc em Revista","https://openalex.org/S2736391685","1808-3536","https://doi.org/10.18617/liinc.v4i1.255","aberto","María Cristina Piumbato Innocentini Hayashi; Carlos Roberto Massao Hayashi; Maycke Young de Lima","Carlos Roberto Massao Hayashi; Maria Cristina Piumbato Innocentini Hayashi","HFSE"
"https://openalex.org/W2756303432","10.7213/1981-416x.16.050.ds02","Aprendizagem da docência na educação infantil: os saberes de professoras de creches","2017","Revista Diálogo Educacional","https://openalex.org/S4306527104","1518-3483","https://doi.org/10.7213/1981-416x.16.050.ds02","aberto","Monique Aparecida Voltarelli; María Iolanda Monteiro","Maria Iolanda Monteiro","ECS"
"https://openalex.org/W2768863100","10.18675/1981-8106.vol27.n55.p369-388","APRENDIZAGEM DOCENTE NA EDUCAÇÃO INFANTIL: SABERES DE PROFESSORAS QUE ATUAM NAS CRECHES","2017","Educação","https://openalex.org/S2738946615","1517-9869","https://doi.org/10.18675/1981-8106.vol27.n55.p369-388","aberto","Monique Aparecida Voltarelli; María Iolanda Monteiro","Maria Iolanda Monteiro","ECS"
"https://openalex.org/W4245288391","10.18675/1981-8106.vol27.n55.p378-298","APRENDIZAGEM DOCENTE NA EDUCAÇÃO INFANTIL: SABERES DE PROFESSORAS QUE ATUAM NAS CRECHES","2017","Educação","https://openalex.org/S2738946615","1517-9869","https://doi.org/10.18675/1981-8106.vol27.n55.p378-298","aberto","Monique Aparecida Voltarelli; María Iolanda Monteiro","Maria Iolanda Monteiro","ECS"
"https://openalex.org/W4236264297","10.14244/198271992274","Apresentação","2017","Revista Eletrônica de Educação","https://openalex.org/S2736679368","1982-7199","https://doi.org/10.14244/198271992274","aberto","Luiz Roberto Gomes; Luciana Azevedo Rodrígues; Alex Sander da Silva","Luiz Roberto Gomes","ECS"
"https://openalex.org/W4253712530","10.14244/198271992194","Apresentação","2017","Revista Eletrônica de Educação","https://openalex.org/S2736679368","1982-7199","https://doi.org/10.14244/198271992194","aberto","Marisa Bittar","Marisa Bittar","HFSE"
"https://openalex.org/W2737990191","10.22481/praxis.v13i25.951","Apresentação do Dossiê Temático","2017","Práxis Educacional","https://openalex.org/S4210197447","1809-0249","https://doi.org/10.22481/praxis.v13i25.951","aberto","Ennia Débora Passos Braga Pires; Reginaldo Santos Pereira; Nilson Fernandes Dinis","Nilson Fernandes Dinis","ECS"
"https://openalex.org/W2621254434","10.1590/s1413-24782017226919","As desigualdades e o trabalho das escolas: problematizando a relação entre desempenho e localização socioespacial","2017","Revista Brasileira de Educação","https://openalex.org/S2736711335","1413-2478","https://doi.org/10.1590/s1413-24782017226919","aberto","Luana Costa Almeida","Luana Costa Almeida","EETPC"
"https://openalex.org/W3119060567","10.32995/praxispsy.vi21.93","Aspectos teóricos y conceptuales del bullying y del acoso moral / Teoretical and conceptual aspects of Bullying and Moral Harassment","2017","Praxis Psy","https://openalex.org/S4210201890","2735-6957","https://doi.org/10.32995/praxispsy.vi21.93","aberto","Roberto Heloani; Eduardo Pinto e Silva","Eduardo Pinto e Silva","EPFH"
"https://openalex.org/W2620079208","10.24280/ape.v2i4.159","Atuação e resistência dos estudantes secundaristas nas ocupações das escolas públicas paulistas","2017","Argumentos Pró-Educação","https://openalex.org/S4210214586","2448-2803","https://doi.org/10.24280/ape.v2i4.159","aberto","Marcelo Innocentini Hayashi; Amarílio Ferreira; María Cristina Piumbato Innocentini Hayashi","Maria Cristina Piumbato Innocentini Hayashi","HFSE"
"https://openalex.org/W2769204008","10.1590/s1414-40772017000300004","Avaliação Institucional: mapeamento e análise das concepções de qualidade e melhoria nas produções da revista Estudos em Avaliação Educacional (1990-2013)","2017","Avaliação Revista da Avaliação da Educação Superior (Campinas)","https://openalex.org/S4210180283","1414-4077","https://doi.org/10.1590/s1414-40772017000300004","aberto","Pamela Cristina Botiglieri; Regilson Maciel Borges; José Carlos Rothen","Jose Carlos Rothen","EPFH"
"https://openalex.org/W2751482196","10.24059/olj.v21i3.1252","Blended Learning From Design to Evaluation: International Case Studies of Evidence-Based Practice","2017","Online Learning","https://openalex.org/S4210168624","1092-8235","https://doi.org/10.24059/olj.v21i3.1252","aberto","Norman Vaughan; Aline Maria de Medeiros Rodrigues Reali; Stefan Stenbom; Marieta Jansen van Vuuren; David Macdonald","Aline Maria de Medeiros Rodrigues Reali","FPOAE"
"https://openalex.org/W2752550375","10.5902/1984644422271","Brincar na educação infantil como experiência de cultura e formação para a vida","2017","Educação (UFSM)","https://openalex.org/S2738869710","0101-9031","https://doi.org/10.5902/1984644422271","aberto","Maria Elisa Nicolielo; Aline Sommerhalder; Fernando Donizete Alves","Aline Sommerhalder; Fernando Donizete Alves","EETPC"
"https://openalex.org/W2715929336","10.4322/0104-4931.ctoed2502","Cadernos Brasileiros de Terapia Ocupacional: Mudando para Permanecer e Avançar","2017","Cadernos Brasileiros de Terapia Ocupacional ","https://openalex.org/S4210189390","0104-4931","https://doi.org/10.4322/0104-4931.ctoed2502","aberto","Ana Paula Serrata Malfitano; Daniel Marinho Cezar da Cruz; Roseli Esquerdo Lopes","Roseli Esquerdo Lopes","HFSE"
"https://openalex.org/W2801541298","10.17921/2447-8733.2016v17n4p327-334","Características de Profissionais de Creche do Município de Descalvado/SP","2017","Revista de Ensino Educação e Ciências Humanas","https://openalex.org/S4210173400","2447-8733","https://doi.org/10.17921/2447-8733.2016v17n4p327-334","aberto","Aline Sommerhalder","Aline Sommerhalder","EETPC"
"https://openalex.org/W4240095707","10.14244/198271992557","Carta ao Leitor","2017","Revista Eletrônica de Educação","https://openalex.org/S2736679368","1982-7199","https://doi.org/10.14244/198271992557","aberto","Aline Maria de Medeiros Rodrigues Reali; João dos Reis Silva Júnior","Joao dos Reis Silva Junior","EPFH"
"https://openalex.org/W2585465540","10.20396/rdbci.v15i1.8646289","Coautoria e participação feminina em periódicos brasileiros da área de cirurgia","2017","RDBCI Revista Digital de Biblioteconomia e Ciência da Informação","https://openalex.org/S2737422535","1678-765X","https://doi.org/10.20396/rdbci.v15i1.8646289","aberto","Juliana Ravaschio Franco de Camargo; María Cristina Piumbato Innocentini Hayashi","Maria Cristina Piumbato Innocentini Hayashi","HFSE"
"https://openalex.org/W4253571777","10.20396/rdbci.v0i0.8646289","Coautoria e participação feminina em periódicos brasileiros da área de cirurgia: estudo bibliométrico","2017","RDBCI Revista Digital de Biblioteconomia e Ciência da Informação","https://openalex.org/S2737422535","1678-765X","https://doi.org/10.20396/rdbci.v0i0.8646289","aberto","Juliana Ravaschio Franco de Camargo; María Cristina Piumbato Innocentini Hayashi","Maria Cristina Piumbato Innocentini Hayashi","HFSE"
"https://openalex.org/W2807417816","10.22478/ufpb.1981-0695.2017v12n1.34288","Colégio invisível, revisão pelos pares e normalização documentária na revista do instituto histórico e geográfico de SãoPaulo","2017","Pesquisa Brasileira em Ciência da Informação e Biblioteconomia","https://openalex.org/S4210236012","1981-0695","https://doi.org/10.22478/ufpb.1981-0695.2017v12n1.34288","aberto","Carlos Roberto Massao Hayashi; Camila Carneiro Dias Rigolin; Vera Aparecida Lui Guimarães; María Cristina Piumbato Innocentini Hayashi","Carlos Roberto Massao Hayashi; Maria Cristina Piumbato Innocentini Hayashi","HFSE"
"https://openalex.org/W2605054349","10.14572/nuances.v27i3.4537","CONCEPÇÕES DE PROFESSORAS DE EDUCAÇÃO INFANTIL SOBRE AS PRÁTICAS DOCENTES PARA A PRIMEIRA INFÂNCIA","2017","Nuances estudos sobre Educação","https://openalex.org/S4210191935","1413-9855","https://doi.org/10.14572/nuances.v27i3.4537","aberto","Monique Aparecida Voltarelli; María Iolanda Monteiro","Maria Iolanda Monteiro","ECS"
"https://openalex.org/W2760042108","10.22348/riesup.v3i3.7777","Condicionantes sociais, lógica das práticas e elementos constitutivos do habitus acadêmico-científico do estudante da pós-graduação","2017","Revista Internacional de Educação Superior","https://openalex.org/S4210183452","2446-9424","https://doi.org/10.22348/riesup.v3i3.7777","aberto","Maísa Aparecida de Oliveira; Maria Cristina da Silveira Galan Fernandes","Maria Cristina da Silveira Galan Fernandes","EPFH"
"https://openalex.org/W2775396518","10.14244/198271991682","Conteúdos de educação física no ensino fundamental: contribuições de boas práticas para a formação docente","2017","Revista Eletrônica de Educação","https://openalex.org/S2736679368","1982-7199","https://doi.org/10.14244/198271991682","aberto","Cátia Silvana da Costa; María Iolanda Monteiro","Maria Iolanda Monteiro","ECS"
"https://openalex.org/W2736324242","10.22481/praxis.v13i25.954","Contribuições da teoria pós-estruturalista e dos estudos culturais para a pesquisa em educação","2017","Práxis Educacional","https://openalex.org/S4210197447","1809-0249","https://doi.org/10.22481/praxis.v13i25.954","aberto","Reginaldo Santos Pereira; Nilson Fernandes Dinis","Nilson Fernandes Dinis","ECS"
"https://openalex.org/W2750719518","10.5902/1984644424578","Cotidiano escolar e (des)respeito: o que dizem os livros de ocorrência escolar","2017","Educação (UFSM)","https://openalex.org/S2738869710","0101-9031","https://doi.org/10.5902/1984644424578","aberto","Elisiane Spencer Quevedo Goethel; Priscila Carla Cardoso; Débora Cristina Fonseca","Débora Cristina Fonseca; Priscila Carla Cardoso","EPFH"
"https://openalex.org/W2593117523","10.22476/revcted.v2i2.87","Datas comemorativas na educação infantil: quais sentidos na prática educativa? (Commemorative dates in children’s education: what are the meanings for the educational practices?)","2017","Crítica Educativa","https://openalex.org/S2737611088","2447-4223","https://doi.org/10.22476/revcted.v2i2.87","aberto","Cleonice Maria Tomazzetti; Marisa De Mattos Palauro","Cleonice Maria Tomazzetti","FPOAE"
"https://openalex.org/W2751346432","10.15687/rec.v10i2.35479","Dez anos de um curso de pedagogia em construção","2017","Revista Espaço do Currículo","https://openalex.org/S4210168023","1983-1579","https://doi.org/10.15687/rec.v10i2.35479","aberto","Renata Maria Moschen Nascente; Alessandra Arce Hai; Heloísa Chalmers Sisla","Renata Maria Moschen Nascente; Alessandra Arce Hai","EETPC; ECS"
"https://openalex.org/W2611103836","10.18675/1981-8106.vol27.n54.p113-132","DIREITOS HUMANOS SOB AMEAÇA: ORGANIZAÇÕES PATOGÊNICAS, TRABALHO E SUBJETIVIDADE","2017","Educação","https://openalex.org/S2738946615","1517-9869","https://doi.org/10.18675/1981-8106.vol27.n54.p113-132","aberto","Eduardo Pinto e Silva; Roberto Heloani; Evaldo Piolli","Eduardo Pinto e Silva","EPFH"
"https://openalex.org/W2616230923","10.20500/rce.v12i23.9954","EDUCAÇÃO EM COMUNIDADES REMANESCENTES DE QUILOMBOS: IMPLICAÇÕES POLÍTICAS E CURRICULARES","2017","Revista Contemporânea de Educação","https://openalex.org/S4210210632","1809-5747","https://doi.org/10.20500/rce.v12i23.9954","aberto","Ana Cristina Juvenal da Cruz; Tatiane Cosentino","Ana Cristina Juvenal da Cruz","RED"
"https://openalex.org/W1595606891","10.33871/nupem.v5i9.204","Educação Musical a Distância: teses pertinentes ao tema em oito dos programas de Pós-Graduação em Educação no Brasil","2017","Revista NUPEM","https://openalex.org/S2737385783","2175-7429","https://doi.org/10.33871/nupem.v5i9.204","aberto","Fernando Henrique Andrade Rossit; Márcia Rozenfeld Gomes de Oliveira; María Iolanda Monteiro","Maria Iolanda Monteiro","ECS"
"https://openalex.org/W2594637225","10.26512/lc.v22i48.4876","El proceso de educación ambiental y su expresión en el contexto rural","2017","Linhas Crí­ticas","https://openalex.org/S4210172282","1516-4896","https://doi.org/10.26512/lc.v22i48.4876","aberto","Juan Carlos Rodríguez Cruz; Luiz Bezerra Neto","Luiz Bezerra Neto","EPFH"
"https://openalex.org/W2527873275","10.33871/nupem.v8i14.293","Ensino de Matemática e tecnologia digital: concepções de estudantes de Pedagogia e de professores dos anos iniciais","2017","Revista NUPEM","https://openalex.org/S2737385783","2175-7429","https://doi.org/10.33871/nupem.v8i14.293","aberto","Ana Paula Gestoso de Souza; Cármen Lúcia Brancaglion Passos","Carmen Lucia Brancaglion Passos; Ana Paula Gestoso de Souza","ECM; FPOAE"
"https://openalex.org/W2747255753","10.14244/198271992334","Entre subjetividades e culturas: uma nova linha de pesquisa para a educação","2017","Revista Eletrônica de Educação","https://openalex.org/S2736679368","1982-7199","https://doi.org/10.14244/198271992334","aberto","Alan Victor Pimenta de Almeida Pales Costa; Ana Cristina Juvenal da Cruz; Anete Abramowicz; Antônio Álvaro Soares Zuin; Flávio Caetano da Silva; Luiz Roberto Gomes; Maria Cecília Luiz; Nilson Fernandes Dinis; Sandra Aparecida Riscal; Tatiane Consentino Rodrigues","Antonio Alvaro Soares Zuin; Flavio Caetano da Silva; Luiz Roberto Gomes; Maria Cecilia Luiz; Nilson Fernandes Dinis; Sandra Aparecida Riscal; Alan Victor Pimenta de Almeida Pales Costa; Ana Cristina Juvenal da Cruz","ECS; RED"
"https://openalex.org/W2608760440","10.24065/2237-9460.2017v7n2id299","Entrelaçamentos e possibilidades dos jogos de linguagem matemáticos: seus usos na comunidade remanescente de Quilombos da Agrovila de Espera, Alcântara – MA","2017","Revista Exitus","https://openalex.org/S4210238501","2236-2983","https://doi.org/10.24065/2237-9460.2017v7n2id299","aberto","Raimundo Santos de Castro; Ademir Donizeti Caldeira","Ademir Donizeti Caldeira","ECM"
"https://openalex.org/W2590737758","10.24065/20177id183","Escola sem partido na Educação do Campo","2017","Revista Exitus","https://openalex.org/S4210238501","2236-2983","https://doi.org/10.24065/20177id183","aberto","Maria Cristina dos Santos Bezerra; Luiz Bezerra Neto","Luiz Bezerra Neto; Maria Cristina dos Santos","EPFH; RED"
"https://openalex.org/W4255151797","10.24065/201771id183","Escola sem partido na Educação do Campo","2017","Revista Exitus","https://openalex.org/S4210238501","2236-2983","https://doi.org/10.24065/201771id183","aberto","Maria Cristina dos Santos Bezerra; Luiz Bezerra Neto","Luiz Bezerra Neto; Maria Cristina dos Santos","EPFH; RED"
"https://openalex.org/W2594757792","10.1590/2175-623656159","Escola Vista de Fora: o que dizem as famílias?","2017","Educação & Realidade","https://openalex.org/S2739092582","0100-3143","https://doi.org/10.1590/2175-623656159","aberto","Luana Costa Almeida; Luana Ferrarotto; Maria Márcia Sigrist Malavasi","Luana Costa Almeida","EETPC"
"https://openalex.org/W2751779888","10.4013/edu.2017.212.06","Escolas vizinhas, desempenho e composição socioeconômica desiguais: investigando a desigualdade escolar","2017","Educação Unisinos","https://openalex.org/S2736521713","1519-387X","https://doi.org/10.4013/edu.2017.212.06","aberto","Luana Costa Almeida","Luana Costa Almeida","EETPC"
"https://openalex.org/W2615773577","10.20396/zet.v25i1.8647556","Estado do conhecimento sobre o formador de professores de Matemática no Brasil","2017","Zetetiké","https://openalex.org/S4210231406","0104-4877","https://doi.org/10.20396/zet.v25i1.8647556","aberto","Flávia Cristina Figueiredo Coura; Cármen Lúcia Brancaglion Passos","Carmen Lucia Brancaglion Passos","ECM"
"https://openalex.org/W2756501860","10.4322/2526-8910.ctoed22503","Estamos no nosso melhor momento...","2017","Cadernos Brasileiros de Terapia Ocupacional ","https://openalex.org/S4210189390","0104-4931","https://doi.org/10.4322/2526-8910.ctoed22503","aberto","Roseli Esquerdo Lopes; Daniel Marinho Cezar da Cruz; Ana Paula Serrata Malfitano","Roseli Esquerdo Lopes","HFSE"
"https://openalex.org/W2766711677","10.5902/1984686x18170","Estudo bibliométrico da produção científica sobre a associação de pais e amigos dos excepcionais","2017","Revista Educação Especial","https://openalex.org/S2737780775","1808-270X","https://doi.org/10.5902/1984686x18170","aberto","João Henrique da Silva; María Cristina Piumbato Innocentini Hayashi","Maria Cristina Piumbato Innocentini Hayashi","HFSE"
"https://openalex.org/W2593669885","10.1590/s1517-9702201701151678","Fatores de caracterização da educação não formal: uma revisão da literatura","2017","Educação e Pesquisa","https://openalex.org/S2736467988","1517-9702","https://doi.org/10.1590/s1517-9702201701151678","aberto","Joana Brás Varanda Marques; Denise de Freitas","Denise de Freitas","ECM"
"https://openalex.org/W4254480480","10.14244/198271992335","Foreword","2017","Revista Eletrônica de Educação","https://openalex.org/S2736679368","1982-7199","https://doi.org/10.14244/198271992335","aberto","Luiz Roberto Gomes; Luciana Azevedo Rodrígues; Alex Sander da Silva","Luiz Roberto Gomes","ECS"
"https://openalex.org/W4237564016","10.14244/198271992242","Foreword","2017","Revista Eletrônica de Educação","https://openalex.org/S2736679368","1982-7199","https://doi.org/10.14244/198271992242","aberto","Marisa Bittar","Marisa Bittar","HFSE"
"https://openalex.org/W2743776920","10.5007/2175-795x.2017v35n2p658","Formação e produção de conhecimento na universidade: estratégias de graduandos e pós-graduandos para a inserção no campo","2017","Perspectiva","https://openalex.org/S2737309421","0102-5473","https://doi.org/10.5007/2175-795x.2017v35n2p658","aberto","Maísa Aparecida de Oliveira; Maria Cristina da Silveira Galan Fernandes","Maria Cristina da Silveira Galan Fernandes","EPFH"
"https://openalex.org/W2752443570","10.22483/2177-5796.2017v19n2p329-346","Formação em serviço:","2017","Quaestio revista de estudos em educação","https://openalex.org/S4210195366","1518-2886","https://doi.org/10.22483/2177-5796.2017v19n2p329-346","aberto","Márcia Regina Onofre; Andressa de Oliveira Martins","Márcia Regina Onofre","FPOAE"
"https://openalex.org/W2927657835","10.36311/0102-5864.2017.v54n2.07.p58","Formação escolar de Gramsci: escolha da profissão - Sardenha e Turim (1891-1915)","2017","Revista Novos Rumos","https://openalex.org/S4210215995","0102-5864","https://doi.org/10.36311/0102-5864.2017.v54n2.07.p58","aberto","Paolo Nosella","Paolo Nosella","HFSE"
"https://openalex.org/W2608985745","10.4013/edu.2017.211.05","Fundamentos teórico-conceituais da pesquisa em práticas sociais e processos educativos","2017","Educação Unisinos","https://openalex.org/S2736521713","1519-387X","https://doi.org/10.4013/edu.2017.211.05","aberto","Diogo Marques Tafuri; Luiz Gonçalves","Luiz Gonçalves Junior","PSPE"
"https://openalex.org/W2772815937","10.14244/198271992392","Gestão, currículo e ensino em análise: por uma escola pública justa e democrática","2017","Revista Eletrônica de Educação","https://openalex.org/S2736679368","1982-7199","https://doi.org/10.14244/198271992392","aberto","Emilía Freitas de Lima; Celso Luiz Aparecido Conti; Renata Maria Moschen Nascente","Celso Luiz Aparecido Conti; Emilia Freitas de Lima; Renata Maria Moschen Nascente","EETPC"
"https://openalex.org/W2745494860","10.14244/198271992154","Hermenêutica objetiva e pesquisa empírica em educação: a experiência com os estudos de sala de aula em Frankfurt am Main","2017","Revista Eletrônica de Educação","https://openalex.org/S2736679368","1982-7199","https://doi.org/10.14244/198271992154","aberto","Luiz Roberto Gomes","Luiz Roberto Gomes","ECS"
"https://openalex.org/W2756443592","10.22294/eduper/ppge/ufv.v8i2.731","Imbricações entre violência, indisciplina e gênero em livros de ocorrências escolares","2017","Educação em Perspectiva","https://openalex.org/S2737779140","2178-258X","https://doi.org/10.22294/eduper/ppge/ufv.v8i2.731","aberto","Renata Maria Moschen Nascente; Maria Cecília Kerches de Menezes; Paola Karuliny Guarnieri","Renata Maria Moschen Nascente","EETPC"
"https://openalex.org/W2596159975","10.22476/revcted.v2i2.94","Infância na contemporaneidade: questões para os estudos sociológicos da infância (Childhood in the contemporary world: questions for the sociological studies of childhood)","2017","Crítica Educativa","https://openalex.org/S2737611088","2447-4223","https://doi.org/10.22476/revcted.v2i2.94","aberto","Anete Abramowicz; Andrea Braga Moruzzi","Andrea Braga Moruzzi","RED"
"https://openalex.org/W2768885359","10.29286/rep.v26i62/2.5504","Infâncias, saberes e diversidade: um diálogo com a Educação Infantil","2017","Revista de Educação Pública","https://openalex.org/S4210186873","0104-5962","https://doi.org/10.29286/rep.v26i62/2.5504","aberto","Vilma Aparecida de Pinho; Cleonice Maria Tomazzetti","Cleonice Maria Tomazzetti","FPOAE"
"https://openalex.org/W2800856211","10.14572/nuances.v28i2.4550","INTERAÇÕES ENTRE CRIANÇAS EM BRINCADEIRA NA EDUCAÇÃO INFANTIL: CONTRIBUIÇÕES PARA A CONSTRUÇÃO DA IDENTIDADE","2017","Nuances estudos sobre Educação","https://openalex.org/S4210191935","1413-9855","https://doi.org/10.14572/nuances.v28i2.4550","aberto","Camila Tanure Duarte; Fernando Donizete Alves; Aline Sommerhalder","Aline Sommerhalder; Fernando Donizete Alves","EETPC"
"https://openalex.org/W2568168405","10.17058/rea.v25i1.7850","INTERAÇÕES VIRTUAIS ENTRE TUTORES E ESTUDANTES NO MOODLE: PROCESSOS EDUCATIVOS EM CONTEXTO DE ESTÁGIO NA EDUCAÇÃO INFANTIL","2017","Reflexão e Ação","https://openalex.org/S2737402097","0103-8842","https://doi.org/10.17058/rea.v25i1.7850","aberto","Luana Zanotto; Aline Sommerhalder; Maria Elisa Nicolielo; Andressa de Oliveira Martins","Aline Sommerhalder","EETPC"
"https://openalex.org/W2750381123","10.5216/rir.v13i2.47798","INTERSECTIONS ON RELIGION AND DIVERSITY IN THE TV SERIES GLEE","2017","Itinerarius Reflectionis","https://openalex.org/S2737048891","1679-2009","https://doi.org/10.5216/rir.v13i2.47798","aberto","Nilson Fernandes Dinis","Nilson Fernandes Dinis","ECS"
"https://openalex.org/W2734970708","10.33871/nupem.v9i17.319","Jogos e resolução de problemas na formação continuada e em aulas de matemática do 1º ano do ensino fundamental","2017","Revista NUPEM","https://openalex.org/S2737385783","2175-7429","https://doi.org/10.33871/nupem.v9i17.319","aberto","Sandra Alves de Oliveira; Júlia Caroline de Araújo Almeida; Vanessa Aparecida Colus; Cármen Lúcia Brancaglion Passos","Carmen Lucia Brancaglion Passos","ECM"
"https://openalex.org/W2622969462","10.5007/2175-8042.2017v29n51p174","Jovens: escola, futebol e projetos de vida","2017","Motrivivência","https://openalex.org/S4210219476","0103-4111","https://doi.org/10.5007/2175-8042.2017v29n51p174","aberto","Bruno Martins Ferreira; Osmar Moreira de Souza; Luana Zanotto; Fernando Donizete Alves","Fernando Donizete Alves; Osmar Moreira de Souza Junior","EETPC; PSPE"
"https://openalex.org/W2749852935","10.24280/ape.v2i5.229","Juventude, voluntariado e práticas socioeducativas na região metropolitana de Campinas","2017","Argumentos Pró-Educação","https://openalex.org/S4210214586","2448-2803","https://doi.org/10.24280/ape.v2i5.229","aberto","Luís Antônio Groppo","Luís Antonio Groppo","HFSE"
"https://openalex.org/W2591421025","10.18224/educ.v19i3.5440","Juventudes universitárias: participação política e processos educativos em uma universidade do interior de Minas Gerais","2017","Revista Educativa - Revista de Educação","https://openalex.org/S2736632036","1415-0492","https://doi.org/10.18224/educ.v19i3.5440","aberto","Luís Antônio Groppo","Luís Antonio Groppo","HFSE"
"https://openalex.org/W2765369603","10.1590/2177-9465-ean-2016-0369","Knowing nursing team care practices in relation to newborns in end-of-life situations","2017","Escola Anna Nery","https://openalex.org/S156506154","1414-8145","https://doi.org/10.1590/2177-9465-ean-2016-0369","aberto","Isabella Navarro Silva; Natália Rejane Salim; Regina Szylit Bousso; Patricia Stella Silva Sampaio; Carolliny Rossi de Faria Ichikawa; Maiara Rodrigues dos Santos","Natália Rejane Salim","PSPE"
"https://openalex.org/W2749812227","10.22600/1518-8795.ienci2017v22n2p154","LA GESTIÓN DEL AGUA EN UN MUNICÍPIO: UNA OPORTUNIDAD PARA CONECTAR LA ESCUELA, LA CIUDAD Y EL MUNDO","2017","Investigações em Ensino de Ciências","https://openalex.org/S4210167575","1518-8795","https://doi.org/10.22600/1518-8795.ienci2017v22n2p154","aberto","Marta Fonolleda Riberaygua; Denise de Freitas; Tárcio Minto Fabrício","Denise de Freitas","ECM"
"https://openalex.org/W2594598764","10.17583/rasp.2017.2430","Las Personas Mayores en la Educación de Jóvenes y Adultos: Contribuciones del Periódico Psicologia: Reflexao e Crítica (de 2000 a 2012)","2017","Research on Ageing and Social Policy","https://openalex.org/S4210222696","2014-671X","https://doi.org/10.17583/rasp.2017.2430","aberto","Fabiana Marini Braga; Adriana Zakia Costa","Fabiana Marini Braga","EETPC"
"https://openalex.org/W2615581811","10.1590/s1980-6574201700020008","Learning of Teaching in the Professional Socialization in Physical Education","2017","Motriz Revista de Educação Física","https://openalex.org/S54036821","1415-9805","https://doi.org/10.1590/s1980-6574201700020008","aberto","Samuel de Souza Neto; Dijnane Vedovatto; Mellissa Fernanda Gomes da Silva","Dijnane Fernanda Vedovatto Machado","FPOAE"
"https://openalex.org/W2608722873","10.1590/1980-6248-2016-0055","Lembrar para elaborar: reflexões sobre a alfabetização crítica da mídia digital","2017","Pro-Posições","https://openalex.org/S4210208850","0103-7307","https://doi.org/10.1590/1980-6248-2016-0055","aberto","Antônio Álvaro Soares Zuin; Vânia Gomes Zuin","Antonio Alvaro Soares Zuin","ECS"
"https://openalex.org/W2611299618","10.5902/1984644424524","Macro e micro regulações da/na escola: avaliações externas em foco","2017","Educação (UFSM)","https://openalex.org/S2738869710","0101-9031","https://doi.org/10.5902/1984644424524","aberto","Renata Maria Moschen Nascente; Celso Luiz Aparecido Conti; Emilía Freitas de Lima","Celso Luiz Aparecido Conti; Emilia Freitas de Lima; Renata Maria Moschen Nascente","EETPC"
"https://openalex.org/W2763784374","10.24933/horizontes.v35i2.541","Mathematical modeling and discussions on knowledge for teaching: interactions towards the continuing education of mathematics teachers","2017","Horizontes","https://openalex.org/S4210198334","0103-7706","https://doi.org/10.24933/horizontes.v35i2.541","aberto","Rogério Marques Ribeiro; Arthur B. Powell; Ademir Donizeti Caldeira","Ademir Donizeti Caldeira","ECM"
"https://openalex.org/W2580185093","10.19132/1808-5245230.254-273","Métricas científicas em estudos bibliométricos: detecção de outliers para dados univariados","2017","Em Questão","https://openalex.org/S4210172795","1807-8893","https://doi.org/10.19132/1808-5245230.254-273","aberto","Luís Fernando Maia Lima; Alexandre Masson Maroldi; Dávilla Vieira Odízio da Silva; Carlos Roberto Massao Hayashi; María Cristina Piumbato Innocentini Hayashi","Carlos Roberto Massao Hayashi; Maria Cristina Piumbato Innocentini Hayashi","HFSE"
"https://openalex.org/W2562091221","10.33871/nupem.v8i15.155","Modelagem matemática na educação básica: dificuldades apresentadas pelos professores recém-egressos formados em modelagem na perspectiva da educação Matemática","2017","Revista NUPEM","https://openalex.org/S2737385783","2175-7429","https://doi.org/10.33871/nupem.v8i15.155","aberto","Amauri Jersi Ceolim; Ademir Donizeti Caldeira","Ademir Donizeti Caldeira","ECM"
"https://openalex.org/W2657359351","10.17652/rpot/2017.2.12328","Modelos de gestão e o sofrimento de servidores assistentes em administração","2017","Revista Psicologia Organizações e Trabalho","https://openalex.org/S4210170862","1984-6657","https://doi.org/10.17652/rpot/2017.2.12328","aberto","Thiago Loureiro; Glauco Henrique de Sousa Mendes; Eduardo Pinto e Silva","Eduardo Pinto e Silva","EPFH"
"https://openalex.org/W2545936641","10.21723/riaee.v12.n2.9074","Mudanças nas interações sociais e mobilidade na educação com a mediação das Tecnologias Digitais de Informação e Comunicação","2017","Revista Ibero-Americana de Estudos em Educação","https://openalex.org/S2737552301","1982-5587","https://doi.org/10.21723/riaee.v12.n2.9074","aberto","Erika Giacometti Rocha; Daniel Mill","Daniel Ribeiro Silva Mill","ECS"
"https://openalex.org/W2800081536","10.24220/2318-0870v22n1a3519","O curso de mestrado profissional em matemática em rede nacional à luz da teoria de Bourdieu: tensões entre matemática acadêmica e matemática escolar","2017","Revista de Educação PUC-Campinas","https://openalex.org/S4210186489","1519-3993","https://doi.org/10.24220/2318-0870v22n1a3519","aberto","José Vilani de Farias; Denise Silva Vilela","Denise Silva Vilela","ECM"
"https://openalex.org/W2602050748","10.24220/p1519-3993-2017220100008","O curso de mestrado profissional em matemática em rede nacional à luz da teoria de Bourdieu: tensões entre matemática acadêmica e matemática escolar","2017","Revista de Educação PUC-Campinas","https://openalex.org/S4210186489","1519-3993","https://doi.org/10.24220/p1519-3993-2017220100008","aberto","José Vilani de Farias; Denise Silva Vilela","Denise Silva Vilela","ECM"
"https://openalex.org/W2615968409","10.22483/2177-5796.2017v19n1p161-180","O diálogo em Paulo Freire:","2017","Quaestio revista de estudos em educação","https://openalex.org/S4210195366","1518-2886","https://doi.org/10.22483/2177-5796.2017v19n1p161-180","aberto","Ernesto Ferreira Galli; Fabiana Marini Braga","Fabiana Marini Braga","EETPC"
"https://openalex.org/W2626979913","10.5216/ia.v42i1.44030","O DIÁLOGO TRANSFORMADOR A PARTIR DA PEDAGOGIA DA ESPERANÇA DE PAULO FREIRE","2017","Revista Inter-Ação","https://openalex.org/S2738165242","0101-7136","https://doi.org/10.5216/ia.v42i1.44030","aberto","Ernesto Ferreira Galli; Fabiana Marini Braga","Fabiana Marini Braga","EETPC"
"https://openalex.org/W2765332192","10.24220/2318-0870v22n3a3693","O Índice de Desenvolvimento da Educação Básica como indicador de qualidade: ele reflete o trabalho desenvolvido?","2017","Revista de Educação PUC-Campinas","https://openalex.org/S4210186489","1519-3993","https://doi.org/10.24220/2318-0870v22n3a3693","aberto","Ivanilda Vilela Vilas Boas; Luana Costa Almeida","Luana Costa Almeida","EETPC"
"https://openalex.org/W2805966318","10.30612/rehr.v11i22.7955","O inesperado 1977: quarenta anos da criação de Mato Grosso do Sul","2017","Revista Eletrônica História em Reflexão","https://openalex.org/S4210209001","1981-2434","https://doi.org/10.30612/rehr.v11i22.7955","aberto","Marisa Bittar","Marisa Bittar","HFSE"
"https://openalex.org/W2788862019","10.35699/2237-5864.2017.2299","O início da docência no ensino superior","2017","Revista Docência do Ensino Superior","https://openalex.org/S2739087656","2237-5864","https://doi.org/10.35699/2237-5864.2017.2299","aberto","Luana Zanotto; Fernando Donizete Alves","Fernando Donizete Alves","EETPC"
"https://openalex.org/W2616354767","10.1590/1983-21172017190108","O LABORATÓRIO DE QUÍMICA COMO LÓCUS DE EXPERIÊNCIAS FORMATIVAS","2017","Ensaio","https://openalex.org/S2736400552","1415-2150","https://doi.org/10.1590/1983-21172017190108","aberto","Vânia Gomes Zuin; Antônio Álvaro Soares Zuin","Antonio Alvaro Soares Zuin","ECS"
"https://openalex.org/W2612380196","10.20396/rho.v16i70.8645340","O programa de qualidade da escola do Estado de São Paulo","2017","Revista HISTEDBR On-line","https://openalex.org/S4210224784","1676-2584","https://doi.org/10.20396/rho.v16i70.8645340","aberto","Adriana de Castro; Roseli Esquerdo Lopes","Roseli Esquerdo Lopes","HFSE"
"https://openalex.org/W1593084654","10.33871/nupem.v7i12.257","O que temos para brincar? Um estudo sobre os brinquedos encontrados na educação infantil","2017","Revista NUPEM","https://openalex.org/S2737385783","2175-7429","https://doi.org/10.33871/nupem.v7i12.257","aberto","Maria do Carmo Monteiro Kobayashi; Aline Sommerhalder; Fernando Donizete Alves","Aline Sommerhalder; Fernando Donizete Alves","EETPC"
"https://openalex.org/W2751361778","10.21723/riaee.v12.n.esp.2.10308","O uso de objetos de aprendizagem no ensino fundamental: um estudo bibliométrico","2017","Revista Ibero-Americana de Estudos em Educação","https://openalex.org/S2737552301","1982-5587","https://doi.org/10.21723/riaee.v12.n.esp.2.10308","aberto","Flavia Maria Uehara; María Iolanda Monteiro; Daniel Mill; Sílvio Henrique Fiscarelli","Daniel Ribeiro Silva Mill; Maria Iolanda Monteiro","ECS"
"https://openalex.org/W2749655389","10.14244/198271992136","O YouTube e o Cyberbullying de alunos contra professores around the world","2017","Revista Eletrônica de Educação","https://openalex.org/S2736679368","1982-7199","https://doi.org/10.14244/198271992136","aberto","Antônio Álvaro Soares Zuin","Antonio Alvaro Soares Zuin","ECS"
"https://openalex.org/W2752814903","10.1590/1980-4415v31n58a12","Obstáculos e Dificuldades Apresentados por Professores de Matemática Recém-Formados ao Utilizarem Modelagem Matemática em suas Aulas na Educação Básica","2017","Bolema Boletim de Educação Matemática","https://openalex.org/S4210176729","0103-636X","https://doi.org/10.1590/1980-4415v31n58a12","aberto","Amauri Jersi Ceolim; Ademir Donizeti Caldeira","Ademir Donizeti Caldeira","ECM"
"https://openalex.org/W2595801212","10.20396/etd.v19i1.8647616","Ocupações no Sul de Minas: autogestão, formação política e diálogo intergeracional","2017","ETD - Educação Temática Digital","https://openalex.org/S2737549463","1676-2592","https://doi.org/10.20396/etd.v19i1.8647616","aberto","Luís Antônio Groppo; Júnior Roberto Faria Trevisan; Lívia Furtado Borges; Andréa Marques Benetti","Luís Antonio Groppo","HFSE"
"https://openalex.org/W2755248866","10.24065/2237-9460.2017v7n3id362","Origen y evolución del término guajiro","2017","Revista Exitus","https://openalex.org/S4210238501","2236-2983","https://doi.org/10.24065/2237-9460.2017v7n3id362","aberto","Juan Carlos Rodríguez Cruz; Luiz Bezerra Neto; Carlos Antonio Córdova Martínez","Luiz Bezerra Neto","EPFH"
"https://openalex.org/W2619897194","10.14244/198271992196","Os quarenta anos do PPGE/UFSCar em dois momentos da pós-graduação brasileira","2017","Revista Eletrônica de Educação","https://openalex.org/S2736679368","1982-7199","https://doi.org/10.14244/198271992196","aberto","Marisa Bittar","Marisa Bittar","HFSE"
"https://openalex.org/W2765237128","10.20873/uft.2525-4863.2017v2n2p677","Panorama bibliométrico das teses e dissertações sobre educação indígena","2017","Revista Brasileira de Educação do Campo","https://openalex.org/S2738740277","2525-4863","https://doi.org/10.20873/uft.2525-4863.2017v2n2p677","aberto","Alexandre Masson Maroldi; Luís Fernando Maia Lima; Carlos Roberto Massao Hayashi; María Cristina Piumbato Innocentini Hayashi","Carlos Roberto Massao Hayashi; Maria Cristina Piumbato Innocentini Hayashi","HFSE"
"https://openalex.org/W2901217286","10.24280/ape.v2i6.327","Pareceristas Ad Hoc 2017","2017","Argumentos Pró-Educação","https://openalex.org/S4210214586","2448-2803","https://doi.org/10.24280/ape.v2i6.327","aberto","Luana Costa Almeida","Luana Costa Almeida","EETPC"
"https://openalex.org/W2770360786","10.26512/lc.v23i50.5067","Participação e conflitos na gestão de escola transformada em comunidades de aprendizagem","2017","Linhas Crí­ticas","https://openalex.org/S4210172282","1516-4896","https://doi.org/10.26512/lc.v23i50.5067","aberto","Edneia Virgínia Pinheiro; Celso Luiz Aparecido Conti","Celso Luiz Aparecido Conti","EETPC"
"https://openalex.org/W2737872974","10.22633/rpge.v0i18.9373","Percursos formativos de gestores escolares: grupo de referência","2017","Revista on line de Política e Gestão Educacional","https://openalex.org/S2736709357","1519-9029","https://doi.org/10.22633/rpge.v0i18.9373","aberto","Renata Maria Moschen Nascente","Renata Maria Moschen Nascente","EETPC"
"https://openalex.org/W2790335056","10.5585/eccos.n44.8015","Pesquisa, pós-graduação e conhecimento-mercadoria aplicado no Brasil","2017","EccoS – Revista Científica","https://openalex.org/S4210177415","1517-1949","https://doi.org/10.5585/eccos.n44.8015","aberto","Celso Do Prado Ferraz de Carvalho; João dos Reis Silva Júnior","Joao dos Reis Silva Junior","EPFH"
"https://openalex.org/W4254411935","10.5585/eccos.n0.8015","Pesquisa, pós-graduação e conhecimento-mercadoria aplicado no Brasil","2017","EccoS – Revista Científica","https://openalex.org/S4210177415","1517-1949","https://doi.org/10.5585/eccos.n0.8015","aberto","Celso Do Prado Ferraz de Carvalho; João dos Reis Silva Júnior","Joao dos Reis Silva Junior","EPFH"
"https://openalex.org/W2564207606","10.33871/nupem.v8i15.149","Pesquisas em educação Matemática: práticas formativas nos cursos de licenciatura em Matemática","2017","Revista NUPEM","https://openalex.org/S2737385783","2175-7429","https://doi.org/10.33871/nupem.v8i15.149","aberto","Cármen Lúcia Brancaglion Passos; Cristina Satiê de Oliveira Pátaro","Carmen Lucia Brancaglion Passos","ECM"
"https://openalex.org/W4221033361","10.14393/repod.issn.2238-8346.v6n3a2017-10","Políticas educacionais para a Educação do Campo: uma análise histórica","2017","Revista Educação e Políticas em Debate","https://openalex.org/S4210220395","2238-8346","https://doi.org/10.14393/repod.issn.2238-8346.v6n3a2017-10","aberto","Klívia de Cássia Silva Nunes; Luiz Bezerra Neto","Luiz Bezerra Neto","EPFH"
"https://openalex.org/W2745415364","10.14244/198271991730","Práticas pedagógicas bem sucedidas: um diálogo com discursos de professoras","2017","Revista Eletrônica de Educação","https://openalex.org/S2736679368","1982-7199","https://doi.org/10.14244/198271991730","aberto","Heloísa Chalmers Sisla; Ana Paula Gestoso de Souza","Ana Paula Gestoso de Souza","FPOAE"
"https://openalex.org/W2773971258","10.19091/reced.v1i38.620","Práticas socioeducativas e jovens no sul de Minas Gerais (p. 155-174)","2017","REVISTA DE CIÊNCIAS DA EDUCAÇÃO","https://openalex.org/S2736723182","1518-7039","https://doi.org/10.19091/reced.v1i38.620","aberto","Luís Antônio Groppo; Lívia Silva Macedo","Luís Antonio Groppo","HFSE"
"https://openalex.org/W2758565019","10.4025/actascieduc.v39i4.31676","Práxis educativa para as populações campesinas brasileiras: do ruralismo pedagógico ao materialismo histórico-dialético","2017","Acta Scientiarum Education","https://openalex.org/S2738354532","2178-5198","https://doi.org/10.4025/actascieduc.v39i4.31676","aberto","Flávio Reis dos Santos; Luiz Bezerra Neto","Luiz Bezerra Neto","EPFH"
"https://openalex.org/W2761642792","10.29286/rep.v26i63.2470","Processos formativos de professoras de Educação Infantil: olhares sobre a profissão","2017","Revista de Educação Pública","https://openalex.org/S4210186873","0104-5962","https://doi.org/10.29286/rep.v26i63.2470","aberto","Márcia Regina Onofre; Cleonice Maria Tomazzetti; Andressa de Oliveira Martins","Cleonice Maria Tomazzetti; Márcia Regina Onofre","FPOAE"
"https://openalex.org/W2765103079","10.15601/1189","Professora ""3 em 1"": a organização do trabalho pedagógico com a matemática em uma classe multisseriada","2017","Formação Docente","https://openalex.org/S4210220160","2237-0587","https://doi.org/10.15601/1189","aberto","Bruna Mendes Muniz; Klinger Teodoro Ciríaco","Klinger Teodoro Ciríaco","FPOAE"
"https://openalex.org/W2794227793","10.35699/2237-5864.2017.2268","Proposta pedagógica para a avaliação por pares em atividades de execução musical","2017","Revista Docência do Ensino Superior","https://openalex.org/S2739087656","2237-5864","https://doi.org/10.35699/2237-5864.2017.2268","aberto","Daniel Mill; Glauber Lúcio Alves Santiago; José Alessandro Gonçalves Silva; Isamara Alves Carvalho","Daniel Ribeiro Silva Mill","ECS"
"https://openalex.org/W2772614761","10.21723/riaee.v12.n4.out./dez.2017.8915","Relações educativas de professoras com crianças de zona rural: uma leitura das práticas pedagógicas em um contexto de escola urbana","2017","Revista Ibero-Americana de Estudos em Educação","https://openalex.org/S2737552301","1982-5587","https://doi.org/10.21723/riaee.v12.n4.out./dez.2017.8915","aberto","Luana Zanotto; Fernando Donizete Alves; Aline Sommerhalder","Aline Sommerhalder; Fernando Donizete Alves","EETPC"
"https://openalex.org/W2619700669","10.14244/198271992044","Relações étnico-raciais na produção científica do PPGE/UFSCar","2017","Revista Eletrônica de Educação","https://openalex.org/S2736679368","1982-7199","https://doi.org/10.14244/198271992044","aberto","Ivanilda Amado Cardoso; Fernanda Vieira da Silva Santos; Tatiane Cosentino Rodrigues","Tatiane Cosentino Rodrigues","RED"
"https://openalex.org/W2747089482","10.11606/issn.1983-6023.sank.2017.137184","REPRESENTAÇÕES DISCURSIVAS E IMAGÉTICAS SOBRE AS RELAÇÕES RACIAIS NO BRASIL NA REVISTA O CORREIO DA UNESCO","2017","Sankofa","https://openalex.org/S4210188809","1983-6023","https://doi.org/10.11606/issn.1983-6023.sank.2017.137184","aberto","Ana Cristina Juvenal da Cruz","Ana Cristina Juvenal da Cruz","RED"
"https://openalex.org/W4253886390","10.5935/2238-1279.20170028","Saberes docentes e as tecnologias de informação e comunicação: reflexões a partir de experiências pedagógicas","2017","Revista Educação e Cultura Contemporânea/Educação e Cultura Contemporânea","https://openalex.org/S4210197880","1807-2194","https://doi.org/10.5935/2238-1279.20170028","aberto","Rita de Cassia de Souza Landin; María Iolanda Monteiro","Maria Iolanda Monteiro","ECS"
"https://openalex.org/W2771645820","10.29148/labor.v1i17.19300","SUD MENNUCCI – EDUCADOR PAULISTA: PORQUE ESTUDÁ-LO HOJE?","2017","Revista Labor","https://openalex.org/S4210218232","1983-5000","https://doi.org/10.29148/labor.v1i17.19300","aberto","Lis Angelis Padilha de Menezes; Paolo Nosella","Paolo Nosella","HFSE"
"https://openalex.org/W2780102296","10.11606/1807-5509201700010135","Supervised traineeship: locus of professional socialization, habitus and knowledge production","2017","Revista Brasileira de Educação Física e Esporte","https://openalex.org/S2736567417","1807-5509","https://doi.org/10.11606/1807-5509201700010135","aberto","José Miguel Correa Gorospe; Samuel Souza Neto; Dijnane Vedovatto","Dijnane Fernanda Vedovatto Machado","FPOAE"
"https://openalex.org/W2619204385","10.20435/inter.v18i2.1421","Tecnologia e sociedade: Álvaro Vieira Pinto e a filosofia do desenvolvimento social","2017","Interações (Campo Grande)","https://openalex.org/S4210171864","1518-7012","https://doi.org/10.20435/inter.v18i2.1421","aberto","Geovane Ferreira Gomes; Cidoval Morais de Sousa; María Cristina Piumbato Innocentini Hayashi","Maria Cristina Piumbato Innocentini Hayashi","HFSE"
"https://openalex.org/W2992686962","10.33871/nupem.v8i15.152","Tecnologias na formação de licenciandos em Matemática: o ensino de funções quadráticas","2017","Revista NUPEM","https://openalex.org/S2737385783","2175-7429","https://doi.org/10.33871/nupem.v8i15.152","aberto","Rosefran Adriano Gonçales Cibotto; Rosa Maria Moraes Anunciato","Rosa Maria Moraes Anunciato","FPOAE"
"https://openalex.org/W2788278438","10.30715/rbpe.v19.n2.2017.10921","Teoria crítica e infância: a caracterização do conceito no contexto de expropriação das experiências formativas","2017","Doxa Revista Brasileira de Psicologia e Educação","https://openalex.org/S4210208115","1413-2060","https://doi.org/10.30715/rbpe.v19.n2.2017.10921","aberto","Andrea Calderan; Luiz Roberto Gomes","Luiz Roberto Gomes","ECS"
"https://openalex.org/W2573792498","10.1007/s41024-017-0022-0","The importance of the European standard EN 1504, on the protection and repair of concrete structures","2017","Journal of Building Pathology and Rehabilitation","https://openalex.org/S4210234629","2365-3159","https://doi.org/10.1007/s41024-017-0022-0","fechado","F. C. B. Monteiro; Leandro Mouta Trautwein; Luana Costa Almeida","Luana Costa Almeida","EETPC"
"https://openalex.org/W2624411947","10.4025/imagenseduc.v7i2.34615","TPACK – CONHECIMENTO TECNOLÓGICO E PEDAGÓGICO DO CONTEÚDO: UMA REVISÃO TEÓRICA","2017","Imagens da Educação","https://openalex.org/S4210235954","2179-8427","https://doi.org/10.4025/imagenseduc.v7i2.34615","aberto","Rosefran Adriano Gonçales Cibotto; Rosa Maria Moraes Anunciato","Rosa Maria Moraes Anunciato","FPOAE"
"https://openalex.org/W2758115715","10.4322/2526-8910.ctoao1060","TRAVESTILIDADE, TRANSEXUALIDADE E DEMANDAS PARA A FORMAÇÃO DE TERAPEUTAS OCUPACIONAIS","2017","Cadernos Brasileiros de Terapia Ocupacional ","https://openalex.org/S4210189390","0104-4931","https://doi.org/10.4322/2526-8910.ctoao1060","aberto","Jaime Daniel Leite; Roseli Esquerdo Lopes","Roseli Esquerdo Lopes","HFSE"
"https://openalex.org/W2789394202","10.21573/vol33n32017.79307","Visões de diretoras de escola sobre políticas públicas e determinações legais educacionais","2017","Revista Brasileira de Política e Administração da Educação - Periódico científico editado pela ANPAE","https://openalex.org/S4210196848","1678-166X","https://doi.org/10.21573/vol33n32017.79307","aberto","Celso Luiz Aparecido Conti; Emilía Freitas de Lima; Renata Maria Moschen Nascente","Celso Luiz Aparecido Conti; Emilia Freitas de Lima; Renata Maria Moschen Nascente","EETPC"
"https://openalex.org/W2790081014","10.22633/rpge.v21.n3.2017.10091","Vivência tecnológica na educação básica: uma estratégia para o ensino e aprendizagem de professores e alunos","2017","Revista on line de Política e Gestão Educacional","https://openalex.org/S2736709357","1519-9029","https://doi.org/10.22633/rpge.v21.n3.2017.10091","aberto","Giseli de Souza Lucas; María Iolanda Monteiro","Maria Iolanda Monteiro","ECS"
"https://openalex.org/W2516687763","10.33871/23594373.2015.17.02.598","""O outro lado da moeda"" : a Educação Infantil na perspectiva das famílias","2016","Luminária","https://openalex.org/S4393917427","1519-745X","https://doi.org/10.33871/23594373.2015.17.02.598","aberto","Josiane Miranda Roman; Klinger Teodoro Ciríaco","Klinger Teodoro Ciríaco","FPOAE"
"https://openalex.org/W2532288545","10.21723/riaee.v11.n3.7179","A atividade discente na universidade: caracterização dos estudantes e impactos da produtividade acadêmica","2016","Revista Ibero-Americana de Estudos em Educação","https://openalex.org/S2737552301","1982-5587","https://doi.org/10.21723/riaee.v11.n3.7179","aberto","Maísa Aparecida de Oliveira; Maria Cristina da Silveira Galan Fernandes","Maria Cristina da Silveira Galan Fernandes","EPFH"
"https://openalex.org/W2410075067","10.14244/198271991449","A ciência no espaço educacional da criança: do fazer ciência à ciência do fazer","2016","Revista Eletrônica de Educação","https://openalex.org/S2736679368","1982-7199","https://doi.org/10.14244/198271991449","aberto","Carolina Rodrigues de Souza","Carolina Rodrigues de Souza","ECM"
"https://openalex.org/W2526047764","10.19132/1808-5245223.161-183","A comunicação da ciência em eventos científicos na visão de pesquisadores","2016","Em Questão","https://openalex.org/S4210172795","1807-8893","https://doi.org/10.19132/1808-5245223.161-183","aberto","María Cristina Piumbato Innocentini Hayashi; Vera Aparecida Lui Guimarães","Maria Cristina Piumbato Innocentini Hayashi","HFSE"
"https://openalex.org/W2524717779","10.5747/ch.2016.v13.n2.h248","A CONSTITUIÇÃO DO SER PROFESSORA NA EDUCAÇÃO ESPECIAL DURANTE O PRIMEIRO ANO DE CARREIRA","2016","Colloquium humanarum","https://openalex.org/S2738472558","1679-6470","https://doi.org/10.5747/ch.2016.v13.n2.h248","aberto","Priscila Nataly Oliveira Rigonato; Klinger Teodoro Ciríaco","Klinger Teodoro Ciríaco","FPOAE"
"https://openalex.org/W2515876325","10.29286/rep.v25i59/1.3678","A Cultura Digital, o Professor-Criança e o Aluno-Adulto","2016","Revista de Educação Pública","https://openalex.org/S4210186873","0104-5962","https://doi.org/10.29286/rep.v25i59/1.3678","aberto","Antônio Álvaro Soares Zuin","Antonio Alvaro Soares Zuin","ECS"
"https://openalex.org/W2560210602","10.4322/0104-4931.ctoao0798","A DIVULGAÇÃO DO CONHECIMENTO EM TERAPIA OCUPACIONAL NO BRASIL: UM RETRATO NOS SEUS PERIÓDICOS","2016","Cadernos Brasileiros de Terapia Ocupacional ","https://openalex.org/S4210189390","0104-4931","https://doi.org/10.4322/0104-4931.ctoao0798","aberto","Roseli Esquerdo Lopes; Maria Luiza Mangino Cardoso Duarte; Beatriz Prado Pereira; Fátima Corrêa Oliver; Ana Paula Serrata Malfitano","Roseli Esquerdo Lopes","HFSE"
"https://openalex.org/W2607174698","10.5585/eccos.n40.3934","A educação popular e o campo das práticas socioeducativas: considerações sobre a história da educação popular e de seus desafios atuais","2016","EccoS – Revista Científica","https://openalex.org/S4210177415","1517-1949","https://doi.org/10.5585/eccos.n40.3934","aberto","Luís Antônio Groppo; Suzana Costa Coutinho","Luís Antonio Groppo","HFSE"
"https://openalex.org/W2567871132","10.1590/0102-4698162033","A educação superior no Brasil diante da mundialização do capital","2016","Educação em Revista","https://openalex.org/S4210230971","0102-4698","https://doi.org/10.1590/0102-4698162033","aberto","Deise Mancebo; João dos Reis Silva Júnior; Daniel Schugurensky","Joao dos Reis Silva Junior","EPFH"
"https://openalex.org/W2592104769","10.33871/23594381.2016.14.2.771","A FORMAÇÃO DE FUTUROS PROFESSORES PELA PESQUISA: QUAIS DESAFIOS?","2016","Revista Ensino & Pesquisa","https://openalex.org/S4210175726","1676-1030","https://doi.org/10.33871/23594381.2016.14.2.771","aberto","Klinger Teodoro Ciríaco; Valéria Nantes Camelo","Klinger Teodoro Ciríaco","FPOAE"
"https://openalex.org/W2565321082","10.1590/es0101-73302016167198","A FORMAÇÃO NO TEMPO E NO ESPAÇO DA INTERNET DAS COISAS","2016","Educação & Sociedade","https://openalex.org/S2737687728","0101-7330","https://doi.org/10.1590/es0101-73302016167198","aberto","Vânia Gomes Zuin; Antônio Álvaro Soares Zuin","Antonio Alvaro Soares Zuin","ECS"
"https://openalex.org/W2524470598","10.5747/ch.2016.v13.n2.h249","A FORMAÇÃO PARA O ENSINO DE MATEMÁTICA DE PROFESSORAS INICIANTES","2016","Colloquium humanarum","https://openalex.org/S2738472558","1679-6470","https://doi.org/10.5747/ch.2016.v13.n2.h249","aberto","Klinger Teodoro Ciríaco; Gislaine Aparecida Puton Zortêa","Klinger Teodoro Ciríaco","FPOAE"
"https://openalex.org/W2520605772","10.22348/riesup.v2i1.7543","A política de internacionalização da educação superior no plano nacional de pós-graduação (2011-2020)","2016","Revista Internacional de Educação Superior","https://openalex.org/S4210183452","2446-9424","https://doi.org/10.22348/riesup.v2i1.7543","aberto","João dos Reis Silva Júnior; Fabíola Bouth Grello Kato","Joao dos Reis Silva Junior","EPFH"
"https://openalex.org/W2398706908","10.1590/cc0101-32622016162569","A PRISÃO: INSTITUIÇÃO EDUCATIVA?","2016","Cadernos CEDES","https://openalex.org/S63371229","0101-3262","https://doi.org/10.1590/cc0101-32622016162569","aberto","Elenice Maria Cammarosano Onofre","Elenice Maria Cammarosano Onofre","EPFH"
"https://openalex.org/W2555767896","10.5902/1984686x17202","A PRODUÇÃO CIENTÍFICA DA CLASSIFICAÇÃO INTERNACIONAL DE FUNCIONALIDADE INCAPACIDADE E SAÚDE PARA CRIANÇAS E JOVENS – CIF-CJ","2016","Revista Educação Especial","https://openalex.org/S2737780775","1808-270X","https://doi.org/10.5902/1984686x17202","aberto","Cristiane Paiva-Alves; Aline Cirelli Coppede; María Cristina Piumbato Innocentini Hayashi; Cláudia Maria Simões Martinez","Maria Cristina Piumbato Innocentini Hayashi","HFSE"
"https://openalex.org/W2538993643","10.15366/riee2016.9.2.003","A Qualidade da Escola: Debatendo Princípios Rumo à Construção de uma Qualidade Socialmente Referenciada","2016","Revista Iberoamericana de Evaluación Educativa","https://openalex.org/S2738254583","1989-0397","https://doi.org/10.15366/riee2016.9.2.003","aberto","Luana Costa Almeida; Geraldo Antonio Betini","Luana Costa Almeida","EETPC"
"https://openalex.org/W2501789756","10.1590/s0104-12902016150784","A reabilitação profissional no INSS: caminhos da terapia ocupacional","2016","Saúde e Sociedade","https://openalex.org/S2732126","0104-1290","https://doi.org/10.1590/s0104-12902016150784","aberto","Marília Meyer Bregalda; Roseli Esquerdo Lopes","Roseli Esquerdo Lopes","HFSE"
"https://openalex.org/W2512225627","10.20396/etd.v18i3.8645410","A reconstrução de memórias da alimentação na formação inicial de professores de ciências: um reencontro com saberes, sabores, aromas e afetos","2016","ETD - Educação Temática Digital","https://openalex.org/S2737549463","1676-2592","https://doi.org/10.20396/etd.v18i3.8645410","aberto","Adriana Marcela Bogado; Denise de Freitas","Denise de Freitas","ECM"
"https://openalex.org/W3015264648","10.25755/int.9744","A TRANSFORMAÇÃO DA EDUCAÇÃO DENTRO DO ATUAL CONTEXTO","2016","Revistas SARC","https://openalex.org/S7407051322","","https://doi.org/10.25755/int.9744","aberto","Fabiana Marini Braga; Roseli Rodrigues de Mello; Lucimara Cristina de Paula","Fabiana Marini Braga; Roseli Rodrigues de Mello","EETPC"
"https://openalex.org/W2538793425","10.21723/riaee.v11.n3.8194","Acessibilidade, inclusão e tecnologia assistiva: um estudo bibliométrico","2016","Revista Ibero-Americana de Estudos em Educação","https://openalex.org/S2737552301","1982-5587","https://doi.org/10.21723/riaee.v11.n3.8194","aberto","Camila Dias de Oliveira; Daniel Mill","Daniel Ribeiro Silva Mill","ECS"
"https://openalex.org/W2581758956","10.24115/s2446-6220201623191p.70-83","AÇÕES AFIRMATIVAS NA UFSCAR","2016","LAPLAGE EM REVISTA","https://openalex.org/S2738200778","2446-6220","https://doi.org/10.24115/s2446-6220201623191p.70-83","aberto","Ivanilda Amado Cardoso; Tatiane Cosentino Rodrigues; Marcelo Rocha dos Santos","Tatiane Cosentino Rodrigues","RED"
"https://openalex.org/W2587051103","10.28998/2175-6600.2016v8n16p46","ALGUNS APONTAMENTOS: A QUEM INTERESSA A BASE NACIONAL COMUM CURRICULAR PARA A EDUCAÇÃO INFANTIL?","2016","Debates em educação","https://openalex.org/S4210219497","2175-6600","https://doi.org/10.28998/2175-6600.2016v8n16p46","aberto","Anete Abramowicz; Ana Cristina Juvenal da Cruz; Andrea Braga Moruzzi","Ana Cristina Juvenal da Cruz; Andrea Braga Moruzzi","RED"
"https://openalex.org/W2529209992","10.4025/actascieduc.v38i4.24354","Análise da percepção do docente virtual no ensino de música pela educação a distância","2016","Acta Scientiarum Education","https://openalex.org/S2738354532","2178-5198","https://doi.org/10.4025/actascieduc.v38i4.24354","aberto","André Garcia Corrêa; Daniel Mill","Daniel Ribeiro Silva Mill","ECS"
"https://openalex.org/W2586172148","10.20435/2318-1982-2016-v.21-n.43(00)","Apresentação do Dossiê “Práticas de educação não escolar e não formal”","2016","Série-Estudos - Periódico do Programa de Pós-Graduação em Educação da UCDB","https://openalex.org/S4210238243","1414-5138","https://doi.org/10.20435/2318-1982-2016-v.21-n.43(00)","aberto","Dinorá Tereza Zucchetti; Eliana Perez Gonçalves de Moura; Luís Antônio Groppo","Luís Antonio Groppo","HFSE"
"https://openalex.org/W2507602168","10.19177/prppge.v10e172016130-147","AS MUDANÇAS NO ENSINO MÉDIO E SUA RELAÇÃO COM A INTERNACIONALIZAÇÃO DA EDUCAÇÃO SUPERIOR BRASILEIRA","2016","Poiésis - Revista do Programa de Pós-Graduação em Educação","https://openalex.org/S4210172932","2179-2534","https://doi.org/10.19177/prppge.v10e172016130-147","aberto","João dos Reis Silva Júnior; Natália Messina","Joao dos Reis Silva Junior","EPFH"
"https://openalex.org/W2580047599","10.5020/23590777.16.1.91-103","As Transformações Produtivas na Pós-graduação: O Prazer no Trabalho Docente Está Suspenso?","2016","Revista Subjetividades","https://openalex.org/S4210177735","2359-0769","https://doi.org/10.5020/23590777.16.1.91-103","aberto","Fábio Machado Ruza; Eduardo Pinto e Silva","Eduardo Pinto e Silva","EPFH"
"https://openalex.org/W2566249911","10.24934/eef.v19i28.1211","Brincar no recreio escolar: ouvindo crianças dos anos iniciais do ensino fundamental","2016","Educação em Foco","https://openalex.org/S2737392348","1519-3322","https://doi.org/10.24934/eef.v19i28.1211","aberto","Andressa de Oliveira Martins; Fernando Donizete Alves; Aline Sommerhalder","Aline Sommerhalder; Fernando Donizete Alves","EETPC"
"https://openalex.org/W4241030759","10.14244/198271991650","Carta ao Leitor","2016","Revista Eletrônica de Educação","https://openalex.org/S2736679368","1982-7199","https://doi.org/10.14244/198271991650","aberto","Cármen Lúcia Brancaglion Passos","Carmen Lucia Brancaglion Passos","ECM"
"https://openalex.org/W2062330451","10.14244/198271991927","Carta ao Leitor","2016","Revista Eletrônica de Educação","https://openalex.org/S2736679368","1982-7199","https://doi.org/10.14244/198271991927","aberto","Celso Luiz Aparecido Conti","Celso Luiz Aparecido Conti","EETPC"
"https://openalex.org/W1565942944","10.14244/198271991815","Carta ao Leitor","2016","Revista Eletrônica de Educação","https://openalex.org/S2736679368","1982-7199","https://doi.org/10.14244/198271991815","aberto","Carlos Roberto Massao Hayashi","Carlos Roberto Massao Hayashi","HFSE"
"https://openalex.org/W2329591584","10.4322/0104-4931.ctoarf0669","Cidadania e diversidade cultural na pauta das políticas culturais","2016","Cadernos Brasileiros de Terapia Ocupacional ","https://openalex.org/S4210189390","0104-4931","https://doi.org/10.4322/0104-4931.ctoarf0669","aberto","Patrícia Silva Dorneles; Roseli Esquerdo Lopes","Roseli Esquerdo Lopes","HFSE"
"https://openalex.org/W2606101845","10.5433/1981-8920.2016v21n3p05","Colégio invisível, revisão pelos pares e normalização documentária na revista do instituto histórico e geográfico de São Paulo","2016","Informação & Informação","https://openalex.org/S2739172281","1414-2139","https://doi.org/10.5433/1981-8920.2016v21n3p05","aberto","Carlos Roberto Massao Hayashi; Camila Carneiro Dias Rigolin; Vera Aparecida Lui Guimarães; María Cristina Piumbato Innocentini Hayashi","Carlos Roberto Massao Hayashi; Maria Cristina Piumbato Innocentini Hayashi","HFSE"
"https://openalex.org/W2338185054","10.21723/riaee.2016.v11.n1.p204","COMUNIDADE DE PRÁTICA NO ENSINO SUPERIOR","2016","Revista Ibero-Americana de Estudos em Educação","https://openalex.org/S2737552301","1982-5587","https://doi.org/10.21723/riaee.2016.v11.n1.p204","aberto","Vágner Ricardo de Araújo Pereira; Carlos Roberto Massao Hayashi","Carlos Roberto Massao Hayashi","HFSE"
"https://openalex.org/W2575130872","10.21723/riaee.v11.n.esp4.9195","Considerações sobre o processo de apropriação da linguagem escrita na educação infantil","2016","Revista Ibero-Americana de Estudos em Educação","https://openalex.org/S2737552301","1982-5587","https://doi.org/10.21723/riaee.v11.n.esp4.9195","aberto","Abel Gustavo Garay González; Maria Aparecida Mello","Maria Aparecida Mello","EETPC"
"https://openalex.org/W2527100717","10.5747/ch.2016.v13.n2.h252","CONSTRUINDO O INÍCIO DA DOCÊNCIA EM DISTINTOS SEGMENTOS DE ENSINO","2016","Colloquium humanarum","https://openalex.org/S2738472558","1679-6470","https://doi.org/10.5747/ch.2016.v13.n2.h252","aberto","Marcela Marques Umbellino; Klinger Teodoro Ciríaco","Klinger Teodoro Ciríaco","FPOAE"
"https://openalex.org/W2471840120","10.22195/2447-5246v21n120162944","Criações docentes e o papel do ensino de Ciências no combate ao racismo e a discriminações","2016","Educação em Foco","https://openalex.org/S4210193678","0104-3293","https://doi.org/10.22195/2447-5246v21n120162944","aberto","Douglas Verrangia","Douglas Verrangia Correa da Silva","RED"
"https://openalex.org/W4393135268","10.22195/2447-524620162119657","Criações docentes e o papel do ensino de Ciências no combate ao racismo e a discriminações","2016","Educação em Foco","https://openalex.org/S4210193678","0104-3293","https://doi.org/10.22195/2447-524620162119657","aberto","Douglas Verrangia","Douglas Verrangia Correa da Silva","RED"
"https://openalex.org/W2292702306","10.1080/02643944.2015.1134631","Cyberbullying and moral disengagement: an analysis based on a social pedagogy of pastoral care in schools","2016","Pastoral Care in Education","https://openalex.org/S198115067","0264-3944","https://doi.org/10.1080/02643944.2015.1134631","fechado","Chris Kyriacou; Antônio Álvaro Soares Zuin","Antonio Alvaro Soares Zuin","ECS"
"https://openalex.org/W2363743886","10.15601/2237-0587/fd.v8n1p5-25","Da Formação Inicial ao Ingresso na Carreira Docente","2016","Formação Docente","https://openalex.org/S4210220160","2237-0587","https://doi.org/10.15601/2237-0587/fd.v8n1p5-25","aberto","Klinger Teodoro Ciríaco; Magda Mônica Pereira da Costa","Klinger Teodoro Ciríaco","FPOAE"
"https://openalex.org/W2587898312","10.24220/2318-0870v21n3a3435","Desafios da implementação da Lei nº 10.639/03: um estudo de caso de municípios do Estado de São Paulo","2016","Revista de Educação PUC-Campinas","https://openalex.org/S4210186489","1519-3993","https://doi.org/10.24220/2318-0870v21n3a3435","aberto","Tatiane Cosentino Rodrigues; Fabiana Luci de Oliveira; Fernanda Vieira da Silva Santos","Tatiane Cosentino Rodrigues","RED"
"https://openalex.org/W2511692133","10.14244/198271991664","Desdobramentos locais de políticas educacionais globais","2016","Revista Eletrônica de Educação","https://openalex.org/S2736679368","1982-7199","https://doi.org/10.14244/198271991664","aberto","Flávio Caetano da Silva; Celso Luis Aparecido Conti","Flavio Caetano da Silva","ECS"
"https://openalex.org/W2592557811","10.15599/0104-4834/cogeime.v13n25p9-22","Dialética das juventudes modernas e contemporâneas","2016","Revista de Educação do Cogeime","https://openalex.org/S4210209198","0104-4834","https://doi.org/10.15599/0104-4834/cogeime.v13n25p9-22","fechado","Luís Antônio Groppo","Luís Antonio Groppo","HFSE"
"https://openalex.org/W2310352251","10.18593/r.v41i1.8871","DIÁLOGOS AUTOBIOGRÁFICOS: POSSIBILIDADES FORMATIVAS DO CONHECIMENTO DE SI NO INÍCIO DA DOCÊNCIA SUPERIOR","2016","Roteiro","https://openalex.org/S2737795593","0104-4311","https://doi.org/10.18593/r.v41i1.8871","aberto","Renata Cristina da Cunha; Rosa Maria Moraes Anunciato","Rosa Maria Moraes Anunciato","FPOAE"
"https://openalex.org/W2508624195","10.4067/s0718-07052016000100021","Diarios de bicicleta: procesos educativos vivenciados en la Ruta de las Emociones","2016","Estudios pedagógicos","https://openalex.org/S4210230295","0716-050X","https://doi.org/10.4067/s0718-07052016000100021","aberto","Luiz Gonçalves; Denise Aparecida Corrêa; Clayton da Silva Carmo; Sergio Toro Arévalo","Denise Aparecida Correa; Luiz Gonçalves Junior","PSPE"
"https://openalex.org/W4315815400","10.24109/2176-6681.rbep.97i245.3426","Dilemas da docência na educação a distância: um estudo sobre o desenvolvimento profissional na perspectiva dos tutores da Rede e-Tec Brasil","2016","Revista Brasileira de Estudos Pedagógicos","https://openalex.org/S2737504546","0034-7183","https://doi.org/10.24109/2176-6681.rbep.97i245.3426","aberto","Luciane Chaquime; Daniel Mill","Daniel Ribeiro Silva Mill","ECS"
"https://openalex.org/W2565915286","10.5216/ia.v41i2.40704","DIMENSÕES EDUCATIVAS NÃO FORMAIS E INFORMAIS DAS PRÁTICAS CULTURAIS JUVENIS NA CIDADE","2016","Revista Inter-Ação","https://openalex.org/S2738165242","0101-7136","https://doi.org/10.5216/ia.v41i2.40704","aberto","Luís Antônio Groppo; Enzo Goussain","Luís Antonio Groppo","HFSE"
"https://openalex.org/W1937447076","10.5007/2175-795x.2016v34n2p629","Docência virtual em Educação Musical: um estudo sobre adequações pedagógicas para o ensino de música a distância","2016","Perspectiva","https://openalex.org/S2737309421","0102-5473","https://doi.org/10.5007/2175-795x.2016v34n2p629","aberto","André Garcia Corrêa; Daniel Mill","Daniel Ribeiro Silva Mill","ECS"
"https://openalex.org/W2519261261","10.29286/rep.v25i59/2.3821","Educação a Distância: cenários, dilemas e perspectivas","2016","Revista de Educação Pública","https://openalex.org/S4210186873","0104-5962","https://doi.org/10.29286/rep.v25i59/2.3821","aberto","Daniel Mill","Daniel Ribeiro Silva Mill","ECS"
"https://openalex.org/W2589960552","10.9771/gmed.v8i2.18245","EDUCAÇÃO COMO DIREITO UNIVERSAL: MOVIMENTOS SOCIAIS E POLÍTICAS PÚBLICAS DE EDUCAÇÃO PARA AS POPULAÇÕES RURAIS","2016","Germinal Marxismo e Educação em Debate","https://openalex.org/S2739076525","2175-5604","https://doi.org/10.9771/gmed.v8i2.18245","aberto","Luiz Bezerra Neto; Flávio Reis dos Santos; Maria Cristina dos Santos Bezerra","Luiz Bezerra Neto; Maria Cristina dos Santos","EPFH; RED"
"https://openalex.org/W4240299218","10.21879/faeeba2358-0194.2016.v25.n46.p207-225","EDUCAÇÃO DO CAMPO","2016","Revista da FAEEBA- Educação e Contemporaneidade","https://openalex.org/S4210174506","0104-7043","https://doi.org/10.21879/faeeba2358-0194.2016.v25.n46.p207-225","aberto","Taísa Grasiela Gomes Liduenha Gonçalves; María Cristina Piumbato Innocentini Hayashi","Maria Cristina Piumbato Innocentini Hayashi","HFSE"
"https://openalex.org/W2526625704","10.21879/faeeba2358-0194.v25.n46.2710","EDUCAÇÃO DO CAMPO: CONTRIBUIÇÕES PARA O ESTADO DA ARTE DA PRODUÇÃO CIENTÍFICA (2007-2015)","2016","Revista da FAEEBA- Educação e Contemporaneidade","https://openalex.org/S4210174506","0104-7043","https://doi.org/10.21879/faeeba2358-0194.v25.n46.2710","aberto","Taísa Grasiela Gomes Liduenha Gonçalves; María Cristina Piumbato Innocentini Hayashi","Maria Cristina Piumbato Innocentini Hayashi","HFSE"
"https://openalex.org/W2610323972","10.24933/horizontes.v34i1.335","Educação Infantil: sentidos construídos por Tutoras Virtuais sobre o lugar do Estágio na formação de professores a distância","2016","Horizontes","https://openalex.org/S4210198334","0103-7706","https://doi.org/10.24933/horizontes.v34i1.335","aberto","Aline Sommerhalder; Luana Zanotto; Camila Marques dos Santos","Aline Sommerhalder","EETPC"
"https://openalex.org/W2314461553","10.20396/rho.v15i66.8643714","Educação não escolar na Fundação CASA – SP: jovens em situação de privação de liberdade e construção de projetos de vida","2016","Revista HISTEDBR On-line","https://openalex.org/S4210224784","1676-2584","https://doi.org/10.20396/rho.v15i66.8643714","aberto","Julio Francisco; Elenice Maria Cammarosano Onofre","Elenice Maria Cammarosano Onofre","EPFH"
"https://openalex.org/W2397934856","10.1590/cc0101-32622016154306","Educação, escolarização e trabalho em prisões: apontamentos teóricos e reflexões do cotidiano","2016","Cadernos CEDES","https://openalex.org/S63371229","0101-3262","https://doi.org/10.1590/cc0101-32622016154306","aberto","Elenice Maria Cammarosano Onofre","Elenice Maria Cammarosano Onofre","EPFH"
"https://openalex.org/W4299800775","10.3232/rhi.2016.v9.n1.02","El ethos científico y la ciencia “post-académica” en la visión de investigadores brasileños","2016","Revista de Historia Iberoamericana","https://openalex.org/S4363607210","","https://doi.org/10.3232/rhi.2016.v9.n1.02","fechado","Vera Aparecida Lui Guimarães; María Cristina Piumbato Innocentini Hayashi","Maria Cristina Piumbato Innocentini Hayashi","HFSE"
"https://openalex.org/W2514514627","10.3895/rts.v12n25.3654","Ensino de engenharia e inovação tecnológica: como estimular a capacidade de inovar?","2016","Revista Tecnologia e Sociedade","https://openalex.org/S2736415861","1809-0044","https://doi.org/10.3895/rts.v12n25.3654","aberto","Vágner Ricardo de Araújo Pereira; Carlos Roberto Massao Hayashi; Roberto Ferrari","Carlos Roberto Massao Hayashi","HFSE"
"https://openalex.org/W2485027884","10.15600/2238-121x/comunicacoes.v23n1p91-106","ESCOLA DE TEMPO INTEGRAL: REFLEXÕES SOBRE O PAPEL DA ESCOLA A PARTIR DE DIFERENTES EXPERIÊNCIAS NO BRASIL","2016","Comunicações","https://openalex.org/S4210224284","0104-8481","https://doi.org/10.15600/2238-121x/comunicacoes.v23n1p91-106","aberto","Luisa Foppa Bergo; Géssica Priscila Ramos","Gessica Priscila Ramos","EPFH"
"https://openalex.org/W2514871676","10.18675/1981-8106.vol26.n52.p279-294","Estágio curricular supervisionado e a relação teoria e prática: sentidos construídos por licenciandos em Pedagogia","2016","Educação","https://openalex.org/S2738946615","1517-9869","https://doi.org/10.18675/1981-8106.vol26.n52.p279-294","aberto","Aline Sommerhalder; Jarina Rodrigues Fernandes; Camila Tanure Duarte; Camila Marques dos Santos","Aline Sommerhalder; Jarina Rodrigues Fernandes","EETPC"
"https://openalex.org/W2551716204","10.20396/rfe.v8i2.8646397","Ética e formação: o elogio ao processo argumentativo","2016","Filosofia e Educação","https://openalex.org/S4210174746","1984-9605","https://doi.org/10.20396/rfe.v8i2.8646397","aberto","Antônio Álvaro Soares Zuin; Belarmino César Guimarães da Costa","Antonio Alvaro Soares Zuin","ECS"
"https://openalex.org/W2559205545","10.1590/1980-4415v30n56a08","Etnomatemática do Sistema de Contagem Guarani das Aldeias Itaty, do Morro dos Cavalos, e M'Biguaçu","2016","Bolema Boletim de Educação Matemática","https://openalex.org/S4210176729","0103-636X","https://doi.org/10.1590/1980-4415v30n56a08","aberto","Sérgio Florentino da Silva; Ademir Donizeti Caldeira","Ademir Donizeti Caldeira","ECM"
"https://openalex.org/W2342735275","10.18264/eadf.v6i1.331","Formação Continuada a Distância em Conselhos Escolares: Experiências de Ensino e Aprendizagem","2016","EAD em FOCO","https://openalex.org/S4210226534","2177-8310","https://doi.org/10.18264/eadf.v6i1.331","aberto","Ana Lúcia Calbaiser da Silva; Maria Cecília Luiz; Maria Cristina Luiz Ferrarini","Maria Cecilia Luiz","ECS"
"https://openalex.org/W2909188665","10.31639/rbpfp.v8i15.146","Formação de professores e educação na prisão: construindo saberes, cartografando perspectivas","2016","Formação Docente – Revista Brasileira de Pesquisa sobre Formação de Professores","https://openalex.org/S4210178422","2176-4360","https://doi.org/10.31639/rbpfp.v8i15.146","aberto","Elenice Maria Cammarosano Onofre; Camila Cardoso Menott","Elenice Maria Cammarosano Onofre","EPFH"
"https://openalex.org/W2594349791","10.52712/issn.1850-0013-457","Fóruns de Negociações Simulados no Ensino de Engenharia","2016","Revista iberoamericana de ciencia tecnología y sociedad","https://openalex.org/S4387291357","1668-0030","https://doi.org/10.52712/issn.1850-0013-457","aberto","Vágner Ricardo de Araújo Pereira; Carlos Roberto Massao Hayashi","Carlos Roberto Massao Hayashi","HFSE"
"https://openalex.org/W2346303369","10.1080/0046760x.2016.1154191","From practice to theory, Ovide Decroly for Brazilian classrooms: a tale of appropriation","2016","History of Education","https://openalex.org/S105170393","0046-760X","https://doi.org/10.1080/0046760x.2016.1154191","fechado","Alessandra Arce Hai; Frank Simon; Marc Depaepe","Alessandra Arce Hai","ECS"
"https://openalex.org/W2548912532","10.24317/2358-0399.%yv7i1.3076","GRUPO DE ESTUDOS SOBRE A JUVENTUDE DE ALFENAS-MG: RELATO DE EXPERIÊNCIA SOBRE UM PROJETO DE EXTENSÃO UNIVERSITÁRIA","2016","SHILAP Revista de lepidopterología","https://openalex.org/S112646816","0300-5267","https://doi.org/10.24317/2358-0399.%yv7i1.3076","aberto","Ana Thereza Reis Magalhães; Cesione Damasceno; Enzo Goussain; Júnior Roberto Faria Trevisan; Lívia Furtado Borges; Lívia Nolasco Macedo; Luciana Santos; Luís Antônio Groppo; Marta Gouveia de Oliveira Rovai; Mayara Rossato","Luís Antonio Groppo","HFSE"
"https://openalex.org/W4240597011","10.36661/2358-0399.2016v7i1.3076","GRUPO DE ESTUDOS SOBRE A JUVENTUDE DE ALFENAS-MG: RELATO DE EXPERIÊNCIA SOBRE UM PROJETO DE EXTENSÃO UNIVERSITÁRIA","2016","Revista Brasileira de Extensão Universitária","https://openalex.org/S2738057158","1806-2695","https://doi.org/10.36661/2358-0399.2016v7i1.3076","aberto","Ana Thereza Reis Magalhães; Cesione Damasceno; Enzo Goussain; Júnior Roberto Faria Trevisan; Lívia Furtado Borges; Lívia Nolasco Macedo; Luciana Santos; Luís Antônio Groppo; Marta Gouveia de Oliveira Rovai; Mayara Rossato","Luís Antonio Groppo","HFSE"
"https://openalex.org/W2517575399","10.4025/rbhe.v16i3.686","História da Educação nas páginas da Revista do Instituto Histórico e Geográfico de São Paulo","2016","Revista Brasileira de História da Educação","https://openalex.org/S4210217483","1519-5902","https://doi.org/10.4025/rbhe.v16i3.686","aberto","Maria Aparecida Pereira; Amarílio Ferreira; María Cristina Piumbato Innocentini Hayashi","Maria Cristina Piumbato Innocentini Hayashi","HFSE"
"https://openalex.org/W2513249749","10.4025/rbhe.v16i3.686en","History of education in the Journal of the Historical and Geographic Institute of São Paulo, Brazil","2016","Revista Brasileira de História da Educação","https://openalex.org/S4210217483","1519-5902","https://doi.org/10.4025/rbhe.v16i3.686en","aberto","Maria Aparecida Pereira; Amarílio Ferreira; María Cristina Piumbato Innocentini Hayashi","Maria Cristina Piumbato Innocentini Hayashi","HFSE"
"https://openalex.org/W2584778882","10.11606/issn.2238-6149.v27i3p361-368","III Seminário Nacional de Pesquisa em Terapia Ocupacional: Contribuições para o Desenvolvimento da Área.","2016","Revista de Terapia Ocupacional da Universidade de São Paulo","https://openalex.org/S4210174686","1415-9104","https://doi.org/10.11606/issn.2238-6149.v27i3p361-368","aberto","Fátima Corrêa Oliver; Roseli Esquerdo Lopes; Ana Paula Serrata Malfitano; Ana Cristina Cardoso da Silva; Rodrigo Alves dos Santos Silva","Roseli Esquerdo Lopes","HFSE"
"https://openalex.org/W2480146590","10.3232/rhi.2016.","Industrias del hogar: mujeres, raza y moral en el México posrevolucionario","2016","HIB: revista de historia iberoamericana","https://openalex.org/S4306512105","","https://doi.org/10.3232/rhi.2016.","fechado","Vera Aparecida Lui Guimarães; María Cristina Piumbato Innocentini Hayashi","Maria Cristina Piumbato Innocentini Hayashi","HFSE"
"https://openalex.org/W2521453224","10.22476/revcted.v2i1.62","Juventude e política segundo organizações juvenis em uma universidade do interior de Minas Gerais: experiências de ensino e de formação política","2016","Crítica Educativa","https://openalex.org/S2737611088","2447-4223","https://doi.org/10.22476/revcted.v2i1.62","aberto","Luís Antônio Groppo; Adilene Moreira Dionizi; Anna Cinthia Tobias Pereira; Enzo Goussain; Lívia Furtado Borges","Luís Antonio Groppo","HFSE"
"https://openalex.org/W2521498085","10.18675/1981-8106.vol26.n51.p79-96","JUVENTUDE, DIREITOS HUMANOS E EDUCAÇÃO EM PRIVAÇÃO DE LIBERDADE","2016","Educação","https://openalex.org/S2738946615","1517-9869","https://doi.org/10.18675/1981-8106.vol26.n51.p79-96","aberto","Débora Cardoso Campos; Fernanda Lustosa Almeida; Débora Cristina Fonseca","Débora Cristina Fonseca","EPFH"
"https://openalex.org/W4248667062","10.18675/1981-8106.vol26.n51.79-96","JUVENTUDE, DIREITOS HUMANOS E EDUCAÇÃO EM PRIVAÇÃO DE LIBERDADE","2016","Educação","https://openalex.org/S2738946615","1517-9869","https://doi.org/10.18675/1981-8106.vol26.n51.79-96","aberto","Débora Cardoso Campos; Fernanda Lustosa Almeida; Débora Cristina Fonseca","Débora Cristina Fonseca","EPFH"
"https://openalex.org/W2564051553","10.15601/2237-0587/fd.v8n2p48-61","Letramento e Alfabetização: O Trabalho Pedagógico de Um Programa de Iniciação à Docência","2016","Formação Docente","https://openalex.org/S4210220160","2237-0587","https://doi.org/10.15601/2237-0587/fd.v8n2p48-61","aberto","Rodolfo Maduro Almeida; Klinger Teodoro Ciríaco; Larissa Wayhs Trein Montiel","Klinger Teodoro Ciríaco","FPOAE"
"https://openalex.org/W2535349240","10.29286/rep.v25i60.4103","Manifestações orais de crianças de cinco anos em práticas de contagem","2016","Revista de Educação Pública","https://openalex.org/S4210186873","0104-5962","https://doi.org/10.29286/rep.v25i60.4103","aberto","Cristiane Vinholes Jacomelli; Maria do Carmo de Sousa","Maria do Carmo de Sousa","ECM"
"https://openalex.org/W2568282662","10.1177/1478210316674158","Mapping the future of non-formal education and the scientific dissemination of astronomy in Brazil: A Delphi study","2016","Policy Futures in Education","https://openalex.org/S159002476","1478-2103","https://doi.org/10.1177/1478210316674158","fechado","Joana Brás Varanda Marques; Denise de Freitas","Denise de Freitas","ECM"
"https://openalex.org/W2473362285","10.21723/riaee.v11.n2.p726","MEMÓRIA VISUAL E IMAGINAÇÃO CRIADORA NAS ESTRADAS DE KIAROSTAMI","2016","Revista Ibero-Americana de Estudos em Educação","https://openalex.org/S2737552301","1982-5587","https://doi.org/10.21723/riaee.v11.n2.p726","aberto","Alan Victor Pimenta de Almeida Pales Costa","Alan Victor Pimenta de Almeida Pales Costa","RED"
"https://openalex.org/W2540042010","10.29286/rep.v25i60.4090","Narrativas de formação: o que dizem licenciandas e professoras iniciantes","2016","Revista de Educação Pública","https://openalex.org/S4210186873","0104-5962","https://doi.org/10.29286/rep.v25i60.4090","aberto","Rosa Maria Moraes Anunciato; Ana Paula Gestoso de Souza; Elisa Gomes Magalhães; Filomena Maria de Arruda Monteiro","Ana Paula Gestoso de Souza; Rosa Maria Moraes Anunciato","FPOAE"
"https://openalex.org/W2521679850","10.22476/revcted.v2i1.77","Neoconservadorismo, movimentos sociais e educação no campo no Brasil","2016","Crítica Educativa","https://openalex.org/S2737611088","2447-4223","https://doi.org/10.22476/revcted.v2i1.77","aberto","Luiz Bezerra Neto; Flávio Reis dos Santos","Luiz Bezerra Neto","EPFH"
"https://openalex.org/W2528655793","10.1590/s1413-24782016216744","Normalidade, diversidade e alteridade na história do Instituto Nacional de Surdos","2016","Revista Brasileira de Educação","https://openalex.org/S2736711335","1413-2478","https://doi.org/10.1590/s1413-24782016216744","aberto","José Anchieta de Oliveira Bentes; María Cristina Piumbato Innocentini Hayashi","Maria Cristina Piumbato Innocentini Hayashi","HFSE"
"https://openalex.org/W2472370555","10.21723/riaee.v11.n2.p795","NORMALIDADE, DIVERSIDADE E DIFERENÇA: COMO O CORPO DE PESSOAS COM DEFICIÊNCIA É VISTO NA ATUALIDADE?","2016","Revista Ibero-Americana de Estudos em Educação","https://openalex.org/S2737552301","1982-5587","https://doi.org/10.21723/riaee.v11.n2.p795","aberto","José Anchieta de Oliveira Bentes; Cyntia França Cavalcante de Andrade da Silva; María Cristina Piumbato Innocentini Hayashi","Maria Cristina Piumbato Innocentini Hayashi","HFSE"
"https://openalex.org/W2527607464","10.15600/2238-121x/comunicacoes.v23n2p245-260","O Brincar como Prática Social Identificado em Um Grupo de Crianças da Zona Rural","2016","Comunicações","https://openalex.org/S4210224284","0104-8481","https://doi.org/10.15600/2238-121x/comunicacoes.v23n2p245-260","aberto","Luana Zanotto; Fernando Donizete Alves; Aline Sommerhalder; Maria Elisa Nicolielo; Juliana Inhesta Limão","Aline Sommerhalder; Fernando Donizete Alves","EETPC"
"https://openalex.org/W2573526625","10.5007/2175-795x.2016v34n2p602","O conceito de Zona de Desenvolvimento Proximal na educação infantil: apropriações nas produções acadêmicas e documentos oficiais brasileiros","2016","Perspectiva","https://openalex.org/S2737309421","0102-5473","https://doi.org/10.5007/2175-795x.2016v34n2p602","aberto","Janaína Cassiano Silva; Alessandra Arce Hai","Alessandra Arce Hai","ECS"
"https://openalex.org/W2584083803","10.24220/2318-0870v21n3a3443","O debate contemporâneo do antirracismo: implicações teóricas e políticas para a educação","2016","Revista de Educação PUC-Campinas","https://openalex.org/S4210186489","1519-3993","https://doi.org/10.24220/2318-0870v21n3a3443","aberto","Ana Cristina Juvenal da Cruz","Ana Cristina Juvenal da Cruz","RED"
"https://openalex.org/W2555140092","10.20396/rfe.v8i2.8646393","O diálogo como fundamento político da democracia","2016","Filosofia e Educação","https://openalex.org/S4210174746","1984-9605","https://doi.org/10.20396/rfe.v8i2.8646393","aberto","Luiz Roberto Gomes","Luiz Roberto Gomes","ECS"
"https://openalex.org/W2415122083","10.21573/vol31n32015.60145","O discurso da gestão democrática na Revista Brasileira de Política e Administração da Educação (1995-2004)","2016","Revista Brasileira de Política e Administração da Educação - Periódico científico editado pela ANPAE","https://openalex.org/S4210196848","1678-166X","https://doi.org/10.21573/vol31n32015.60145","aberto","Ana Lúcia Calbaiser da Silva; Jaime Farias; José Carlos Rothen","Jose Carlos Rothen","EPFH"
"https://openalex.org/W2334159362","10.1590/s1517-9702201603138843","O papel do tutor virtual na formação de professores dos anos iniciais na modalidade a distância: a matemática em foco","2016","Educação e Pesquisa","https://openalex.org/S2736467988","1517-9702","https://doi.org/10.1590/s1517-9702201603138843","aberto","Luciane de Fátima Bertini; Cármen Lúcia Brancaglion Passos","Carmen Lucia Brancaglion Passos","ECM"
"https://openalex.org/W2558346388","10.14244/198271991523","O Professor Mediador Escolar e Comunitário: uma Prática em Construção","2016","Revista Eletrônica de Educação","https://openalex.org/S2736679368","1982-7199","https://doi.org/10.14244/198271991523","aberto","Maria Fernanda Jorge Rocha; Marisa Bittar; Roseli Esquerdo Lopes","Marisa Bittar; Roseli Esquerdo Lopes","HFSE"
"https://openalex.org/W2525870770","10.15600/2238-121x/comunicacoes.v23n2p167-185","O Programa ProJovem, as Práticas Socioeducativas e a Educação (Não) Formal","2016","Comunicações","https://openalex.org/S4210224284","0104-8481","https://doi.org/10.15600/2238-121x/comunicacoes.v23n2p167-185","aberto","Luís Antônio Groppo; Renata Sieiro Fernandes; Marta Íris Camargo Messias da Silveira","Luís Antonio Groppo","HFSE"
"https://openalex.org/W2562442119","10.21573/vol32n32016.68572","O trabalho nas instituições de Educação Superior","2016","Revista Brasileira de Política e Administração da Educação - Periódico científico editado pela ANPAE","https://openalex.org/S4210196848","1678-166X","https://doi.org/10.21573/vol32n32016.68572","aberto","Deise Mancebo; João dos Reis Silva Júnior; Denise Bessa Léda","Joao dos Reis Silva Junior","EPFH"
"https://openalex.org/W2523282513","10.1177/1539449216669133","Occupational Justice and Its Related Concepts","2016","OTJR Occupational Therapy Journal of Research","https://openalex.org/S161565499","1539-4492","https://doi.org/10.1177/1539449216669133","fechado","Ana Paula Serrata Malfitano; Rosangela Gomes da Mota de Souza; Roseli Esquerdo Lopes","Roseli Esquerdo Lopes","HFSE"
"https://openalex.org/W2769811992","10.26694/les.v1i2.6101","ORGANIZAÇÃO DA EDUCAÇÃO ESCOLAR E EDUCAÇÃO INFANTIL: PENSANDO A PARTIR DA ABORDAGEM HISTÓRICA E DAS POLÍTICAS EDUCACIONAIS","2016","Linguagens Educação e Sociedade","https://openalex.org/S4387283854","2447-6293","https://doi.org/10.26694/les.v1i2.6101","aberto","Cleonice Maria Tomazzetti; Diolinda Franciele Winterhalter; Vívian Jamile Beling","Cleonice Maria Tomazzetti","FPOAE"
"https://openalex.org/W2340041594","10.5965/1984723817332016238","Organização do trabalho pedagógico em escolas do campo: limites e possibilidades","2016","Linhas","https://openalex.org/S4393917424","1518-367X","https://doi.org/10.5965/1984723817332016238","aberto","Adriana do Carmo de Jesus; Maria Cristina dos Santos Bezerra","Maria Cristina dos Santos","RED"
"https://openalex.org/W4236766327","10.5007/perspectiva.v33i1.36917","Os sentidos de alfabetizar na pré-escola: algumas reflexões","2016","Perspectiva","https://openalex.org/S2737309421","0102-5473","https://doi.org/10.5007/perspectiva.v33i1.36917","aberto","Cleonice Maria Tomazzetti; Daliana Löffler","Cleonice Maria Tomazzetti","FPOAE"
"https://openalex.org/W2617041871","10.24280/ape.v1i3.154","Pareceristas Ad Hoc 2016","2016","Argumentos Pró-Educação","https://openalex.org/S4210214586","2448-2803","https://doi.org/10.24280/ape.v1i3.154","aberto","Luana Costa Almeida","Luana Costa Almeida","EETPC"
"https://openalex.org/W2471948174","10.21723/riaee.v11.n2.p604","PARTICIPAÇÃO PEDAGÓGICA NO BRINCAR DE UM GRUPO DE CRIANÇAS: O QUE REVELAM OS FAZERES DOCENTES EM CONTEXTO DE EDUCAÇÃO INFANTIL?","2016","Revista Ibero-Americana de Estudos em Educação","https://openalex.org/S2737552301","1982-5587","https://doi.org/10.21723/riaee.v11.n2.p604","aberto","Aline Sommerhalder; Maria Elisa Nicolielo; Fernando Donizete Alves","Aline Sommerhalder; Fernando Donizete Alves","EETPC"
"https://openalex.org/W2769950955","10.26694/les.v1i2.6103","PERCURSO DE VIDA E ESCOLARIZAÇÃO: ANÁLISE DE EXPERIÊNCIAS FORMADORAS","2016","Linguagens Educação e Sociedade","https://openalex.org/S4387283854","2447-6293","https://doi.org/10.26694/les.v1i2.6103","aberto","Aline de Cássia Damasceno Lagoeiro; Flávia Cristina Figueiredo Coura; Rosa Maria Moraes Anunciato","Rosa Maria Moraes Anunciato","FPOAE"
"https://openalex.org/W2522203019","10.20873/uft.2525-4863.2016v1n1p4","Perfil bibliométrico dos grupos de pesquisa em Educação do Campo (2000-2016)","2016","Revista Brasileira de Educação do Campo","https://openalex.org/S2738740277","2525-4863","https://doi.org/10.20873/uft.2525-4863.2016v1n1p4","aberto","María Cristina Piumbato Innocentini Hayashi; Taísa Grasiela Gomes Liduenha Gonçalves","Maria Cristina Piumbato Innocentini Hayashi","HFSE"
"https://openalex.org/W2565188623","10.15448/1981-2582.2016.3.20266","Pibid como espaço de formação docente","2016","Educação","https://openalex.org/S4210209057","0101-465X","https://doi.org/10.15448/1981-2582.2016.3.20266","aberto","Jarina Rodrigues Fernandes; Heloísa Chalmers Sisla; Renata Maria Moschen Nascente","Jarina Rodrigues Fernandes; Renata Maria Moschen Nascente","EETPC"
"https://openalex.org/W2526904510","10.4322/0104-4931.ctoao0704","POLÍTICAS DE ENSINO SUPERIOR E A GRADUAÇÃO EM TERAPIA OCUPACIONAL NAS INSTITUIÇÕES FEDERAIS DE ENSINO SUPERIOR NO BRASIL","2016","Cadernos Brasileiros de Terapia Ocupacional ","https://openalex.org/S4210189390","0104-4931","https://doi.org/10.4322/0104-4931.ctoao0704","aberto","Lívia Celegati Pan; Roseli Esquerdo Lopes","Roseli Esquerdo Lopes","HFSE"
"https://openalex.org/W2345682632","10.18764/2178-2229.v23n1p55-64","POLÍTICAS GLOBAIS E LOCAIS: a capitalização da educação brasileira e o papel da sociedade civil","2016","Cadernos de Pesquisa","https://openalex.org/S189127735","0102-4175","https://doi.org/10.18764/2178-2229.v23n1p55-64","aberto","Flávio Caetano da Silva; José Ricardo Batista; Raissa Martins Kebbe da Silva","Flavio Caetano da Silva","ECS"
"https://openalex.org/W4246451074","10.18764/cp.v23i1.3844","POLÍTICAS GLOBAIS E LOCAIS: a capitalização da educação brasileira e o papel da sociedade civil","2016","Cadernos de Pesquisa","https://openalex.org/S189127735","0102-4175","https://doi.org/10.18764/cp.v23i1.3844","aberto","Flávio Caetano da Silva; José Ricardo Batista; Raissa Martins Kebbe da Silva","Flavio Caetano da Silva","ECS"
"https://openalex.org/W2594498705","10.22633/rpge.v20.n2.9459","Políticas públicas brasileiras e práticas democráticas de diretores escolares","2016","Revista on line de Política e Gestão Educacional","https://openalex.org/S2736709357","1519-9029","https://doi.org/10.22633/rpge.v20.n2.9459","aberto","Maria Cecília Luiz; Ronaldo Martins Gomes; Cristina de Cássia Mabelini da Silva","Maria Cecilia Luiz","ECS"
"https://openalex.org/W2340009123","10.20396/rho.v15i66.8643709","Políticas públicas para a educação rural no Brasil: da omissão à regulamentação do programa nacional de educação na reforma agrária","2016","Revista HISTEDBR On-line","https://openalex.org/S4210224784","1676-2584","https://doi.org/10.20396/rho.v15i66.8643709","aberto","Flávio Reis dos Santos; Luiz Bezerra Neto","Luiz Bezerra Neto","EPFH"
"https://openalex.org/W2342438797","10.4025/actascieduc.v38i2.25734","Políticas públicas/estatais: contribuição para o estudo da relação estado-sociedade","2016","Acta Scientiarum Education","https://openalex.org/S2738354532","2178-5198","https://doi.org/10.4025/actascieduc.v38i2.25734","aberto","Sidiney Alves Costa; Luiz Bezerra Neto","Luiz Bezerra Neto","EPFH"
"https://openalex.org/W2209158378","10.1590/2175-623655950","Por que ir à Escola? Os sentidos atribuídos pelos jovens do ensino médio","2016","Educação & Realidade","https://openalex.org/S2739092582","0100-3143","https://doi.org/10.1590/2175-623655950","aberto","Beatriz Prado Pereira; Roseli Esquerdo Lopes","Roseli Esquerdo Lopes","HFSE"
"https://openalex.org/W2549428475","10.1590/s1414-40772016000300016","Pressupostos pedagógicos das atuais propostas de formação superior em saúde no Brasil: origens históricas e fundamentos teóricos","2016","Avaliação Revista da Avaliação da Educação Superior (Campinas)","https://openalex.org/S4210180283","1414-4077","https://doi.org/10.1590/s1414-40772016000300016","aberto","Solange de Fátima Reis Conterno; Roseli Esquerdo Lopes","Roseli Esquerdo Lopes","HFSE"
"https://openalex.org/W2559663673","10.14244/198271991719","Problemas experienciados por professoras iniciantes em aulas de matemática","2016","Revista Eletrônica de Educação","https://openalex.org/S2736679368","1982-7199","https://doi.org/10.14244/198271991719","aberto","Klinger Teodoro Ciríaco; Maria Raquel Miotto Morelatti","Klinger Teodoro Ciríaco","FPOAE"
"https://openalex.org/W2555970131","10.1590/1980-4415v30n56a11","Problematizando Enunciados no Discurso da Modelagem Matemática","2016","Bolema Boletim de Educação Matemática","https://openalex.org/S4210176729","0103-636X","https://doi.org/10.1590/1980-4415v30n56a11","aberto","Maria Carolina Machado Magnus; Ademir Donizeti Caldeira; Claúdia Glavam Duarte","Ademir Donizeti Caldeira","ECM"
"https://openalex.org/W2521185640","10.20396/zet.v24i2.8646521","Professoras iniciantes em grupo colaborativo: contributos da reflexão ao ensino de geometria","2016","Zetetiké","https://openalex.org/S4210231406","0104-4877","https://doi.org/10.20396/zet.v24i2.8646521","aberto","Klinger Teodoro Ciríaco; Maria Raquel Miotto Morelatti; João Pedro da Ponte","Klinger Teodoro Ciríaco","FPOAE"
"https://openalex.org/W2619513941","10.24280/ape.v1i3.151","Proposta de autoavaliação do Mestrado em Educação da UNIVÁS: caminho, achados e possibilidade","2016","Argumentos Pró-Educação","https://openalex.org/S4210214586","2448-2803","https://doi.org/10.24280/ape.v1i3.151","aberto","Luana Costa Almeida","Luana Costa Almeida","EETPC"
"https://openalex.org/W2505689363","10.1590/s0104-40362016000300003","Racionalidade e gerencialismo na política educacional paulista de 1995 a 2014: muito além das conjunturas","2016","Ensaio Avaliação e Políticas Públicas em Educação","https://openalex.org/S4210237110","0104-4036","https://doi.org/10.1590/s0104-40362016000300003","aberto","Géssica Priscila Ramos","Gessica Priscila Ramos","EPFH"
"https://openalex.org/W2507825400","10.5335/rep.v23i1.6359","Saberes profissionais de professoras de educação infantil: a mediação de conflitos entre crianças","2016","Revista Espaço Pedagógico","https://openalex.org/S4210180488","0104-7469","https://doi.org/10.5335/rep.v23i1.6359","aberto","Aline Sommerhalder; Crislaine Augusta Buzinari","Aline Sommerhalder","EETPC"
"https://openalex.org/W2513534800","10.18764/2178-2865.v20n1p383-402","SENTIDOS DE JUVENTUDE NA SOCIOLOGIA E NAS POLÍTICAS PÚBLICAS DO BRASIL CONTEMPORÂNEO","2016","Revista de Políticas Públicas","https://openalex.org/S2737993834","0104-8740","https://doi.org/10.18764/2178-2865.v20n1p383-402","aberto","Luís Antônio Groppo","Luís Antonio Groppo","HFSE"
"https://openalex.org/W2528619379","10.15600/2238-121x/comunicacoes.v23n2p93-107","Socialização, Experiências e Agentes-Interlocutores na Formação do Estudante Universitário: Interfaces da Produtividade Acadêmica","2016","Comunicações","https://openalex.org/S4210224284","0104-8481","https://doi.org/10.15600/2238-121x/comunicacoes.v23n2p93-107","aberto","Maísa Aparecida de Oliveira; Maria Cristina da Silveira Galan Fernandes","Maria Cristina da Silveira Galan Fernandes","EPFH"
"https://openalex.org/W2510315827","10.1590/s1414-40772016000200016","Tecendo os fios entre educação e saúde: avaliação do Programa da Residência Multiprofissional em Saúde","2016","Avaliação Revista da Avaliação da Educação Superior (Campinas)","https://openalex.org/S4210180283","1414-4077","https://doi.org/10.1590/s1414-40772016000200016","aberto","Soraya Diniz Rosa; Roseli Esquerdo Lopes","Roseli Esquerdo Lopes","HFSE"
"https://openalex.org/W2280455511","10.14516/ete.2016.003.001.5","The History of Education in Brazil: The Formation of the Field and Theoretical Influences","2016","Espacio Tiempo y Educación","https://openalex.org/S2736586265","2340-7263","https://doi.org/10.14516/ete.2016.003.001.5","aberto","Marisa Bittar; Amarílio Ferreira","Marisa Bittar","HFSE"
"https://openalex.org/W2604143854","10.15640/jehd.v5n4a23","The Invisible Violence: Symbolic Violence and Relations of Sociability in Brazilian Schools","2016","Journal of Education and Human Development","https://openalex.org/S2764355052","2334-296X","https://doi.org/10.15640/jehd.v5n4a23","aberto","Sandra Aparecida Riscal; José Reinaldo Riscal; Ana Maria Stabelini","Sandra Aparecida Riscal","ECS"
"https://openalex.org/W2520030125","10.20396/rho.v16i67.8645238","Trabalho do professor na universidade brasileira: Hegemonia e Neoamericanismo","2016","Revista HISTEDBR On-line","https://openalex.org/S4210224784","1676-2584","https://doi.org/10.20396/rho.v16i67.8645238","aberto","João dos Reis Silva Júnior; Daniel Schugurenski","Joao dos Reis Silva Junior","EPFH"
"https://openalex.org/W2617185918","10.5747/ch.2016.v13.nesp.000882","TRAJETÓRIAS DE PESQUISAS EM CONTEXTOS DE COLABORAÇÃO COM PROFESSORES QUE ENSINAM MATEMÁTICA","2016","Colloquium humanarum","https://openalex.org/S2738472558","1679-6470","https://doi.org/10.5747/ch.2016.v13.nesp.000882","aberto","José Eduardo de O E Lanuti; Klinger Teodoro Ciríaco","Klinger Teodoro Ciríaco","FPOAE"
"https://openalex.org/W2310703787","10.1590/1414-49802015180200002","A (in)elegibilidade de trabalhadores encaminhados ao Programa de Reabilitação Profissional do INSS","2015","Revista Katálysis","https://openalex.org/S4210232418","1414-4980","https://doi.org/10.1590/1414-49802015180200002","aberto","Geovana de Souza Henrique dos Santos; Roseli Esquerdo Lopes","Roseli Esquerdo Lopes","HFSE"
"https://openalex.org/W2245260371","10.5216/rir.v11i2.36585","A AMPLIAÇÃO DO ENSINO FUNDAMENTAL E SUA ORGANIZAÇÃO EM UMA REDE MUNICIPAL [doi] 10.5216/rir.v11i2.36585","2015","Itinerarius Reflectionis","https://openalex.org/S2737048891","1679-2009","https://doi.org/10.5216/rir.v11i2.36585","aberto","Mary Ellen Fernanda Zanini Lopes; Klinger Teodoro Ciríaco","Klinger Teodoro Ciríaco","FPOAE"
"https://openalex.org/W2301867578","10.14393/revedfil.issn.0102-6801.v29n58a2015-p745a769","A AUTORIDADE PEDAGÓGICA EM TEMPOS DE CULTURA DIGITAL","2015","EDUCAÇÃO E FILOSOFIA","https://openalex.org/S4210237095","0102-6801","https://doi.org/10.14393/revedfil.issn.0102-6801.v29n58a2015-p745a769","aberto","Antônio Álvaro Soares Zuin","Antonio Alvaro Soares Zuin","ECS"
"https://openalex.org/W2316599876","10.7213/dialogo.educ.15.044.ds04","A AVALIAÇÃO EXTERNA DAS ESCOLAS E A FORMAÇÃO CONTINUADA DE PROFESSORES: O CASO PAULISTA","2015","Revista Diálogo Educacional","https://openalex.org/S4306527104","1518-3483","https://doi.org/10.7213/dialogo.educ.15.044.ds04","aberto","Andréia da Cunha Malheiros Santana; José Carlos Rothen","Jose Carlos Rothen","EPFH"
"https://openalex.org/W2178701290","10.4013/edu.2015.193.10","A cultura lúdica infantil em parques públicos: Qual o espaço e tempo para brincar?","2015","Educação Unisinos","https://openalex.org/S2736521713","1519-387X","https://doi.org/10.4013/edu.2015.193.10","aberto","Gabriela Dias Sartori; Fernando Donizete Alves; Aline Sommerhalder","Aline Sommerhalder; Fernando Donizete Alves","EETPC"
"https://openalex.org/W2112714405","10.1590/s1414-40772015000300005","A divulgação da avaliação da educação na imprensa escrita: 1995-2010","2015","Avaliação Revista da Avaliação da Educação Superior (Campinas)","https://openalex.org/S4210180283","1414-4077","https://doi.org/10.1590/s1414-40772015000300005","aberto","José Carlos Rothen; Gladys Beatriz Barreyro; Aryane de Paula Prado; Letícia Bortolin; Raiani Cristina Cavachia","Jose Carlos Rothen","EPFH"
"https://openalex.org/W2192787351","10.21879/faeeba2358-0194.v24.n44.1823","A DOCÊNCIA VIRTUAL E SABERES DOCENTES: UM ESTUDO DA TUTORIA NA REDE E-TEC BRASIL","2015","Revista da FAEEBA- Educação e Contemporaneidade","https://openalex.org/S4210174506","0104-7043","https://doi.org/10.21879/faeeba2358-0194.v24.n44.1823","aberto","Luciane Penteado Chaquime; Daniel Mill","Daniel Ribeiro Silva Mill","ECS"
"https://openalex.org/W4230334139","10.21879/faeeba2358-0194.v24.n44.p97-107","A DOCÊNCIA VIRTUAL E SABERES DOCENTES: UM ESTUDO DA TUTORIA NA REDE E-TEC BRASIL","2015","Revista da FAEEBA- Educação e Contemporaneidade","https://openalex.org/S4210174506","0104-7043","https://doi.org/10.21879/faeeba2358-0194.v24.n44.p97-107","aberto","Luciane Penteado Chaquime; Daniel Mill","Daniel Ribeiro Silva Mill","ECS"
"https://openalex.org/W1494379481","10.21680/1981-1802.2015v51n37id7175","A expansão da educação superior pública e suas implicações no trabalho docente","2015","Revista Educação em Questão","https://openalex.org/S2738396575","0102-7735","https://doi.org/10.21680/1981-1802.2015v51n37id7175","aberto","Carla Vaz do Ribeiro dos Santos; Denise Bessa Léda; Eduardo Pinto e Silva","Eduardo Pinto e Silva","EPFH"
"https://openalex.org/W2198741404","10.24115/s2446-622020151222p.80-92","A FUNDAÇÃO DA UNIVERSIDADE TECNOLÓGICA FEDERAL DO PARANÁ NO CONTEXTO DE EXPANSÃO DA EDUCAÇÃO SUPERIOR","2015","LAPLAGE EM REVISTA","https://openalex.org/S2738200778","2446-6220","https://doi.org/10.24115/s2446-622020151222p.80-92","aberto","João dos Reis Silva Júnior; Eliane Cleide da Silva Czernisz","Joao dos Reis Silva Junior","EPFH"
"https://openalex.org/W2206523015","10.28998/2175-6600.2015v7n14p123","A IMPLEMENTAÇÃO DO ENSINO DE NOVE ANOS EM UMA REDE MUNICIPAL DE EDUCAÇÃO","2015","Debates em educação","https://openalex.org/S4210219497","2175-6600","https://doi.org/10.28998/2175-6600.2015v7n14p123","aberto","Mary Ellen Fernanda Zanini Lopes; Klinger Teodoro Ciríaco","Klinger Teodoro Ciríaco","FPOAE"
"https://openalex.org/W2331462618","10.5747/ch.2015.v12.n4.h233","A PEDAGOGIA DA UNIVERSIDADE FEDERAL DE MATO GROSSO DO SUL CAMPUS DE NAVIRAÍ/MS: A CRECHE NA FORMAÇÃO INICIAL DE PROFESSORES","2015","Colloquium humanarum","https://openalex.org/S2738472558","1679-6470","https://doi.org/10.5747/ch.2015.v12.n4.h233","aberto","Klinger Teodoro Ciríaco; Giseli Tavares de Souza Rodrigues","Klinger Teodoro Ciríaco","FPOAE"
"https://openalex.org/W1903681088","10.14244/198271991213","A pesquisa sobre criança e infância no Projeto UNESCO","2015","Revista Eletrônica de Educação","https://openalex.org/S2736679368","1982-7199","https://doi.org/10.14244/198271991213","aberto","Ana Cristina Juvenal da Cruz; Anete Abramowicz; Tatiane Cosentino Rodrigues","Ana Cristina Juvenal da Cruz; Tatiane Cosentino Rodrigues","RED"
"https://openalex.org/W1880370389","10.4322/0104-4931.ctoao513","A utilização do blog e de recursos midiáticos na ampliação das formas de comunicação e participação social","2015","Cadernos Brasileiros de Terapia Ocupacional ","https://openalex.org/S4210189390","0104-4931","https://doi.org/10.4322/0104-4931.ctoao513","aberto","Carla Regina Silva; Isadora Cardinalli; Roseli Esquerdo Lopes","Roseli Esquerdo Lopes","HFSE"
"https://openalex.org/W1202003447","10.15366/reice2015.13.2.002","Análise Bibliométrica sobre Avaliação de Pessoas com Deficiência Intelectual para Ingresso em Serviços de Educação Especial","2015","REICE Revista Iberoamericana sobre Calidad Eficacia y Cambio en Educación","https://openalex.org/S2737081042","1696-4713","https://doi.org/10.15366/reice2015.13.2.002","aberto","Anaí Cristina da Luz Stelmachuk; María Cristina Piumbato Innocentini Hayashi","Maria Cristina Piumbato Innocentini Hayashi","HFSE"
"https://openalex.org/W2280569648","10.1590/s2176-6681/337612864","Análise de necessidades formativas de docentes ingressantes numa universidade pública","2015","Revista Brasileira de Estudos Pedagógicos","https://openalex.org/S2737504546","0034-7183","https://doi.org/10.1590/s2176-6681/337612864","aberto","Emilía Freitas de Lima","Emilia Freitas de Lima","EETPC"
"https://openalex.org/W4245565788","10.18225/liinc.v4i1.255","Análise de redes de co-autoria de artigos científicos em educação especial","2015","Liinc em Revista","https://openalex.org/S2736391685","1808-3536","https://doi.org/10.18225/liinc.v4i1.255","aberto","María Cristina Piumbato Innocentini Hayashi; Carlos Roberto Massao Hayashi; Maycke Young de Lima","Carlos Roberto Massao Hayashi; Maria Cristina Piumbato Innocentini Hayashi","HFSE"
"https://openalex.org/W1576378445","10.5902/1984644413140","Análise de uma experiência de letramento na perspectiva da educação em direitos humanos","2015","Educação (UFSM)","https://openalex.org/S2738869710","0101-9031","https://doi.org/10.5902/1984644413140","aberto","Cristiane Fontes de Oliveira; Emilía Freitas de Lima","Emilia Freitas de Lima","EETPC"
"https://openalex.org/W4315748589","10.53841/bpsper.2015.39.2.26","Annual Conference 2014 paper: Characterising the cyberbullying of teachers by pupils","2015","Psychology of Education Review","https://openalex.org/S4387286391","1463-9807","https://doi.org/10.53841/bpsper.2015.39.2.26","fechado","Chris Kyriacou; Antônio Álvaro Soares Zuin","Antonio Alvaro Soares Zuin","ECS"
"https://openalex.org/W4234587845","10.5216/sec.v17i1.36785","Apresentação","2015","Sociedade e Cultura","https://openalex.org/S140628543","1415-8566","https://doi.org/10.5216/sec.v17i1.36785","aberto","Isolda Belo da Fonte; Luís Antônio Groppo; Nildo Viana; Revalino Antônio de Freitas","Luís Antonio Groppo","HFSE"
"https://openalex.org/W1655451531","10.14393/repod-v3n2a2014-30285","AS AVALIAÇÕES EXTERNAS NO ÂMBITO DO MODELO NEOLIBERAL: O CASO DO SARESP","2015","Revista Educação e Políticas em Debate","https://openalex.org/S4210220395","2238-8346","https://doi.org/10.14393/repod-v3n2a2014-30285","aberto","Andréia da Cunha Malheiros Santana; José Carlos Rothen","Jose Carlos Rothen","EPFH"
"https://openalex.org/W2199392911","10.5212/praxeduc.v.11i1.0003","As políticas de formação contínua de professores no estado de São Paulo: debatendo perspectivas de transformação a partir da pedagogia progressista freireana.","2015","Praxis Educativa","https://openalex.org/S4210204466","1809-4031","https://doi.org/10.5212/praxeduc.v.11i1.0003","aberto","Lucimara Cristina de Paula; Roseli Rodrigues de Mello","Roseli Rodrigues de Mello","EETPC"
"https://openalex.org/W2218867349","10.1590/1983-21172015170303","AS REAÇÕES DOS PROFESSORES DE CIÊNCIAS DIANTE DA IMPLANTAÇÃO DE NOVO CURRÍCULO NA REDE ESTADUAL PAULISTA","2015","Ensaio","https://openalex.org/S2736400552","1415-2150","https://doi.org/10.1590/1983-21172015170303","aberto","Rita de Cássia Bortoletto-Santos; Alice Helena Campos Pierson","Alice Helena Campos Pierson","ECM"
"https://openalex.org/W2803760814","10.5212/olharprofr.v.18i2.0003","As vozes das professoras da creche: um estudo compartilhado entre escola e universidade sobre a profissionalização docente","2015","Olhar de Professor","https://openalex.org/S4210229168","1518-5648","https://doi.org/10.5212/olharprofr.v.18i2.0003","aberto","Márcia Regina Onofre; A. O. MARTINS","Márcia Regina Onofre","FPOAE"
"https://openalex.org/W1966823907","10.1590/s1413-24782015206108","Ativismo pedagógico e princípios da escola do trabalho nos primeiros tempos da educação soviética","2015","Revista Brasileira de Educação","https://openalex.org/S2736711335","1413-2478","https://doi.org/10.1590/s1413-24782015206108","aberto","Marisa Bittar; Amarílio Ferreira","Marisa Bittar","HFSE"
"https://openalex.org/W2096884454","10.1590/0102-311x00193313","Building a ""Smiling Brazil""? Implementation of the Brazilian National Oral Health Policy in a health region in the State of São Paulo","2015","Cadernos de Saúde Pública","https://openalex.org/S118474221","0102-311X","https://doi.org/10.1590/0102-311x00193313","aberto","Aline Guerra Aquilante; Giovanni Gurgel Aciole","Aline Guerra Aquilante","PSPE"
"https://openalex.org/W2206392708","10.9771/gmed.v7i2.14964","BUSCANDO GRAMSCI NA OBRA DE BRIAN SIMON","2015","Germinal Marxismo e Educação em Debate","https://openalex.org/S2739076525","2175-5604","https://doi.org/10.9771/gmed.v7i2.14964","aberto","Marisa Bittar","Marisa Bittar","HFSE"
"https://openalex.org/W1824395557","10.21723/riaee.v10i3.8109","Características epistemológicas da produção científica desenvolvida nos programas de pós-graduação em educação (PPGE) e educação física (PPGEF) da região centro-oeste","2015","Revista Ibero-Americana de Estudos em Educação","https://openalex.org/S2737552301","1982-5587","https://doi.org/10.21723/riaee.v10i3.8109","aberto","Michele Silva Sacardo; María Cristina Piumbato Innocentini Hayashi","Maria Cristina Piumbato Innocentini Hayashi","HFSE"
"https://openalex.org/W4256546353","10.14244/198271991324","Carta ao Leitor","2015","Revista Eletrônica de Educação","https://openalex.org/S2736679368","1982-7199","https://doi.org/10.14244/198271991324","aberto","Carlos Roberto Massao Hayashi","Carlos Roberto Massao Hayashi","HFSE"
"https://openalex.org/W2271625821","10.35699/1981-3171.2015.1161","Cicloviagem, Lazer e Educação Ambiental","2015","Licere","https://openalex.org/S4210168781","1516-2168","https://doi.org/10.35699/1981-3171.2015.1161","aberto","Luiz Gonçalves; Clayton da Silva Carmo; Denise Aparecida Corrêa","Denise Aparecida Correa; Luiz Gonçalves Junior","PSPE"
"https://openalex.org/W2346939366","10.22348/riesup.v1i1.7193","Ciência acadêmica, intelectuais e o trabalho dos professores universitários no Brasil: convergência e hegemonia","2015","Revista Internacional de Educação Superior","https://openalex.org/S4210183452","2446-9424","https://doi.org/10.22348/riesup.v1i1.7193","aberto","João dos Reis Silva Júnior; Daniel Schugurensky; Juliana Borges de Araújo","Joao dos Reis Silva Junior","EPFH"
"https://openalex.org/W1923420261","10.1016/j.resu.2015.04.006","Ciencia académica, intelectuales y el trabajo del profesor universitario en Brasil: convergencia y hegemonía","2015","Revista de la Educación Superior","https://openalex.org/S2738670244","0185-2760","https://doi.org/10.1016/j.resu.2015.04.006","aberto","João dos Reis Silva Júnior; Daniel Schugurensky; Juliana Borges de Araújo","Joao dos Reis Silva Junior","EPFH"
"https://openalex.org/W2180357762","10.18222/eae266202966","Comissão própria de avaliação: dois lados de uma mesma moeda","2015","Estudos em Avaliação Educacional","https://openalex.org/S4210176890","0103-6831","https://doi.org/10.18222/eae266202966","aberto","Joelma dos Santos Bernardes; José Carlos Rothen","Jose Carlos Rothen","EPFH"
"https://openalex.org/W2188757093","10.1080/02607476.2015.1108626","Construction of professional knowledge of teaching: collaboration between experienced primary school teachers and university teachers through an online mentoring programme","2015","Journal of Education for Teaching International Research and Pedagogy","https://openalex.org/S176275102","0260-7476","https://doi.org/10.1080/02607476.2015.1108626","fechado","Maria da Graça Nicoletti Mizukami; Aline Maria de Medeiros Rodrigues Reali; Regina Maria Simões Puccinelli Tancredi","Aline Maria de Medeiros Rodrigues Reali","FPOAE"
"https://openalex.org/W2261242802","10.20435/série-estudos.v0i40.817","Crianças pequenas fazendo Musicalização: contribuições dos brinquedos em processos educativos","2015","Série-Estudos - Periódico do Programa de Pós-Graduação em Educação da UCDB","https://openalex.org/S4210238243","1414-5138","https://doi.org/10.20435/série-estudos.v0i40.817","aberto","Aline Sommerhalder; Ilza Leme Zenker Joly; Camila Marques dos Santos; Camila Tanure Duarte","Aline Sommerhalder","EETPC"
"https://openalex.org/W2245229065","10.1590/1807-57622015.0257","Crônicas do grupo: ferramenta para análise colaborativa e melhoria da reflexão na pesquisa-ação","2015","Interface - Comunicação Saúde Educação","https://openalex.org/S4210167574","1414-3283","https://doi.org/10.1590/1807-57622015.0257","aberto","Taís Quevedo Marcolino; Aline Maria de Medeiros Rodrigues Reali","Aline Maria de Medeiros Rodrigues Reali","FPOAE"
"https://openalex.org/W2223813195","10.63314/zlnd6083","Cultura Digital, Esfera Pública e Educação","2015","Ixtli Revista Latinoamericana de Filosofía de la Educación","https://openalex.org/S5406997546","2408-4751","https://doi.org/10.63314/zlnd6083","aberto","Luiz Roberto Gomes","Luiz Roberto Gomes","ECS"
"https://openalex.org/W2200366773","10.35362/rie69097","Curso de especialização em gestão escolar: Uma experiência brasileira de formação continuada de diretores de escola","2015","Revista Iberoamericana de Educación","https://openalex.org/S4210174514","1022-6508","https://doi.org/10.35362/rie69097","aberto","Celso Luiz Aparecido Conti; Emília Freitas-de-Lima","Celso Luiz Aparecido Conti","EETPC"
"https://openalex.org/W2014829101","10.1080/02671522.2015.1037337","Cyberbullying of teachers by students on YouTube: challenging the image of teacher authority in the digital age","2015","Research Papers in Education","https://openalex.org/S4210217010","0267-1522","https://doi.org/10.1080/02671522.2015.1037337","fechado","Chris Kyriacou; Antônio Álvaro Soares Zuin","Antonio Alvaro Soares Zuin","ECS"
"https://openalex.org/W2993911767","10.30681/reps.v6i4.9753","Desigualdade e diversidade étnico-racial na educação infantil","2015","Eventos Pedagógicos","https://openalex.org/S2737301719","2236-3165","https://doi.org/10.30681/reps.v6i4.9753","aberto","Tatiane Cosentino Rodrigues","Tatiane Cosentino Rodrigues","RED"
"https://openalex.org/W1489264310","10.25755/int.6375","Desvelando o espetáculo – formação para leitura crítica de mídia e ensino de ciências","2015","Revistas SARC","https://openalex.org/S7407051322","","https://doi.org/10.25755/int.6375","aberto","Mariana Rodrigues Pezzo; Alice Helena Campos Pierson","Alice Helena Campos Pierson","ECM"
"https://openalex.org/W2337339554","10.1590/1980-4415v29n53a12","Dialogando sobre e Planejando com o SuperLogo no Ensino de Matemática dos Anos Iniciais","2015","Bolema Boletim de Educação Matemática","https://openalex.org/S4210176729","0103-636X","https://doi.org/10.1590/1980-4415v29n53a12","aberto","Ana Paula Gestoso de Souza; Cármen Lúcia Brancaglion Passos","Carmen Lucia Brancaglion Passos; Ana Paula Gestoso de Souza","ECM; FPOAE"
"https://openalex.org/W4256234579","10.21879/faeeba2358-0194.2015.v24.n44.p97-107","DOCÊNCIA VIRTUAL E SABERES DOCENTES: UM ESTUDO DA TUTORIA NA REDE E-TEC BRASIL","2015","Revista da FAEEBA- Educação e Contemporaneidade","https://openalex.org/S4210174506","0104-7043","https://doi.org/10.21879/faeeba2358-0194.2015.v24.n44.p97-107","aberto","Luciane Penteado Chaquime; Daniel Mill","Daniel Ribeiro Silva Mill","ECS"
"https://openalex.org/W1513935575","10.25755/int.6368","Educação científica e diversidade étnico-racial: o ensino e a pesquisa em foco","2015","Revistas SARC","https://openalex.org/S7407051322","","https://doi.org/10.25755/int.6368","aberto","Douglas Verrangia","Douglas Verrangia Correa da Silva","RED"
"https://openalex.org/W2469539945","10.1590/cc0101-32622015v35n96","Educação de adultos: balanços e perspectivas","2015","Cadernos CEDES","https://openalex.org/S63371229","0101-3262","https://doi.org/10.1590/cc0101-32622015v35n96","aberto","Roseli Rodrigues de Mello","Roseli Rodrigues de Mello","EETPC"
"https://openalex.org/W2414266610","10.1590/cc0101-32622015723757","Educação de Jovens e Adultos: contribuições de artigos em periódicos brasileiros indexados na base SciELO (2010-2014)","2015","Cadernos CEDES","https://openalex.org/S63371229","0101-3262","https://doi.org/10.1590/cc0101-32622015723757","aberto","Fabiana Marini Braga; Jarina Rodrigues Fernandes","Fabiana Marini Braga; Jarina Rodrigues Fernandes","EETPC"
"https://openalex.org/W2344133375","10.20396/rho.v14i60.8640555","Educação do campo e política educacional em debate: apontamentos sobre a formação da classe trabalhadora rural na atualidade","2015","Revista HISTEDBR On-line","https://openalex.org/S4210224784","1676-2584","https://doi.org/10.20396/rho.v14i60.8640555","aberto","Adriana do Carmo de Jesus; Júlia Mazinini Rosa; Maria Cristina dos Santos Bezerra","Maria Cristina dos Santos","RED"
"https://openalex.org/W2460974630","10.1590/cc0101-32622015723761","Educação escolar para jovens e adultos em situação de privação de liberdade","2015","Cadernos CEDES","https://openalex.org/S63371229","0101-3262","https://doi.org/10.1590/cc0101-32622015723761","aberto","Elenice Maria Cammarosano Onofre","Elenice Maria Cammarosano Onofre","EPFH"
"https://openalex.org/W1516807968","10.15628/holos.2015.1645","EDUCAÇÃO NÃO-FORMAL E COMUNIDADE TERAPÊUTICA PARA DEPENDENTES QUÍMICOS: ARTICULAÇÃO DE PROCESSOS EDUCATIVOS EM PRÁTICAS SOCIAIS","2015","Holos","https://openalex.org/S2738187160","1518-1634","https://doi.org/10.15628/holos.2015.1645","aberto","Maria Cecília Luiz; Ronaldo Martins Gomes","Maria Cecilia Luiz","ECS"
"https://openalex.org/W4236062464","10.21879/faeeba2358-0194.2015.v24.n43.p63-74","Educação popular e o discurso da economia política eurocêntrica","2015","Revista da FAEEBA- Educação e Contemporaneidade","https://openalex.org/S4210174506","0104-7043","https://doi.org/10.21879/faeeba2358-0194.2015.v24.n43.p63-74","aberto","Diogo Marques Tafuri; Luiz Gonçalves","Luiz Gonçalves Junior","PSPE"
"https://openalex.org/W1834121256","10.21879/faeeba2358-0194.v24.n43.1307","EDUCAÇÃO POPULAR E O DISCURSO DA ECONOMIA POLÍTICA EUROCÊNTRICA","2015","Revista da FAEEBA- Educação e Contemporaneidade","https://openalex.org/S4210174506","0104-7043","https://doi.org/10.21879/faeeba2358-0194.v24.n43.1307","aberto","Diogo Marques Tafuri; Luiz Gonçalves","Luiz Gonçalves Junior","PSPE"
"https://openalex.org/W2205053853","10.1590/s0104-12902015000200018","Educação sexual para adolescentes e jovens: mapeando proposições oficiais","2015","Saúde e Sociedade","https://openalex.org/S2732126","0104-1290","https://doi.org/10.1590/s0104-12902015000200018","aberto","Sara Caram Sfair; Marisa Bittar; Roseli Esquerdo Lopes","Marisa Bittar; Roseli Esquerdo Lopes","HFSE"
"https://openalex.org/W2277424841","10.1177/1478210315579974","Education and legitimation crisis: Systemic tendencies of capitalism in the work of Habermas","2015","Policy Futures in Education","https://openalex.org/S159002476","1478-2103","https://doi.org/10.1177/1478210315579974","fechado","Renato Crioni; Luiz Roberto Gomes; Antônio Álvaro Soares Zuin","Antonio Alvaro Soares Zuin; Luiz Roberto Gomes","ECS"
"https://openalex.org/W2337999075","10.3387/rpem.v3i5.922","ELEMENTOS CONSTITUTIVOS DA PRÁTICA PEDAGÓGICA NAS AULAS DE MATEMÁTICA: OS SABERES ADQUIRIDOS NOS CURSOS DE FORMAÇÃO INICIAL EM PEDAGOGIA1","2015","Revista Paranaense de Educação matemática","https://openalex.org/S4210238502","2238-5800","https://doi.org/10.3387/rpem.v3i5.922","aberto","Klinger Teodoro Ciríaco; Leny Rodrigues Martins Teixeira","Klinger Teodoro Ciríaco","FPOAE"
"https://openalex.org/W2003444527","10.1590/s1413-24782015206007","Ensino médio: unitário ou multiforme?","2015","Revista Brasileira de Educação","https://openalex.org/S2736711335","1413-2478","https://doi.org/10.1590/s1413-24782015206007","aberto","Paolo Nosella","Paolo Nosella","HFSE"
"https://openalex.org/W2118496114","10.4322/0104-4931.ctoao0518","Entre proteção, exposição e admissões condicionadas: travestilidades e espaços de sociabilidade","2015","Cadernos Brasileiros de Terapia Ocupacional ","https://openalex.org/S4210189390","0104-4931","https://doi.org/10.4322/0104-4931.ctoao0518","aberto","Gustavo Artur Monzeli; Vítor Sérgio Ferreira; Roseli Esquerdo Lopes","Roseli Esquerdo Lopes","HFSE"
"https://openalex.org/W1868763901","10.21723/riaee.v10i3.8102","Escola, discurso e adolescência masculina","2015","Revista Ibero-Americana de Estudos em Educação","https://openalex.org/S2737552301","1982-5587","https://doi.org/10.21723/riaee.v10i3.8102","aberto","Welson Barbosa Santos; Nilson Fernandes Dinis","Nilson Fernandes Dinis","ECS"
"https://openalex.org/W2253918243","10.24933/horizontes.v33i2.103","Estudo sobre a recorrência de teses que mencionam a utilização de tecnologias digitais em 22 Programas de Pós-Graduação em Educação no Brasil","2015","Horizontes","https://openalex.org/S4210198334","0103-7706","https://doi.org/10.24933/horizontes.v33i2.103","aberto","Fábio Fotana Souza; María Iolanda Monteiro","Maria Iolanda Monteiro","ECS"
"https://openalex.org/W1546711013","10.21680/1981-1802.2015v51n37id7172","Expansão da educação superior e a reforma da rede federal de educação profissional","2015","Revista Educação em Questão","https://openalex.org/S2738396575","0102-7735","https://doi.org/10.21680/1981-1802.2015v51n37id7172","aberto","Deise Mancebo; João dos Reis Silva Júnior","Joao dos Reis Silva Junior","EPFH"
"https://openalex.org/W2217585175","10.1177/1478210315572676","External evaluation of education and teacher work: The Brazilian case","2015","Policy Futures in Education","https://openalex.org/S159002476","1478-2103","https://doi.org/10.1177/1478210315572676","fechado","José Carlos Rothen; Andréia da Cunha Malheiros Santana","Jose Carlos Rothen","EPFH"
"https://openalex.org/W2184873061","10.14244/198271991467","For a mathematics education pro social justice... Bia, eternal memories!","2015","Revista Eletrônica de Educação","https://openalex.org/S2736679368","1982-7199","https://doi.org/10.14244/198271991467","aberto","Cármen Lúcia Brancaglion Passos; Regina Célia Grando","Carmen Lucia Brancaglion Passos","ECM"
"https://openalex.org/W2293974318","10.35819/tear.v4.n2.a1922","Formação docente e início da carreira na educação infantil","2015","#Tear Revista de Educação Ciência e Tecnologia","https://openalex.org/S2739379204","2238-8079","https://doi.org/10.35819/tear.v4.n2.a1922","aberto","Klinger Teodoro Ciríaco; Márcia Aparecida de Camargo Yamanaka","Klinger Teodoro Ciríaco","FPOAE"
"https://openalex.org/W1599913328","10.21723/riaee.v10i1.7467","Fraude e responsabilidade nas pesquisas CTS: a investigação das aparências","2015","Revista Ibero-Americana de Estudos em Educação","https://openalex.org/S2737552301","1982-5587","https://doi.org/10.21723/riaee.v10i1.7467","aberto","Simone Moraes Stange; Carlos Roberto Massao Hayashi","Carlos Roberto Massao Hayashi","HFSE"
"https://openalex.org/W2277437086","10.1590/es0101-73302015122053","Gestão Estratégica de Sistemas de Educação a Distância no Brasil e em Portugal: a propósito da flexibilidade educacional","2015","Educação & Sociedade","https://openalex.org/S2737687728","0101-7330","https://doi.org/10.1590/es0101-73302015122053","aberto","Daniel Mill","Daniel Ribeiro Silva Mill","ECS"
"https://openalex.org/W1825961084","10.5354/0719-5346.2015.37132","Historia, conceptos y propuestas en la terapia ocupacional social de Brasil","2015","Revista Chilena de Terapia Ocupacional","https://openalex.org/S4210173032","0717-6767","https://doi.org/10.5354/0719-5346.2015.37132","aberto","Roseli Esquerdo Lopes; Ana Paula Malfitano; Carla Regina Silva; ́Patrícia Leme de Oliveira Borba","Roseli Esquerdo Lopes","HFSE"
"https://openalex.org/W2209808846","10.37156/relea/2015.20.037","INSTITUIÇÕES DE EDUCAÇÃO NÃO-FORMAL DE ASTRONOMIA NO BRASIL E SUA DISTRIBUIÇÃO NO TERRITÓRIO NACIONAL","2015","Revista Latino-Americana de Educação em Astronomia","https://openalex.org/S4210195863","1806-7573","https://doi.org/10.37156/relea/2015.20.037","aberto","Joana Brás Varanda Marques; Denise de Freitas","Denise de Freitas","ECM"
"https://openalex.org/W2739039259","10.20396/td.v10i3.8637353","Interfaces currículo do ensino médio e geociências: 10 anos de reflexões de grupo de pesquisa colaborativa","2015","Terrae Didatica","https://openalex.org/S4210205662","1679-2300","https://doi.org/10.20396/td.v10i3.8637353","aberto","Natalina Aparecida Laguna Sicca; Pedro Gonçalves; Maria Cristina da Silveira Galan Fernandes; Maurílio Alves; Maria Bernardete de Siqueira Canesin; Dos Santos; M. Corte; Reino Luiz de Figueiredo","Maria Cristina da Silveira Galan Fernandes","EPFH"
"https://openalex.org/W2246747169","10.5216/rir.v11i2.36291","ITINERÁRIOS DA PESQUISA PÓS-ESTRUTURALISTA EM EDUCAÇÃO [doi] 10.5216/rir.v11i2.36291","2015","Itinerarius Reflectionis","https://openalex.org/S2737048891","1679-2009","https://doi.org/10.5216/rir.v11i2.36291","aberto","Reginaldo Santos Pereira; Nilson Fernandes Dinis","Nilson Fernandes Dinis","ECS"
"https://openalex.org/W2350241809","10.4025/tpe.v18i2.31451.g16257","Jogos nas aulas de matemática: discussões entre professores e licenciandos em um curso de extensão","2015","Teoria e Prática da Educação","https://openalex.org/S4210190143","1415-837X","https://doi.org/10.4025/tpe.v18i2.31451.g16257","aberto","Ana Paula Gestoso de Souza; Luciane de Fátima Bertini; Cármen Lúcia Brancaglion Passos","Carmen Lucia Brancaglion Passos; Ana Paula Gestoso de Souza","ECM; FPOAE"
"https://openalex.org/W1505691420","10.25755/int.6377","La escuela y la ciudad en conexión: un análisis de la perspectiva escalar con profesores en formación","2015","Revistas SARC","https://openalex.org/S7407051322","","https://doi.org/10.25755/int.6377","aberto","Fonolleda, Marta; Tárcio Minto Fabrício; Denise de Freitas","Denise de Freitas","ECM"
"https://openalex.org/W2179053562","10.35699/1981-3171.2015.1115","Lazer de Pessoas com Deficiências","2015","Licere","https://openalex.org/S4210168781","1516-2168","https://doi.org/10.35699/1981-3171.2015.1115","aberto","Cláudia Foganholi; Luiz Gonçalves","Luiz Gonçalves Junior","PSPE"
"https://openalex.org/W2322781562","10.4067/s0718-07052015000300004","Motricidad escolar: Reflexiones y acciones en una experiencia situada en la educación básica","2015","Estudios pedagógicos","https://openalex.org/S4210230295","0716-050X","https://doi.org/10.4067/s0718-07052015000300004","aberto","Clayton da Silva Carmo; Luiz Gonçalves; José María Pazos Couto","Luiz Gonçalves Junior","PSPE"
"https://openalex.org/W1591789351","10.21680/1981-1802.2015v51n37id7179","O discurso da qualidade em periódicos internacionais e nacionais: uma análise crítica","2015","Revista Educação em Questão","https://openalex.org/S2738396575","0102-7735","https://doi.org/10.21680/1981-1802.2015v51n37id7179","aberto","José Carlos Rothen; Maria das Graças Medeiros Tavares; Andréia da Cunha Malheiros Santana","Jose Carlos Rothen","EPFH"
"https://openalex.org/W2198965007","10.1590/198053143294","O produtivismo na era do ""publique, apareça ou pereça"": um equilíbrio difícil e necessário","2015","Cadernos de Pesquisa","https://openalex.org/S4210172135","0100-1574","https://doi.org/10.1590/198053143294","aberto","Antônio Álvaro Soares Zuin; Lucídio Bianchetti","Antonio Alvaro Soares Zuin","ECS"
"https://openalex.org/W2281902191","10.18223/hiscult.v4i3.1690","O REGIME MILITAR, OS DIREITOS HUMANOS E A IGREJA (1972-1986) * THE MILITARY REGIME, HUMAN RIGHTS AND THE CHURCH (1972-1986)","2015","História e Cultura","https://openalex.org/S2737946771","2238-6270","https://doi.org/10.18223/hiscult.v4i3.1690","aberto","Egberto Pereira dos Reis; José Carlos Rothen","Jose Carlos Rothen","EPFH"
"https://openalex.org/W2157207794","10.1590/1413-81232014201.21192013","Oral health care after the National Policy on Oral Health - ""Smiling Brazil"": a case study","2015","Ciência & Saúde Coletiva","https://openalex.org/S53297675","1413-8123","https://doi.org/10.1590/1413-81232014201.21192013","aberto","Aline Guerra Aquilante; Giovanni Gurgel Aciole","Aline Guerra Aquilante","PSPE"
"https://openalex.org/W1765366016","10.15448/1981-2582.2015.1.11836","Os gestores escolares e a inserção das escolas na comunidade","2015","Educação","https://openalex.org/S4210209057","0101-465X","https://doi.org/10.15448/1981-2582.2015.1.11836","aberto","Leila Maria Ferreira Salles; Luciano Plez de Melo; Joyce Mary Adam; Débora Cristina Fonseca","Débora Cristina Fonseca","EPFH"
"https://openalex.org/W2344860851","10.5007/2175-795x.2014v33n1p201","Os sentidos de alfabetizar na pré-escola: algumas reflexões","2015","Perspectiva","https://openalex.org/S2737309421","0102-5473","https://doi.org/10.5007/2175-795x.2014v33n1p201","aberto","Cleonice Maria Tomazzetti; Daliana Löffler","Cleonice Maria Tomazzetti","FPOAE"
"https://openalex.org/W1861752133","10.18222/eae266103140","Para uma avaliação de larga escala multidimensional","2015","Estudos em Avaliação Educacional","https://openalex.org/S4210176890","0103-6831","https://doi.org/10.18222/eae266103140","aberto","Adilson Dalben; Luana Costa Almeida","Luana Costa Almeida","EETPC"
"https://openalex.org/W2287448920","10.20396/rho.v15i64.8641938","Pedagogia histórico-crítica: alternativa para a revalorização dos conteúdos escolares.","2015","Revista HISTEDBR On-line","https://openalex.org/S4210224784","1676-2584","https://doi.org/10.20396/rho.v15i64.8641938","aberto","Jaqueline Daniela Basso; Luiz Bezerra Neto","Luiz Bezerra Neto","EPFH"
"https://openalex.org/W1570927253","10.25755/int.6367","Perspectivas recentes da educação científica","2015","Revistas SARC","https://openalex.org/S7407051322","","https://doi.org/10.25755/int.6367","aberto","Denise de Freitas; Alice Helena Campos Pierson","Alice Helena Campos Pierson; Denise de Freitas","ECM"
"https://openalex.org/W2415416638","10.1590/cc0101-32622015154849","Plano Nacional de Educação, autonomia controlada e adoecimento do professor","2015","Cadernos CEDES","https://openalex.org/S63371229","0101-3262","https://doi.org/10.1590/cc0101-32622015154849","aberto","Evaldo Piolli; Eduardo Pinto e Silva; Roberto Heloani","Eduardo Pinto e Silva","EPFH"
"https://openalex.org/W2345644658","10.4013/edu.2016.201.03","Políticas educacionais no Brasil: direito e obrigatoriedade na educação infantil","2015","Educação Unisinos","https://openalex.org/S2736521713","1519-387X","https://doi.org/10.4013/edu.2016.201.03","aberto","Maria Cecília Luiz; Rafaela Marchetti; Ronaldo Martins Gomes","Maria Cecilia Luiz","ECS"
"https://openalex.org/W2183940574","10.14244/198271991468","Por uma Educação Matemática para a justiça social... Bia, saudades eternas!","2015","Revista Eletrônica de Educação","https://openalex.org/S2736679368","1982-7199","https://doi.org/10.14244/198271991468","aberto","Cármen Lúcia Brancaglion Passos; Regina Célia Grando","Carmen Lucia Brancaglion Passos","ECM"
"https://openalex.org/W1565387319","10.14244/198271991159","Práticas de governamento das crianças pobres e negras no início do século XX","2015","Revista Eletrônica de Educação","https://openalex.org/S2736679368","1982-7199","https://doi.org/10.14244/198271991159","aberto","Andrea Braga Moruzzi","Andrea Braga Moruzzi","RED"
"https://openalex.org/W1918884023","10.14244/198271991230","Reinventando a nós mesmos: Uma conversa com Joyce E. King (Tradução)","2015","Revista Eletrônica de Educação","https://openalex.org/S2736679368","1982-7199","https://doi.org/10.14244/198271991230","aberto","Tatiane Cosentino Rodrigues","Tatiane Cosentino Rodrigues","RED"
"https://openalex.org/W1942683484","10.14244/198271991229","Reinventing ourselves: A conversation with Joyce E. King","2015","Revista Eletrônica de Educação","https://openalex.org/S2736679368","1982-7199","https://doi.org/10.14244/198271991229","aberto","Tatiane Cosentino Rodrigues","Tatiane Cosentino Rodrigues","RED"
"https://openalex.org/W2126967840","10.29397/reciis.v9i3.989","Saúde mental infantojuvenil e educação: análise bibliométrica da produção científica nacional e internacional (1968-2014)","2015","Reciis","https://openalex.org/S30403921","1981-6278","https://doi.org/10.29397/reciis.v9i3.989","aberto","Bruna Lídia Taño; María Cristina Piumbato Innocentini Hayashi","Maria Cristina Piumbato Innocentini Hayashi","HFSE"
"https://openalex.org/W1778005126","10.5007/1806-5023.2015v12n1p4","Teorias críticas da juventude: geração, moratória social e subculturas juvenis","2015","Em Tese","https://openalex.org/S4210219402","1806-5023","https://doi.org/10.5007/1806-5023.2015v12n1p4","aberto","Luís Antônio Groppo","Luís Antonio Groppo","HFSE"
"https://openalex.org/W1572208917","10.14244/198271991357","The Research on Children and Early Childhood in the UNESCO Project (Translation)","2015","Revista Eletrônica de Educação","https://openalex.org/S2736679368","1982-7199","https://doi.org/10.14244/198271991357","aberto","Ana Cristina Juvenal da Cruz; Anete Abramowicz; Tatiane Cosentino Rodrigues","Ana Cristina Juvenal da Cruz; Tatiane Cosentino Rodrigues","RED"
"https://openalex.org/W2466795665","10.24115/s2446-6220201513103p.82-97","TRABALHO E EDUCAÇÃO NO CONTEXTO DE TRANSFORMAÇÕES DA AGROINDÚSTRIA CANAVIEIRA NO FINAL DO SÉCULO XX","2015","LAPLAGE EM REVISTA","https://openalex.org/S2738200778","2446-6220","https://doi.org/10.24115/s2446-6220201513103p.82-97","aberto","Manoel Nelito Matheus Nascimento","Manoel Nelito Matheus Nascimento","RED"
"https://openalex.org/W2183441709","10.1590/s0104-40362015000400006","Trajetórias escolares de adolescentes em conflito com a lei: subsídios para repensar políticas educacionais","2015","Ensaio Avaliação e Políticas Públicas em Educação","https://openalex.org/S4210237110","0104-4036","https://doi.org/10.1590/s0104-40362015000400006","aberto","́Patrícia Leme de Oliveira Borba; Roseli Esquerdo Lopes; Ana Paula Serrata Malfitano","Roseli Esquerdo Lopes","HFSE"
"https://openalex.org/W2071465170","10.1080/00309230.2015.1021361","Translating Ovide Decroly’s ideas to Brazilian teachers","2015","Paedagogica Historica","https://openalex.org/S194633539","0030-9230","https://doi.org/10.1080/00309230.2015.1021361","fechado","Alessandra Arce Hai; Frank Simon; Marc Depaepe","Alessandra Arce Hai","ECS"
"https://openalex.org/W3016801905","10.25755/int.7398","VIVÊNCIA TECNOLÓGICA NO CONTEXTO DOS ANOS INICIAIS DO ENSINO FUNDAMENTAL: UMA ESTRATÉGIA ORGANIZACIONAL PARA O PROCESSO EDUCATIVO","2015","Revistas SARC","https://openalex.org/S7407051322","","https://doi.org/10.25755/int.7398","aberto","Giseli de Souza Lucas; María Iolanda Monteiro","Maria Iolanda Monteiro","ECS"
"https://openalex.org/W2034086288","10.1590/s0103-73072014000200012","""Encontrando Bianca"": discursos sobre o corpo-travesti","2014","Pro-Posições","https://openalex.org/S4210208850","0103-7307","https://doi.org/10.1590/s0103-73072014000200012","aberto","Nilson Fernandes Dinis; Renata Silva Pamplona","Nilson Fernandes Dinis","ECS"
"https://openalex.org/W2120511525","10.12957/teias.2014.24418","""ENTRE O AMOR E O ÓDIO"": Narrativas de avaliação das aprendizagens em Portugal e no Brasil","2014","Revista TEIAS","https://openalex.org/S4210184226","1518-5370","https://doi.org/10.12957/teias.2014.24418","aberto","Rosa Maria Moraes Anunciato; Maria Alfredo Lopes Moreira","Rosa Maria Moraes Anunciato","FPOAE"
"https://openalex.org/W2078577685","10.7213/dialogo.educ.14.042.ds04","A construção de práticas pedagógicas inter/multiculturais no ensino fundamental e os saberes docentes","2014","Revista Diálogo Educacional","https://openalex.org/S4306527104","1518-3483","https://doi.org/10.7213/dialogo.educ.14.042.ds04","aberto","Emilía Freitas de Lima","Emilia Freitas de Lima","EETPC"
"https://openalex.org/W2312355322","10.5216/ia.v39i2.31705","A CULTURA DIGITAL, A SEMIFORMAÇÃO E O NOVO ELO PEDAGÓGICO","2014","Revista Inter-Ação","https://openalex.org/S2738165242","0101-7136","https://doi.org/10.5216/ia.v39i2.31705","aberto","Antônio Álvaro Soares Zuin","Antonio Alvaro Soares Zuin","ECS"
"https://openalex.org/W2117193432","10.1590/0104-4060.38642","A educação a distância em pesquisas acadêmicas: uma análise bibliométrica em teses do campo educacional","2014","Educar em Revista","https://openalex.org/S152657728","0104-4060","https://doi.org/10.1590/0104-4060.38642","aberto","Daniel Mill; Márcia Rozenfeld Gomes de Oliveira","Daniel Ribeiro Silva Mill","ECS"
"https://openalex.org/W2605547533","10.35362/rie662270","A Educação nas obras de Freud: apontamentos para os processos educativos de crianças","2014","Revista Iberoamericana de Educación","https://openalex.org/S4210174514","1022-6508","https://doi.org/10.35362/rie662270","aberto","Aline Sommerhalder; Fernando Donizete Alves","Aline Sommerhalder; Fernando Donizete Alves","EETPC"
"https://openalex.org/W1701143409","10.24220/2318-0870v19n1a2613","A experiência de formação em serviço em escolas de um município do interior paulista","2014","Revista de Educação PUC-Campinas","https://openalex.org/S4210186489","1519-3993","https://doi.org/10.24220/2318-0870v19n1a2613","aberto","Alessandra Cardoso de Moraes; Rosa Maria Moraes Anunciato","Rosa Maria Moraes Anunciato","FPOAE"
"https://openalex.org/W2069705353","10.14572/nuances.v25i2.2816","A NATUREZA DAS ATIVIDADES MATEMÁTICAS PROPOSTAS EM TURMAS DE PRÉ-ESCOLA E PRIMEIRO ANO","2014","Nuances estudos sobre Educação","https://openalex.org/S4210191935","1413-9855","https://doi.org/10.14572/nuances.v25i2.2816","aberto","Klinger Teodoro Ciríaco","Klinger Teodoro Ciríaco","FPOAE"
"https://openalex.org/W2060730731","10.14244/198271991014","A relação expansão-avaliação da educação superior no período pós-LDB/1996","2014","Revista Eletrônica de Educação","https://openalex.org/S2736679368","1982-7199","https://doi.org/10.14244/198271991014","aberto","Maria das Graças Medeiros Tavares; Stela Maria Meneguel; Ana Lydia Vasco de Albuquerque Peixoto; Aryane de Paula Prado; Claudia Maffini Griboski; Fabiane Robl; Gladys Beatriz Barreyro; Ivanildo Ramos Fernandes; José Carlos Rothen; José Vieira de Sousa; Letícia Bortolin; Maria A. A. Oliveira; Otília Maria Lúcia Barbosa Seiffert; Patricia Lima Dubeux Abensur; Raiani Cristina Cavachia","Jose Carlos Rothen","EPFH"
"https://openalex.org/W2211017678","10.20396/rho.v13i53.8640217","A trajetória de vida da educadora Petronilha Beatriz Gonçalves Silva","2014","Revista HISTEDBR On-line","https://openalex.org/S4210224784","1676-2584","https://doi.org/10.20396/rho.v13i53.8640217","aberto","Glaziela Aparecida Franco; Manoel Nelito Matheus Nascimento","Manoel Nelito Matheus Nascimento","RED"
"https://openalex.org/W2090161589","10.14244/19827199729","A utilização das Tecnologias da Informação e Comunicação nas aulas de Matemática: limites e possibilidades","2014","Revista Eletrônica de Educação","https://openalex.org/S2736679368","1982-7199","https://doi.org/10.14244/19827199729","aberto","Reginaldo Fernando Carneiro; Cármen Lúcia Brancaglion Passos","Carmen Lucia Brancaglion Passos","ECM"
"https://openalex.org/W1968544909","10.1590/s2175-62362014000400005","Aciepe histórias infantis e Matemática: uma instância formativa","2014","Educação & Realidade","https://openalex.org/S2739092582","0100-3143","https://doi.org/10.1590/s2175-62362014000400005","aberto","Ana Paula Gestoso de Souza; Rosa Maria Moraes Anunciato","Ana Paula Gestoso de Souza; Rosa Maria Moraes Anunciato","FPOAE"
"https://openalex.org/W2339515127","10.5216/o.v13i2.23273","Adolescência heteronormativa masculina: entre a construção “obrigatória” e desconstrução necessária","2014","Revista OPSIS","https://openalex.org/S2738999111","1519-3276","https://doi.org/10.5216/o.v13i2.23273","aberto","Welson Barbosa Santos; Nilson Fernandes Dinis","Nilson Fernandes Dinis","ECS"
"https://openalex.org/W2034442133","10.1590/s2175-62362014000400002","Apresentação - Matemática nos anos iniciais","2014","Educação & Realidade","https://openalex.org/S2739092582","0100-3143","https://doi.org/10.1590/s2175-62362014000400002","aberto","Reginaldo Fernando Carneiro; Cármen Lúcia Brancaglion Passos","Carmen Lucia Brancaglion Passos","ECM"
"https://openalex.org/W2247627493","10.20396/rho.v14i55.8640477","As implicações das políticas públicas nas escolas no campo no estado de São Paulo a partir do final da década de 1980","2014","Revista HISTEDBR On-line","https://openalex.org/S4210224784","1676-2584","https://doi.org/10.20396/rho.v14i55.8640477","aberto","Jaqueline Daniela Basso; Luiz Bezerra Neto","Luiz Bezerra Neto","EPFH"
"https://openalex.org/W2168158880","10.5216/rir.v1i16.29044","AS INFLUÊNCIAS DO NEOLIBERALISMO NA EDUCAÇÃO BRASILEIRA: ALGUMAS CONSIDERAÇÕES","2014","Itinerarius Reflectionis","https://openalex.org/S2737048891","1679-2009","https://doi.org/10.5216/rir.v1i16.29044","aberto","Jaqueline Daniela Basso; Luiz Bezerra Neto","Luiz Bezerra Neto","EPFH"
"https://openalex.org/W1600966961","10.19177/prppge.v8e02014136-156","ATIVIDADE ORIENTADORA DE ENSINO: CONTRIBUIÇÕES PARA O DESENVOLVIMENTO DE UM JOGO COMPUTACIONAL","2014","Poiésis - Revista do Programa de Pós-Graduação em Educação","https://openalex.org/S4210172932","2179-2534","https://doi.org/10.19177/prppge.v8e02014136-156","aberto","Uaiana Prates; Maria do Carmo de Sousa","Maria do Carmo de Sousa","ECM"
"https://openalex.org/W2054163672","10.1590/198053142967","Cadernos de Pesquisa: psicologia e educação no ensino e aprendizagem escolar","2014","Cadernos de Pesquisa","https://openalex.org/S4210172135","0100-1574","https://doi.org/10.1590/198053142967","aberto","Juliana Barbosa Consoni; Roseli Rodrigues de Mello","Roseli Rodrigues de Mello","EETPC"
"https://openalex.org/W2107260870","10.14244/198271991031","Carta ao Leitor","2014","Revista Eletrônica de Educação","https://openalex.org/S2736679368","1982-7199","https://doi.org/10.14244/198271991031","aberto","Deise Mancebo; João dos Reis Silva Júnior; João Ferreira de Oliveira","Joao dos Reis Silva Junior","EPFH"
"https://openalex.org/W2001973960","10.4013/edu.2014.182.2480","Comunidades de Aprendizagem e a participação educativa de familiares e da comunidade: elemento-chave para uma educação de êxito para todos","2014","Educação Unisinos","https://openalex.org/S2736521713","1519-387X","https://doi.org/10.4013/edu.2014.182.2480","aberto","Fabiana Marini Braga; Roseli Rodrigues de Mello","Fabiana Marini Braga; Roseli Rodrigues de Mello","EETPC"
"https://openalex.org/W4253251763","10.4013/edu.2014.182.07","Comunidades de Aprendizagem e a participação educativa de familiares e da comunidade: elemento-chave para uma educação de êxito para todos","2014","Educação Unisinos","https://openalex.org/S2736521713","1519-387X","https://doi.org/10.4013/edu.2014.182.07","aberto","Fabiana Marini Braga; Roseli Rodrigues de Mello","Fabiana Marini Braga; Roseli Rodrigues de Mello","EETPC"
"https://openalex.org/W2947306905","10.35362/rie642364","Comunidades de Aprendizajñe: base para una relación de êxito entre escuela y familiares","2014","Revista Iberoamericana de Educación","https://openalex.org/S4210174514","1022-6508","https://doi.org/10.35362/rie642364","aberto","Fabiana Marini Braga","Fabiana Marini Braga","EETPC"
"https://openalex.org/W1985660506","10.1590/s2175-62362014000400009","Concepções de matemática de alunas-professoras dos anos iniciais","2014","Educação & Realidade","https://openalex.org/S2739092582","0100-3143","https://doi.org/10.1590/s2175-62362014000400009","aberto","Reginaldo Fernando Carneiro; Cármen Lúcia Brancaglion Passos","Carmen Lucia Brancaglion Passos","ECM"
"https://openalex.org/W2792682056","10.5212/olharprofr.v.17i2.0007","Conhecendo os/as profissionais de creche do município de Descalvado","2014","Olhar de Professor","https://openalex.org/S4210229168","1518-5648","https://doi.org/10.5212/olharprofr.v.17i2.0007","aberto","Maria Beatriz Jacomini; Aline Sommerhalder","Aline Sommerhalder","EETPC"
"https://openalex.org/W291992818","10.20396/rfe.v6i2.8635375","Construção e aplicação de matrizes bibliométrica e epistemológica para análise do referencial freireano no Ensino de Ciências","2014","Filosofia e Educação","https://openalex.org/S4210174746","1984-9605","https://doi.org/10.20396/rfe.v6i2.8635375","aberto","Gabriela Zauith; María Cristina Piumbato Innocentini Hayashi","Maria Cristina Piumbato Innocentini Hayashi","HFSE"
"https://openalex.org/W2108563848","10.1590/s1413-85572014000100004","Contradições do processo de disciplinamento escolar: os ""Livros de Ocorrências"" em análise","2014","Psicologia Escolar e Educacional","https://openalex.org/S2736785141","1413-8557","https://doi.org/10.1590/s1413-85572014000100004","aberto","Débora Cristina Fonseca; Joyce Mary Adam; Leila Maria Ferreira Salles","Débora Cristina Fonseca","EPFH"
"https://openalex.org/W1505730211","10.21879/faeeba2358-0194.v23.n41.837","DESENVOLVIMENTO PROFISSIONAL DOCENTE E NARRATIVAS EM DIFERENTES MOMENTOS DA FORMAÇÃO E ATUAÇÃO","2014","Revista da FAEEBA- Educação e Contemporaneidade","https://openalex.org/S4210174506","0104-7043","https://doi.org/10.21879/faeeba2358-0194.v23.n41.837","aberto","Rosa Maria Moraes Anunciato; Renata Prenstteter Gama","Rosa Maria Moraes Anunciato","FPOAE"
"https://openalex.org/W2027201086","10.14244/19827199519","Direito e Educação Especial: Análise bibliométrica da produção científica de interface","2014","Revista Eletrônica de Educação","https://openalex.org/S2736679368","1982-7199","https://doi.org/10.14244/19827199519","aberto","Aline Droppé Bravo; Suzelei Faria Bello; María Cristina Piumbato Innocentini Hayashi","Maria Cristina Piumbato Innocentini Hayashi","HFSE"
"https://openalex.org/W1953237651","10.0000/rtpe.v16i1.23771","Educação a Distância: elementos para pensar o ensino-aprendizagem contemporâneo","2014","Teoria e Prática da Educação","https://openalex.org/S4210190143","1415-837X","https://doi.org/10.0000/rtpe.v16i1.23771","aberto","Daniel Mill; Simone de Souza","Daniel Ribeiro Silva Mill","ECS"
"https://openalex.org/W1667250306","10.22196/rp.v15i31.1607","Educação de orientadoras e de jovens em conflito com a lei em um programa de medidas socioeducativas","2014","Revista Pedagógica","https://openalex.org/S4210190934","1415-8175","https://doi.org/10.22196/rp.v15i31.1607","aberto","Rubia Fernanda Quinelatto Caparrós; Elenice Maria Cammarosano Onofre","Elenice Maria Cammarosano Onofre","EPFH"
"https://openalex.org/W2745586097","10.22478/ufpb.1981-0695.2014v9n1.19535","Elementos para reflexões sobre Educação, Comunicação e Tecnologia: nada é tão novo sobre redes, linguagem e aprendizagem","2014","Pesquisa Brasileira em Ciência da Informação e Biblioteconomia","https://openalex.org/S4210236012","1981-0695","https://doi.org/10.22478/ufpb.1981-0695.2014v9n1.19535","fechado","Cláudio Márcio Magalhães; Daniel Mill","Daniel Ribeiro Silva Mill","ECS"
"https://openalex.org/W2241336930","10.20396/rfe.v6i2.8635376","Estudo bibliométrico e epistemológico das teses de doutorado do PPGE-UFSCar (1993-2005)","2014","Filosofia e Educação","https://openalex.org/S4210174746","1984-9605","https://doi.org/10.20396/rfe.v6i2.8635376","aberto","Marcio Henrique Coelho; María Cristina Piumbato Innocentini Hayashi","Maria Cristina Piumbato Innocentini Hayashi","HFSE"
"https://openalex.org/W1975781481","10.5944/ried.17.2.12680","FLEXIBILIDADE EDUCACIONAL NA CIBERCULTURA: ANALISANDO ESPAÇOS, TEMPOS E CURRÍCULO EM PRODUÇÕES CIENTÍFICAS DA ÁREA EDUCACIONAL","2014","RIED Revista Iberoamericana de Educación a Distancia","https://openalex.org/S2738267768","1138-2783","https://doi.org/10.5944/ried.17.2.12680","aberto","Daniel Mill","Daniel Ribeiro Silva Mill","ECS"
"https://openalex.org/W1561482523","10.21723/riaee.v9i2.7033","Formação de educadores(as): a importância das imagens na escola básica","2014","Revista Ibero-Americana de Estudos em Educação","https://openalex.org/S2737552301","1982-5587","https://doi.org/10.21723/riaee.v9i2.7033","aberto","Maria Cristina Luiz Ferrarini; Renata Maria Moschen Nascente","Renata Maria Moschen Nascente","EETPC"
"https://openalex.org/W1965765307","10.4067/s0718-07052014000200006","Formación de profesores en Educación Física en Brasil: comprensión de estudiantes noveles de la Universidad Federal de San Carlos","2014","Estudios pedagógicos","https://openalex.org/S4210230295","0716-050X","https://doi.org/10.4067/s0718-07052014000200006","aberto","Luiz Gonçalves; Fábio Ricardo Mizuno Lemos; Denise Aparecida Corrêa; Sergio Toro","Denise Aparecida Correa; Luiz Gonçalves Junior","PSPE"
"https://openalex.org/W1977039784","10.1590/s1413-24782014000900014","Gestão educacional: amigos da escola em ação","2014","Revista Brasileira de Educação","https://openalex.org/S2736711335","1413-2478","https://doi.org/10.1590/s1413-24782014000900014","aberto","Luís Antônio Groppo","Luís Antonio Groppo","HFSE"
"https://openalex.org/W1981655917","10.4236/oalib.1100776","Globalization and the Political Economy of the Brazilian Federal University","2014","OALib","https://openalex.org/S4210196074","2333-9705","https://doi.org/10.4236/oalib.1100776","aberto","João dos Reis Silva Júnior; Eric Spears; Alan Victor Pimenta de Almeida Pales Costa","Joao dos Reis Silva Junior; Alan Victor Pimenta de Almeida Pales Costa","EPFH; RED"
"https://openalex.org/W2334765721","10.5585/dialogia.n18.4096","Gramsci e a participação política pela arte musical","2014","Dialogia","https://openalex.org/S2738518088","1677-1303","https://doi.org/10.5585/dialogia.n18.4096","aberto","Alessandra Maria Martins Gaidargi; Paolo Nosella","Paolo Nosella","HFSE"
"https://openalex.org/W4233693569","10.5585/dialogian18.4096","Gramsci e a participação política pela arte musical","2014","Dialogia","https://openalex.org/S2738518088","1677-1303","https://doi.org/10.5585/dialogian18.4096","aberto","Alessandra Maria Martins Gaidargi; Paolo Nosella","Paolo Nosella","HFSE"
"https://openalex.org/W2345817983","10.20396/rho.v13i53.8640208","Helena Antipoff e o desenvolvimento da educação especial no Brasil (1929-1961)","2014","Revista HISTEDBR On-line","https://openalex.org/S4210224784","1676-2584","https://doi.org/10.20396/rho.v13i53.8640208","aberto","Heulália Charalo Rafante; Roseli Esquerdo Lopes","Roseli Esquerdo Lopes","HFSE"
"https://openalex.org/W2037753545","10.14244/19827199978","Identidade docente: as várias faces da constituição do ser professor","2014","Revista Eletrônica de Educação","https://openalex.org/S2736679368","1982-7199","https://doi.org/10.14244/19827199978","aberto","Dijnane Vedovatto; Larissa Cerignoni Benites; Luiz Sanches Neto; Marina Cyrino; Elisângela Venâncio Ananias; Rebeca Possobom Arnosti; Samuel de Souza Neto","Dijnane Fernanda Vedovatto Machado","FPOAE"
"https://openalex.org/W1525499668","10.11606/issn.2238-6149.v25i2p167-176","II National Seminar of Occupational Therapy Research: path to the academic institutionalization of the field","2014","Revista de Terapia Ocupacional da Universidade de São Paulo","https://openalex.org/S4210174686","1415-9104","https://doi.org/10.11606/issn.2238-6149.v25i2p167-176","aberto","Roseli Esquerdo Lopes; Fátima Corrêa Oliver; Ana Paula Serrata Malfitano; Julia Rodrigues Lima","Roseli Esquerdo Lopes","HFSE"
"https://openalex.org/W1486920360","10.21723/riaee.v8i4.5152","Internet: um espaço de interação ou mediação na formação de docentes de educação infantil?","2014","Revista Ibero-Americana de Estudos em Educação","https://openalex.org/S2737552301","1982-5587","https://doi.org/10.21723/riaee.v8i4.5152","aberto","Abel Gustavo Garay González; Adriana Maria Caram; Douglas Aparecido de Campos; Maria Aparecida Mello","Maria Aparecida Mello","EETPC"
"https://openalex.org/W1553562211","10.29286/rep.v24i55.810","Investigação sobre a escola e seu entorno: Estudo bibliográfico de produções nacionais","2014","Revista de Educação Pública","https://openalex.org/S4210186873","0104-5962","https://doi.org/10.29286/rep.v24i55.810","aberto","Luana Costa Almeida; Geraldo Antonio Betini","Luana Costa Almeida","EETPC"
"https://openalex.org/W1724437536","10.5585/eccos.n32.4080","Juventudes e educação sociocomunitária: roteiros de investigação","2014","EccoS – Revista Científica","https://openalex.org/S4210177415","1517-1949","https://doi.org/10.5585/eccos.n32.4080","aberto","Luís Antônio Groppo","Luís Antonio Groppo","HFSE"
"https://openalex.org/W2053312579","10.1590/1980-4415v28n49a05","Livros Didáticos e Apostilas: o currículo de matemática e a dualidade do ensino médio","2014","Bolema Boletim de Educação Matemática","https://openalex.org/S4210176729","0103-636X","https://doi.org/10.1590/1980-4415v28n49a05","aberto","Aline Germano Fonseca Coury; Denise Silva Vilela","Denise Silva Vilela","ECM"
"https://openalex.org/W4236215798","10.24933/horizontes.v32i2.176","Matemática, adjetivo: a demonstração pela ótica da cultura","2014","Horizontes","https://openalex.org/S4210198334","0103-7706","https://doi.org/10.24933/horizontes.v32i2.176","aberto","Denise Silva Vilela; Karine Angélica de Deus","Denise Silva Vilela","ECM"
"https://openalex.org/W2158085462","10.24933/horizontes.v32i2.173","Matemática, adjetivo: a demonstração pela ótica da cultura","2014","Horizontes","https://openalex.org/S4210198334","0103-7706","https://doi.org/10.24933/horizontes.v32i2.173","aberto","Denise Silva Vilela; Karine Angélica de Deus","Denise Silva Vilela","ECM"
"https://openalex.org/W2314998839","10.1177/1558689814527881","Mixed Methods in Studies on Women’s Struggle for Land Rights in Brazil","2014","Journal of Mixed Methods Research","https://openalex.org/S3162283","1558-6898","https://doi.org/10.1177/1558689814527881","fechado","Roseli Rodrigues de Mello","Roseli Rodrigues de Mello","EETPC"
"https://openalex.org/W1594678647","10.24220/2318-0870v18n3a2368","Narrativas em grupo de professores e licenciandos: resignificando a aprendizagem da matemática","2014","Revista de Educação PUC-Campinas","https://openalex.org/S4210186489","1519-3993","https://doi.org/10.24220/2318-0870v18n3a2368","aberto","Cármen Lúcia Brancaglion Passos; Rosa Maria Moraes Anunciato; Renata Prenstteter Gama","Carmen Lucia Brancaglion Passos; Rosa Maria Moraes Anunciato","ECM; FPOAE"
"https://openalex.org/W2052024051","10.1590/1980-4415v28n49e03","Narrativas na pesquisa em Educação Matemática: caleidoscópio teórico e metodológico","2014","Bolema Boletim de Educação Matemática","https://openalex.org/S4210176729","0103-636X","https://doi.org/10.1590/1980-4415v28n49e03","aberto","Nacarato Adair Mendes; Cármen Lúcia Brancaglion Passos; Heloísa da Silva","Carmen Lucia Brancaglion Passos","ECM"
"https://openalex.org/W2074880673","10.11606/issn.2238-6149.v24i2p103-111","O Ensino de Terapia Ocupacional Social nas Universidades Públicas do Estado de São Paulo","2014","Revista de Terapia Ocupacional da Universidade de São Paulo","https://openalex.org/S4210174686","1415-9104","https://doi.org/10.11606/issn.2238-6149.v24i2p103-111","aberto","Lívia Celegati Pan; Roseli Esquerdo Lopes","Roseli Esquerdo Lopes","HFSE"
"https://openalex.org/W2037968322","10.14244/198271991016","O lulismo e a mudança da natureza do trabalho docente","2014","Revista Eletrônica de Educação","https://openalex.org/S2736679368","1982-7199","https://doi.org/10.14244/198271991016","aberto","João dos Reis Silva Júnior; Luiz Carlos Anelli Júnior; Deise Mancebo","Joao dos Reis Silva Junior","EPFH"
"https://openalex.org/W2221555992","10.20396/rho.v14i57.8640401","O neoliberalismo, o Banco Mundial e a educação: alguns apontamentos","2014","Revista HISTEDBR On-line","https://openalex.org/S4210224784","1676-2584","https://doi.org/10.20396/rho.v14i57.8640401","aberto","Monica Fernanda Botiglieri; Luiz Bezerra Neto","Luiz Bezerra Neto","EPFH"
"https://openalex.org/W1935765627","10.20396/conex.v12i2.2168","O quadro das dispensas da Educação Física escolar na Rede Estadual Paulista","2014","Conexões","https://openalex.org/S4210226967","1516-4381","https://doi.org/10.20396/conex.v12i2.2168","aberto","Fernanda Moreto Impolcetto; Osmar Moreira de Souza; Heitor de Andrade Rodrigues; André Luís Ruggiero Barroso; André Minuzzo de Barros; Anoel Fernandes; Laércio Claro Pereira Franco; Odainton Pollon Lopes; Augusto Barbosa Guimarães; João Ramos de Sousa; Matheus de Falco Soares de Oliveira; Suraya Cristina Darido","Osmar Moreira de Souza Junior","PSPE"
"https://openalex.org/W2100502280","10.14244/19827199704","Os anúncios das vozes de professoras em memorial de formação docente on-line","2014","Revista Eletrônica de Educação","https://openalex.org/S2736679368","1982-7199","https://doi.org/10.14244/19827199704","aberto","Marilce da C. C. Rodrigues; Cecília Galvão; Aline Maria de Medeiros Rodrigues Reali","Aline Maria de Medeiros Rodrigues Reali","FPOAE"
"https://openalex.org/W1579101285","10.22456/1982-8918.46271","OS DESAFIOS DO ESTÁGIO CURRICULAR SUPERVISIONADO EM EDUCAÇÃO FÍSICA NA PARCERIA ENTRE UNIVERSIDADE E ESCOLA","2014","Movimento (Porto Alegre)","https://openalex.org/S147589591","0104-754X","https://doi.org/10.22456/1982-8918.46271","aberto","Dijnane Vedovatto; Samuel de Souza Neto","Dijnane Fernanda Vedovatto Machado","FPOAE"
"https://openalex.org/W2217234211","10.5585/eccos.n34.4346","Os movimentos estudantis na História da Educação e a luta pela democratização da universidade brasileira","2014","EccoS – Revista Científica","https://openalex.org/S4210177415","1517-1949","https://doi.org/10.5585/eccos.n34.4346","aberto","Marisa Bittar; Mariluce Bittar","Marisa Bittar","HFSE"
"https://openalex.org/W2333019700","10.5216/rir.v2i15.27710","P0R UMA PEDAGOGIA QUEER","2014","Itinerarius Reflectionis","https://openalex.org/S2737048891","1679-2009","https://doi.org/10.5216/rir.v2i15.27710","aberto","Nilson Fernandes Dinis","Nilson Fernandes Dinis","ECS"
"https://openalex.org/W2007673079","10.1590/s1517-97022014000100005","Percurso da avaliação da educação superior nos Governos Lula","2014","Educação e Pesquisa","https://openalex.org/S2736467988","1517-9702","https://doi.org/10.1590/s1517-97022014000100005","aberto","Gladys Beatriz Barreyro; José Carlos Rothen","Jose Carlos Rothen","EPFH"
"https://openalex.org/W2060587886","10.5902/1984686x8281","Produção científica da Terapia Ocupacional na inclusão escolar: interface com a Educação Especial e contribuições para o campo","2014","Revista Educação Especial","https://openalex.org/S2737780775","1808-270X","https://doi.org/10.5902/1984686x8281","aberto","Aline Cirelli Coppede; Alyne Kalyane Câmara de Oliveira; Fernanda Duarte Rosa; María Cristina Piumbato Innocentini Hayashi","Maria Cristina Piumbato Innocentini Hayashi","HFSE"
"https://openalex.org/W2094378343","10.1590/1516-73132014000400010","Quando professores que ensinam matemática estão em atividades de pesquisa","2014","Ciência & Educação (Bauru)","https://openalex.org/S2736612050","1516-7313","https://doi.org/10.1590/1516-73132014000400010","aberto","Maria do Carmo de Sousa","Maria do Carmo de Sousa","ECM"
"https://openalex.org/W1954639167","10.4322/cto.2014.081","Recursos e tecnologias em Terapia Ocupacional Social: ações com jovens pobres na cidade","2014","Cadernos Brasileiros de Terapia Ocupacional ","https://openalex.org/S4210189390","0104-4931","https://doi.org/10.4322/cto.2014.081","aberto","Roseli Esquerdo Lopes; Ana Paula Serrata Malfitano; Carla Regina Silva; Patrícia Leme de Oliveira Borba","Roseli Esquerdo Lopes","HFSE"
"https://openalex.org/W1604524875","10.61203/2347-0658.v3.n0.9244","Refletindo sobre as razões da diversificação institucional las universidades estatais brasileiras.","2014","Revista del Núcleo de Estudios e Investigaciones en Educación Superior del Mercosur/Integración y conocimiento","https://openalex.org/S4393918411","2313-9080","https://doi.org/10.61203/2347-0658.v3.n0.9244","aberto","João dos Reis Silva Júnior; Daniel Schugurensky","Joao dos Reis Silva Junior","EPFH"
"https://openalex.org/W1897596957","10.4025/rtpe.v16i1.23757","Reflexões sobre autonomia e limitações nas relações polidocentes na Educação a Distância","2014","Teoria e Prática da Educação","https://openalex.org/S4210190143","1415-837X","https://doi.org/10.4025/rtpe.v16i1.23757","aberto","Denise Martins de Abreu-e-Lima; Daniel Mill","Daniel Ribeiro Silva Mill","ECS"
"https://openalex.org/W1562020813","10.21723/riaee.v9i2.7047","Saberes sobre brincar: o que as pesquisas publicadas na ANPED revelam?","2014","Revista Ibero-Americana de Estudos em Educação","https://openalex.org/S2737552301","1982-5587","https://doi.org/10.21723/riaee.v9i2.7047","aberto","Tatiana Aparecida de Mattos; Aline Sommerhalder","Aline Sommerhalder","EETPC"
"https://openalex.org/W2084354785","10.1007/s10518-014-9596-y","Seismic demand on steel reinforcing bars in reinforced concrete frame structures","2014","Bulletin of Earthquake Engineering","https://openalex.org/S144568777","1570-761X","https://doi.org/10.1007/s10518-014-9596-y","fechado","A. Braconi; Fabiana Marini Braga; Silvia Caprili; Rosario Gigliotti; Walter Salvatore","Fabiana Marini Braga","EETPC"
"https://openalex.org/W2314130664","10.1177/0008417414536712","Social occupational therapy","2014","Canadian Journal of Occupational Therapy","https://openalex.org/S153307584","0008-4174","https://doi.org/10.1177/0008417414536712","fechado","Ana Paula Serrata Malfitano; Roseli Esquerdo Lopes; Lílian Magalhães; Elizabeth Townsend","Roseli Esquerdo Lopes","HFSE"
"https://openalex.org/W2081732985","10.1007/s10518-014-9583-3","Speedup of post earthquake community recovery: the case of precast industrial buildings after the Emilia 2012 earthquake","2014","Bulletin of Earthquake Engineering","https://openalex.org/S144568777","1570-761X","https://doi.org/10.1007/s10518-014-9583-3","fechado","Fabiana Marini Braga; Rosario Gigliotti; Giorgio Monti; Francesco Morelli; Camillo Nuti; Walter Salvatore; Ivo Vanzi","Fabiana Marini Braga","EETPC"
"https://openalex.org/W1976457220","10.1590/1984-0292/1272","Subjetividade docente na expansão da UFF: criação, refração e adoecimento","2014","Fractal Revista de Psicologia","https://openalex.org/S4210194127","1984-0292","https://doi.org/10.1590/1984-0292/1272","aberto","Eduardo Pinto e Silva; Deise Mancebo","Eduardo Pinto e Silva","EPFH"
"https://openalex.org/W2345840314","10.20396/rho.v14i57.8640412","Subsídios para a construção do projeto político-pedagógico em escolas municipais","2014","Revista HISTEDBR On-line","https://openalex.org/S4210224784","1676-2584","https://doi.org/10.20396/rho.v14i57.8640412","aberto","Flávio Caetano da Silva; Celso Luiz Aparecido Conti","Celso Luiz Aparecido Conti; Flavio Caetano da Silva","EETPC; ECS"
"https://openalex.org/W2001077190","10.14244/19827199658","Tecnologias Digitais no contexto escolar: Um estudo bibliométrico sobre seus usos, suas potencialidades e fragilidades","2014","Revista Eletrônica de Educação","https://openalex.org/S2736679368","1982-7199","https://doi.org/10.14244/19827199658","aberto","Ana Helena R. G. P. Lopes; María Iolanda Monteiro; Daniel Mill","Daniel Ribeiro Silva Mill; Maria Iolanda Monteiro","ECS"
"https://openalex.org/W2756441001","10.7213/rde.v14i42.6620","The construction of inter/multicultural pedagogical practices in the elementary teaching and the teaching knowledge","2014","Revista Diálogo Educacional","https://openalex.org/S4306527104","1518-3483","https://doi.org/10.7213/rde.v14i42.6620","aberto","Emilía Freitas de Lima","Emilia Freitas de Lima","EETPC"
"https://openalex.org/W2082815344","10.1016/j.linged.2014.07.003","The multiple perspectives in a dialogical continued education course on animal welfare: Accounts of a team of extension agents and a manager and a cowboy from a rural Brazilian territory","2014","Linguistics and Education","https://openalex.org/S16782977","0898-5898","https://doi.org/10.1016/j.linged.2014.07.003","aberto","Luís Fernando Soares Zuin; Poliana Bruno Zuin; Ana Gabriela Monzon; Mateus José Rodrigues Paranhos da Costa; Isaías de Oliveira","Poliana Bruno Zuin","HFSE"
"https://openalex.org/W2311544185","10.20396/rho.v14i57.8640415","Trabalho e educação no Assentamento Guarani: reforma agrária e parcerias agroindustriais","2014","Revista HISTEDBR On-line","https://openalex.org/S4210224784","1676-2584","https://doi.org/10.20396/rho.v14i57.8640415","aberto","José Leite dos Santos Neto; Manoel Nelito Matheus Nascimento","Manoel Nelito Matheus Nascimento","RED"
"https://openalex.org/W1160540469","10.20396/rho.v14i57.8640416","Trabalho e educação: o currículo da rede estadual paulista no contexto da reestruturação produtiva do capital","2014","Revista HISTEDBR On-line","https://openalex.org/S4210224784","1676-2584","https://doi.org/10.20396/rho.v14i57.8640416","aberto","Victor Hugo Junqueira; Maria Cristina dos Santos Bezerra","Maria Cristina dos Santos","RED"
"https://openalex.org/W1996513243","10.5902/2176217115935","Uma proposta metodológica para a leitura de textos em avaliação educacional","2014","Revista de Gestão e Avaliação Educacional","https://openalex.org/S2739324624","2176-2171","https://doi.org/10.5902/2176217115935","aberto","Regilson Maciel Borges; José Carlos Rothen","Jose Carlos Rothen","EPFH"
"https://openalex.org/W4405183699","10.5935/1980-6906/psicologia.v16n3p58-68","Violência e Inserção Social do Jovem de Periferia Urbana","2014","Psicologia - Teoria e Prática","https://openalex.org/S4210232456","1516-3687","https://doi.org/10.5935/1980-6906/psicologia.v16n3p58-68","aberto","Leila Maria Ferreira Salles; Joyce Mary Adam; Débora Cristina Fonseca","Débora Cristina Fonseca","EPFH"
"https://openalex.org/W2132425078","10.4236/ce.2014.511102","What Is the Training of the Accounting Professor in Brazil?","2014","Creative Education","https://openalex.org/S155988987","2151-4755","https://doi.org/10.4236/ce.2014.511102","aberto","Adriana Maria Procópio de Araújo; Roseli Rodrigues de Mello","Roseli Rodrigues de Mello","EETPC"
"https://openalex.org/W2344220349","10.20396/rho.v13i50.8640292","A busca pelo consenso neoliberal no campo: aspectos históricos do programa Escola Ativa","2013","Revista HISTEDBR On-line","https://openalex.org/S4210224784","1676-2584","https://doi.org/10.20396/rho.v13i50.8640292","aberto","Júlia Mazinini Rosa; Maria Cristina dos Santos Bezerra","Maria Cristina dos Santos","RED"
"https://openalex.org/W1734571570","10.4025/tpe.v15i2.20180.g10526","A educação em Gramsci","2013","Teoria e Prática da Educação","https://openalex.org/S4210190143","1415-837X","https://doi.org/10.4025/tpe.v15i2.20180.g10526","aberto","Paolo Nosella; Mário Luiz Neves de Azevedo","Paolo Nosella","HFSE"
"https://openalex.org/W2346871368","10.20396/rho.v13i50.8640294","A educação escolar rural no estado de São Paulo entre 1890 e 1970: breve discussão sobre o ruralismo pedagógico","2013","Revista HISTEDBR On-line","https://openalex.org/S4210224784","1676-2584","https://doi.org/10.20396/rho.v13i50.8640294","aberto","Jaqueline Daniela Basso; Luiz Bezerra Neto","Luiz Bezerra Neto","EPFH"
"https://openalex.org/W2171525734","10.1590/s2175-62362013000100005","A educação na prisão como política pública: entre desafios e tarefas","2013","Educação & Realidade","https://openalex.org/S2739092582","0100-3143","https://doi.org/10.1590/s2175-62362013000100005","aberto","Elenice Maria Cammarosano Onofre; Elionaldo Fernandes Julião","Elenice Maria Cammarosano Onofre","EPFH"
"https://openalex.org/W1572306516","10.20396/rho.v13i49.8640327","A educação voltada para o empreendedorismo: um levantamento do debate acadêmico","2013","Revista HISTEDBR On-line","https://openalex.org/S4210224784","1676-2584","https://doi.org/10.20396/rho.v13i49.8640327","aberto","Marcelo de Amorim Pandolfi; Roseli Esquerdo Lopes","Roseli Esquerdo Lopes","HFSE"
"https://openalex.org/W1748735045","10.20396/rho.v13i49.8640337","A escola contemporânea e sua identidade (ou sobre o óbvio esquecido)","2013","Revista HISTEDBR On-line","https://openalex.org/S4210224784","1676-2584","https://doi.org/10.20396/rho.v13i49.8640337","aberto","Géssica Priscila Ramos","Gessica Priscila Ramos","EPFH"
"https://openalex.org/W1579301758","10.21879/faeeba2358-0194.v21.n37.455","A FORMAÇÃO DE EDUCADORAS E EDUCADORES PARA UMMODELO SOCIAL DE EDUCAÇÃO DE PESSOAS JOVENS E ADULTAS: PERSPECTIVA DIALÓGICA","2013","Revista da FAEEBA- Educação e Contemporaneidade","https://openalex.org/S4210174506","0104-7043","https://doi.org/10.21879/faeeba2358-0194.v21.n37.455","aberto","Ramón Flecha; Roseli Rodrigues de Mello","Roseli Rodrigues de Mello","EETPC"
"https://openalex.org/W1602677354","10.11144/javeriana.m6-12.fpcb","A formação de professores de ciências e biologia e os conhecimentos tradicionais de matriz africana e afro-brasileira","2013","Magis Revista Internacional de Investigación en Educación","https://openalex.org/S2739290193","2027-1174","https://doi.org/10.11144/javeriana.m6-12.fpcb","aberto","Douglas Verrangia","Douglas Verrangia Correa da Silva","RED"
"https://openalex.org/W2342696347","10.20396/rho.v13i50.8640305","A herança colonial e as implicações na educação do campo no Brasil","2013","Revista HISTEDBR On-line","https://openalex.org/S4210224784","1676-2584","https://doi.org/10.20396/rho.v13i50.8640305","aberto","Adriana do Carmo de Jesus; Maria Cristina dos Santos Bezerra","Maria Cristina dos Santos","RED"
"https://openalex.org/W1553461254","10.20396/rho.v13i49.8640332","A influência de Paulo Freire no ensino de ciências e na educação CTS: uma análise bibliométrica","2013","Revista HISTEDBR On-line","https://openalex.org/S4210224784","1676-2584","https://doi.org/10.20396/rho.v13i49.8640332","aberto","Gabriela Zauith; María Cristina Piumbato Innocentini Hayashi","Maria Cristina Piumbato Innocentini Hayashi","HFSE"
"https://openalex.org/W2148051588","10.5216/rir.v2i13.22351","A MORAL DO RESSENTIMENTO E AS PRÁTICAS DISCRIMINATÓRIAS NA DIVERSIDADE SEXUAL","2013","Itinerarius Reflectionis","https://openalex.org/S2737048891","1679-2009","https://doi.org/10.5216/rir.v2i13.22351","aberto","Renata Silva Pamplona; Nilson Fernandes Dinis","Nilson Fernandes Dinis","ECS"
"https://openalex.org/W2237051892","10.20396/rho.v13i50.8640295","A multisseriação frente à profissionalidade docente na educação do campo","2013","Revista HISTEDBR On-line","https://openalex.org/S4210224784","1676-2584","https://doi.org/10.20396/rho.v13i50.8640295","aberto","Wiama de Jesus Freitas Lopes; Luiz Bezerra Neto","Luiz Bezerra Neto","EPFH"
"https://openalex.org/W1488177051","10.14393/rep-v12n22013-art02","A práxis da educação popular: considerações sobre sua história e seus desafios diante da consolidação do campo das práticas socioeducativas","2013","Revista de Educação Popular","https://openalex.org/S2737653690","1678-5622","https://doi.org/10.14393/rep-v12n22013-art02","aberto","Luís Antônio Groppo; Suzana Andréia Santos Coutinho","Luís Antonio Groppo","HFSE"
"https://openalex.org/W4409678384","10.14393/rep-2013-24401","A práxis da educação popular: considerações sobre sua história e seus desafios diante da consolidação do campo das práticas socioeducativas","2013","Revista de Educação Popular","https://openalex.org/S2737653690","1678-5622","https://doi.org/10.14393/rep-2013-24401","aberto","Luís Antônio Groppo; Suzana Costa Coutinho","Luís Antonio Groppo","HFSE"
"https://openalex.org/W2001962345","10.1590/s0104-40602013000400013","A sociedade do espetáculo e a reconfiguração da autoridade pedagógica","2013","Educar em Revista","https://openalex.org/S152657728","0104-4060","https://doi.org/10.1590/s0104-40602013000400013","aberto","Antônio Álvaro Soares Zuin","Antonio Alvaro Soares Zuin","ECS"
"https://openalex.org/W1601297095","10.24934/eef.v16i21.217","A utilização de recursos tecnológicos por professores das escolas de educação básica","2013","Educação em Foco","https://openalex.org/S2737392348","1519-3322","https://doi.org/10.24934/eef.v16i21.217","aberto","Tatiane Severgnini da Cruz; María Iolanda Monteiro; Márcia Rozenfeld Gomes de Oliveira","Maria Iolanda Monteiro","ECS"
"https://openalex.org/W1617052879","10.9771/gmed.v5i1.9642","A VALORIZAÇÃO DA ESCOLA E DO PROFESSOR NO CAPITALISMO: QUE VALOR ESTÁ EM JOGO?","2013","Germinal Marxismo e Educação em Debate","https://openalex.org/S2739076525","2175-5604","https://doi.org/10.9771/gmed.v5i1.9642","aberto","Géssica Priscila Ramos","Gessica Priscila Ramos","EPFH"
"https://openalex.org/W2345289691","10.20396/rho.v13i49.8640318","Adorno e a educação sociocomunitária: diálogos e proposições","2013","Revista HISTEDBR On-line","https://openalex.org/S4210224784","1676-2584","https://doi.org/10.20396/rho.v13i49.8640318","aberto","Luís Antônio Groppo","Luís Antonio Groppo","HFSE"
"https://openalex.org/W2339713457","10.20396/rfe.v5i2.8635395","Afinidades eletivas entre a cientometria e os estudos sociais da ciência","2013","Filosofia e Educação","https://openalex.org/S4210174746","1984-9605","https://doi.org/10.20396/rfe.v5i2.8635395","aberto","María Cristina Piumbato Innocentini Hayashi","Maria Cristina Piumbato Innocentini Hayashi","HFSE"
"https://openalex.org/W2083777839","10.5902/1984686x5402","Análise bibliométrica da produção científica sobre comunicação alternativa – uma pesquisa na biblioteca virtual em saúde","2013","Revista Educação Especial","https://openalex.org/S2737780775","1808-270X","https://doi.org/10.5902/1984686x5402","aberto","Cândice Lima Moreschi; Suzelei Faria Bello; María Cristina Piumbato Innocentini Hayashi","Maria Cristina Piumbato Innocentini Hayashi","HFSE"
"https://openalex.org/W2249343497","10.20435/serie-estudos.v0i17.490","Apontamentos de campo acerca de uma experiência de educação não-formal com crianças e adolescentes em situação de rua","2013","Série-Estudos - Periódico do Programa de Pós-Graduação em Educação da UCDB","https://openalex.org/S4210238243","1414-5138","https://doi.org/10.20435/serie-estudos.v0i17.490","aberto","Ana Paula Serrata Malfitano; Roseli Esquerdo Lopes","Roseli Esquerdo Lopes","HFSE"
"https://openalex.org/W2284431607","10.20396/rfe.v5i2.8635396","Apontamentos sobre a coleta de dados em estudos bibliométricos e cientométricos","2013","Filosofia e Educação","https://openalex.org/S4210174746","1984-9605","https://doi.org/10.20396/rfe.v5i2.8635396","aberto","Carlos Roberto Massao Hayashi","Carlos Roberto Massao Hayashi","HFSE"
"https://openalex.org/W2262532647","10.20435/serie-estudos.v0i27.189","Apontamentos sobre ensino e formaçao de professores intermulticulturais","2013","Série-Estudos - Periódico do Programa de Pós-Graduação em Educação da UCDB","https://openalex.org/S4210238243","1414-5138","https://doi.org/10.20435/serie-estudos.v0i27.189","aberto","Emilía Freitas de Lima","Emilia Freitas de Lima","EETPC"
"https://openalex.org/W2168000752","10.1590/s1517-97022013005000020","Aprendizagem da docência em grupo colaborativo: histórias infantis e matemática","2013","Educação e Pesquisa","https://openalex.org/S2736467988","1517-9702","https://doi.org/10.1590/s1517-97022013005000020","aberto","Ana Paula Gestoso de Souza; Rosa Maria Moraes Anunciato","Ana Paula Gestoso de Souza; Rosa Maria Moraes Anunciato","FPOAE"
"https://openalex.org/W1981653663","10.1590/s2175-62362013000100002","Apresentação: educação em prisões","2013","Educação & Realidade","https://openalex.org/S2739092582","0100-3143","https://doi.org/10.1590/s2175-62362013000100002","aberto","Elionaldo Fernandes Julião; Elenice Maria Cammarosano Onofre","Elenice Maria Cammarosano Onofre","EPFH"
"https://openalex.org/W2160321676","10.5216/rir.v2i13.22326","AS CONTRADIÇÕES PRESENTES NAS REINVIDICAÇÕES DO MOVIMENTO POR UMA EDUCAÇÃO DO CAMPO E A PEDAGOGIA HISTÓRICO-CRÍTICA","2013","Itinerarius Reflectionis","https://openalex.org/S2737048891","1679-2009","https://doi.org/10.5216/rir.v2i13.22326","aberto","Jaqueline Daniela Basso; Luiz Bezerra Neto","Luiz Bezerra Neto","EPFH"
"https://openalex.org/W1794720084","10.14393/repod-v1n2a2012-21901","Autonomia controlada e adoecimento do professor / Controlled autonomy and its effect on teachers' health","2013","Revista Educação e Políticas em Debate","https://openalex.org/S4210220395","2238-8346","https://doi.org/10.14393/repod-v1n2a2012-21901","aberto","Eduardo Pinto e Silva; Roberto Heloani; Evaldo Piolli","Eduardo Pinto e Silva","EPFH"
"https://openalex.org/W2197053072","10.20396/rho.v13i51.8640278","Caminhos e (des)caminhos da gestão democrática da escola publica: obstáculos, resistências e perspectivas para a democratização dos conselhos escolares","2013","Revista HISTEDBR On-line","https://openalex.org/S4210224784","1676-2584","https://doi.org/10.20396/rho.v13i51.8640278","aberto","Celso Luiz Aparecido Conti; Maria Cecília Luiz; Sandra Aparecida Riscal","Celso Luiz Aparecido Conti; Maria Cecilia Luiz; Sandra Aparecida Riscal","EETPC; ECS"
"https://openalex.org/W2049589051","10.1007/s11422-013-9499-2","Contributions from sociology of science to mathematics education in Brazil: logic as a system of beliefs","2013","Cultural Studies of Science Education","https://openalex.org/S197616855","1871-1502","https://doi.org/10.1007/s11422-013-9499-2","fechado","Thales Haddad Novaes de Andrade; Denise Silva Vilela","Denise Silva Vilela","ECM"
"https://openalex.org/W2058439197","10.1590/s0103-73072013000300009","Copiar, colar e deletar: a Internet e a atualidade da semiformação","2013","Pro-Posições","https://openalex.org/S4210208850","0103-7307","https://doi.org/10.1590/s0103-73072013000300009","aberto","Antônio Álvaro Soares Zuin","Antonio Alvaro Soares Zuin","ECS"
"https://openalex.org/W2260176410","10.20435/série-estudos.v0i14.554","Dossiê Formação de Professores","2013","Série-Estudos - Periódico do Programa de Pós-Graduação em Educação da UCDB","https://openalex.org/S4210238243","1414-5138","https://doi.org/10.20435/série-estudos.v0i14.554","aberto","Marisa Bittar; Amarílio Ferreira","Marisa Bittar","HFSE"
"https://openalex.org/W1528510954","10.23901/1679-4605.2013v9n3p185","Educação e Estatuto da Criança e do Adolescente: a formação de agentes sociais e professores","2013","Revista Ciência em Extensão","https://openalex.org/S4387285731","1679-4605","https://doi.org/10.23901/1679-4605.2013v9n3p185","aberto","Clara Mauerberg de Barros; Débora Cristina Fonseca","Débora Cristina Fonseca","EPFH"
"https://openalex.org/W2157215141","10.19141/2236-2622/actacientifica.v22.n1.9-21","Educação sociocomunitária e integração sistêmica: fundamentos para uma crítica das intervenções educacionais não formais contemporâneas","2013","Acta Científica","https://openalex.org/S4210188584","2236-2622","https://doi.org/10.19141/2236-2622/actacientifica.v22.n1.9-21","fechado","Luís Antônio Groppo","Luís Antonio Groppo","HFSE"
"https://openalex.org/W1831181332","10.20396/etd.v15i2.1285","Elementos para reflexões sobre educação, comunicação e tecnologia: nada é tão novo sobre redes, linguagem e aprendizagem","2013","ETD - Educação Temática Digital","https://openalex.org/S2737549463","1676-2592","https://doi.org/10.20396/etd.v15i2.1285","aberto","Cláudio Márcio Magalhães; Daniel Mill","Daniel Ribeiro Silva Mill","ECS"
"https://openalex.org/W1521048433","10.20435/serie-estudos.v0i09.605","Elitismo e exclusão: a trajetória de 500 anos da educação brasileira","2013","Série-Estudos - Periódico do Programa de Pós-Graduação em Educação da UCDB","https://openalex.org/S4210238243","1414-5138","https://doi.org/10.20435/serie-estudos.v0i09.605","aberto","Amarílio Ferreira; Marisa Bittar","Marisa Bittar","HFSE"
"https://openalex.org/W1925096480","10.14244/19827199608","ESCOLARIZAÇÃO DE ADOLESCENTES EM PRIVAÇÃO DE LIBERDADE: ANÁLISE DO TEMA EM UMA AMOSTRA DE PERIÓDICOS","2013","Revista Eletrônica de Educação","https://openalex.org/S2736679368","1982-7199","https://doi.org/10.14244/19827199608","aberto","Débora Cristina Fonseca","Débora Cristina Fonseca","EPFH"
"https://openalex.org/W1509182563","10.34112/2317-0972a2013v31n61p81-95","Escritas reflexivas na formação de professores de Matemática","2013","Leitura Teoria & Prática","https://openalex.org/S4210186676","0102-387X","https://doi.org/10.34112/2317-0972a2013v31n61p81-95","aberto","Maria do Carmo de Sousa","Maria do Carmo de Sousa","ECM"
"https://openalex.org/W1520829857","10.5433/1981-8920.2013v18n3p138","Estudo bibliométrico sobre a produção científica da área da sociologia da ciência; Estudio bibliométrico en la producción científica del campo de la sociología de la ciencia","2013","Informação & Informação","https://openalex.org/S2739172281","1414-2139","https://doi.org/10.5433/1981-8920.2013v18n3p138","aberto","Júlia Fernandes Marcelo; María Cristina Piumbato Innocentini Hayashi","Maria Cristina Piumbato Innocentini Hayashi","HFSE"
"https://openalex.org/W2240257712","10.5935/1676-4285.20134143","Experiences of women in a pregnant group: a descriptive study","2013","Online Brazilian Journal of Nursing","https://openalex.org/S2764830343","1676-4285","https://doi.org/10.5935/1676-4285.20134143","aberto","Paula Rueder Neves; Natália Rejane Salim; Glauce Cristine Ferreira Soares; Dulce María Rosa Gualda","Natália Rejane Salim","PSPE"
"https://openalex.org/W1988427407","10.1590/s0104-12902013000300027","Expressão livre de jovens por meio do Fanzine: recurso para a terapia ocupacional social","2013","Saúde e Sociedade","https://openalex.org/S2732126","0104-1290","https://doi.org/10.1590/s0104-12902013000300027","aberto","Roseli Esquerdo Lopes; Patrícia Leme de Oliveira Borba; Gustavo Artur Monzeli","Roseli Esquerdo Lopes","HFSE"
"https://openalex.org/W2344568919","10.20396/rho.v13i51.8640275","Formação e certificação em massa e abordagens do multiculturalismo e das competências na educação a distância: implicações ao trabalho docente","2013","Revista HISTEDBR On-line","https://openalex.org/S4210224784","1676-2584","https://doi.org/10.20396/rho.v13i51.8640275","aberto","João dos Reis Silva Júnior; Tânia Barbosa Martins","Joao dos Reis Silva Junior","EPFH"
"https://openalex.org/W4229578452","10.20396/muspop.v1i2.12888","Gênese do rock dos anos 80 no Brasil","2013","Música Popular em Revista","https://openalex.org/S4210235274","2316-7858","https://doi.org/10.20396/muspop.v1i2.12888","aberto","Luís Antônio Groppo","Luís Antonio Groppo","HFSE"
"https://openalex.org/W1539309022","10.20396/rho.v13i49.8640317","História da educação e marxismo em duas trajetórias intelectuais do século XX: Brian Simon e Mario Alighiero Manacorda","2013","Revista HISTEDBR On-line","https://openalex.org/S4210224784","1676-2584","https://doi.org/10.20396/rho.v13i49.8640317","aberto","Marisa Bittar","Marisa Bittar","HFSE"
"https://openalex.org/W1755397306","10.18542/amazrecm.v10i19.2184","Horticultura comunitária e construção de sistemas socioecológicos sustentáveis","2013","Amazônia Revista de Educação em Ciências e Matemáticas","https://openalex.org/S4210179992","1980-5128","https://doi.org/10.18542/amazrecm.v10i19.2184","aberto","Alessandra Pavesi; Denise de Freitas; Bárbara Pacheco Lopes","Denise de Freitas","ECM"
"https://openalex.org/W2110793109","10.4013/edu.2013.173.09","Inovações didáticas e a concepção de natureza: a pesquisa colaborativa e o desenvolvimento profissional do professor","2013","Educação Unisinos","https://openalex.org/S2736521713","1519-387X","https://doi.org/10.4013/edu.2013.173.09","aberto","Pedro Wágner Gonçalves; Natalina Aparecida Laguna Sicca; Silvia Aparecida de Sousa Fernandes; Maria Cristina da Silveira Galan Fernandes","Maria Cristina da Silveira Galan Fernandes","EPFH"
"https://openalex.org/W2093257407","10.1590/s1981-77462013000300004","Inovações do século passado: origens dos referenciais pedagógicos na formação profissional em saúde","2013","Trabalho Educação e Saúde","https://openalex.org/S2738869887","1678-1007","https://doi.org/10.1590/s1981-77462013000300004","aberto","Solange de Fátima Reis Conterno; Roseli Esquerdo Lopes","Roseli Esquerdo Lopes","HFSE"
"https://openalex.org/W1521665127","10.25755/int.3407","INTERAÇÃO UNIVERSIDADE-ESCOLA: REFLEXÕES SOBRE A TRAJETÓRIA DE UMA PESQUISA-INTERVENÇÃO","2013","Saberes Revista interdisciplinar de Filosofia e Educação","https://openalex.org/S4387287186","1984-3879","https://doi.org/10.25755/int.3407","fechado","Marilce da Costa Campos Rodrigues; Aline Maria de Medeiros Rodrigues Reali; Daniela Dotto Machado; Jane Borges de Oliveira Santos; Márcia Regina Onofre; María Iolanda Monteiro; Terence Peixoto dos Santos","Maria Iolanda Monteiro; Márcia Regina Onofre","ECS; FPOAE"
"https://openalex.org/W1586108894","10.18617/liinc.v9i1.524","Métricas da participação feminina na ciência e tecnologia no contexto dos INCTs │ Metrics for women’s participation in science and technology in the context of INCTs","2013","Liinc em Revista","https://openalex.org/S2736391685","1808-3536","https://doi.org/10.18617/liinc.v9i1.524","aberto","Carlos Roberto Massao Hayashi; Camila Carneiro Dias Rigolin; María Cristina Piumbato Innocentini Hayashi","Carlos Roberto Massao Hayashi; Maria Cristina Piumbato Innocentini Hayashi","HFSE"
"https://openalex.org/W4254353074","10.18225/liinc.v9i1.524","Métricas da participação feminina na ciência e tecnologia no contexto dos INCTs │ Metrics for women’s participation in science and technology in the context of INCTs","2013","Liinc em Revista","https://openalex.org/S2736391685","1808-3536","https://doi.org/10.18225/liinc.v9i1.524","aberto","Carlos Roberto Massao Hayashi; Camila Carneiro Dias Rigolin; María Cristina Piumbato Innocentini Hayashi","Carlos Roberto Massao Hayashi; Maria Cristina Piumbato Innocentini Hayashi","HFSE"
"https://openalex.org/W2321037345","10.4322/cto.2013.022","No pó da estrada","2013","Cadernos Brasileiros de Terapia Ocupacional ","https://openalex.org/S4210189390","0104-4931","https://doi.org/10.4322/cto.2013.022","aberto","Roseli Esquerdo Lopes","Roseli Esquerdo Lopes","HFSE"
"https://openalex.org/W1550776831","10.5212/rlagg.v.5.i1.0009","O amor entre mulheres: a tolerância esconderia mais preconceito?","2013","Revista Latino-americana de Geografia e Genero","https://openalex.org/S2737847961","2177-2886","https://doi.org/10.5212/rlagg.v.5.i1.0009","aberto","Nilson Fernandes Dinis","Nilson Fernandes Dinis","ECS"
"https://openalex.org/W2000508121","10.1590/s1517-97022013000100002","O debate contemporâneo sobre a diversidade e a diferença nas políticas e pesquisas em educação","2013","Educação e Pesquisa","https://openalex.org/S2736467988","1517-9702","https://doi.org/10.1590/s1517-97022013000100002","aberto","Tatiane Cosentino Rodrigues; Anete Abramowicz","Tatiane Cosentino Rodrigues","RED"
"https://openalex.org/W2000313056","10.1590/s0101-73302013000400008","O Ideb: limites e ilusões de uma política educacional","2013","Educação & Sociedade","https://openalex.org/S2737687728","0101-7330","https://doi.org/10.1590/s0101-73302013000400008","aberto","Luana Costa Almeida; Adilson Dalben; Luiz Carlos de Freitas","Luana Costa Almeida","EETPC"
"https://openalex.org/W1978922443","10.5212/olharprofr.v.16i1.0007","O ingresso de crianças de 6 anos no Ensino Fundamental de 9 anos: o olhar de professores da rede municipal de São Carlos-SP","2013","Olhar de Professor","https://openalex.org/S4210229168","1518-5648","https://doi.org/10.5212/olharprofr.v.16i1.0007","aberto","Alessandra Cardoso de Moraes; Rosa Maria Moraes Anunciato","Rosa Maria Moraes Anunciato","FPOAE"
"https://openalex.org/W2099258564","10.5212/olharprofr.v.16.5209","O ingresso de crianças de 6 anos no Ensino Fundamental de 9 anos: o olhar de professores da rede municipal de São Carlos-SP. DOI: 10.5212/OlharProfr.v.16i1.0007","2013","Olhar de Professor","https://openalex.org/S4210229168","1518-5648","https://doi.org/10.5212/olharprofr.v.16.5209","aberto","Alessandra Cardoso de Moraes; Rosa Maria Moraes Anunciato","Rosa Maria Moraes Anunciato","FPOAE"
"https://openalex.org/W2048263566","10.1590/s1413-65382013000200010","Objetos de Aprendizagem como recurso pedagógico em contextos inclusivos: subsídios para a formação de professores a distância","2013","Revista Brasileira de Educação Especial","https://openalex.org/S4210190154","1413-6538","https://doi.org/10.1590/s1413-65382013000200010","aberto","Lívia Raposo Bardy; María Cristina Piumbato Innocentini Hayashi; Elisa Tomoe Moriya Schlünzen; Manoel Osmar Seabra","Maria Cristina Piumbato Innocentini Hayashi","HFSE"
"https://openalex.org/W2303290493","10.20396/rho.v13i52.8640229","Os Congressos Agrícolas do Rio de Janeiro e de Pernambuco e a educação (1878)","2013","Revista HISTEDBR On-line","https://openalex.org/S4210224784","1676-2584","https://doi.org/10.20396/rho.v13i52.8640229","aberto","Maria Isabel Moura Nascimento; Manoel Nelito Matheus Nascimento","Manoel Nelito Matheus Nascimento","RED"
"https://openalex.org/W2736786270","10.18554/cimeac.v3i2.1451","Os cursos pré-vestibulares populares enquanto espaços educativos e de formação docente: algumas reflexões","2013","Cadernos CIMEAC","https://openalex.org/S4210190853","2178-9770","https://doi.org/10.18554/cimeac.v3i2.1451","aberto","Douglas Verrangia","Douglas Verrangia Correa da Silva","RED"
"https://openalex.org/W2033271881","10.14244/19827199727","OS PROCESSOS DE APOIO ONLINE NA FORMAÇÃO DE PROFESSORES E SEUS AVANÇOS","2013","Revista Eletrônica de Educação","https://openalex.org/S2736679368","1982-7199","https://doi.org/10.14244/19827199727","aberto","Débora Cristina Massetto; Márcia Rozenfeld Gomes de Oliveira; María Iolanda Monteiro","Maria Iolanda Monteiro","ECS"
"https://openalex.org/W2094495954","10.1590/s1413-294x2013000200027","Os sentidos construídos por adolescentes e jovens em contextos institucionais no Barreiro (BH) e Betim (MG) para a participação social e política","2013","Estudos de Psicologia (Natal)","https://openalex.org/S10978197","1413-294X","https://doi.org/10.1590/s1413-294x2013000200027","aberto","Maria Ignez Costa Moreira; Luiz Carlos Castello Branco Rena; Maria do Carmo de Sousa","Maria do Carmo de Sousa","ECM"
"https://openalex.org/W1920916596","10.4025/tpe.v15i2.17294.g10529","Participação e democracia na gestão da escola pública: mito ou realidade?","2013","Teoria e Prática da Educação","https://openalex.org/S4210190143","1415-837X","https://doi.org/10.4025/tpe.v15i2.17294.g10529","aberto","Maria Cecília Luiz; Flávio Caetano da Silva; Ronaldo Martins Gomes","Flavio Caetano da Silva; Maria Cecilia Luiz","ECS"
"https://openalex.org/W1957504346","10.14244/19827199678","POLÍTICAS DE FORMAÇÃO DE EDUCADORES PARA OS ESPAÇOS DE RESTRIÇÃO E DE PRIVAÇÃO DE LIBERDADE","2013","Revista Eletrônica de Educação","https://openalex.org/S2736679368","1982-7199","https://doi.org/10.14244/19827199678","aberto","Elenice Maria Cammarosano Onofre","Elenice Maria Cammarosano Onofre","EPFH"
"https://openalex.org/W2120987905","10.18617/liinc.v9i2.593","Portal do Ministério da Ciência, Tecnologia e Inovação","2013","Liinc em Revista","https://openalex.org/S2736391685","1808-3536","https://doi.org/10.18617/liinc.v9i2.593","aberto","Andressa de Almeida França; Carlos Roberto Massao Hayashi; María Cristina Piumbato Innocentini Hayashi","Carlos Roberto Massao Hayashi; Maria Cristina Piumbato Innocentini Hayashi","HFSE"
"https://openalex.org/W4252825296","10.18225/liinc.v9i2.593","Portal do Ministério da Ciência, Tecnologia e Inovação: uma avaliação com foco na transparência e informação pública │ Homepage of the Ministry of Science, Technology and Innovation: an evaluation with focus on transparency and public information","2013","Liinc em Revista","https://openalex.org/S2736391685","1808-3536","https://doi.org/10.18225/liinc.v9i2.593","aberto","Andressa de Almeida França; Carlos Roberto Massao Hayashi; María Cristina Piumbato Innocentini Hayashi","Carlos Roberto Massao Hayashi; Maria Cristina Piumbato Innocentini Hayashi","HFSE"
"https://openalex.org/W1504957856","10.17058/rea.v0i0.3305","POSIÇÃO DE FRONTEIRA E PRODUÇÃO DE SIGNIFICADOS NA EDUCAÇÃO MATEMÁTICA INDÍGENA","2013","Reflexão e Ação","https://openalex.org/S2737402097","0103-8842","https://doi.org/10.17058/rea.v0i0.3305","aberto","Lucí Teresinha Marchiori dos Santos Bernardi; Ademir Donizeti Caldeira; Claúdia Glavam Duarte","Ademir Donizeti Caldeira","ECM"
"https://openalex.org/W2346945167","10.18675/1981-8106.vol23.n43.p108-127","Possibilidades de mediação dos espaços nas brincadeiras e aprendizagens das crianças na Educação Infantil.","2013","Educação","https://openalex.org/S2738946615","1517-9869","https://doi.org/10.18675/1981-8106.vol23.n43.p108-127","aberto","Kellen Fabiana Sitta; Maria Aparecida Mello","Maria Aparecida Mello","EETPC"
"https://openalex.org/W2327985826","10.15600/2238-121x/comunicacoes.v20n2p97-112","Probabilidade: Discursos Produzidos sobre a Bissexualidade","2013","Comunicações","https://openalex.org/S4210224284","0104-8481","https://doi.org/10.15600/2238-121x/comunicacoes.v20n2p97-112","aberto","Renata Silva Pamplona; Nilson Fernandes Dinis","Nilson Fernandes Dinis","ECS"
"https://openalex.org/W4253219235","10.12820/2317-1634.2013v18n1p105","Programa de pós-graduação stricto sensu em terapia ocupacional: fortalecimento e expansão da produção de conhecimento na área","2013","Revista Brasileira de Atividade Física & Saúde","https://openalex.org/S4210191873","1413-3482","https://doi.org/10.12820/2317-1634.2013v18n1p105","aberto","Ana Paula Serrata Malfitano; Thelma Simões Matsukura; Cláudia Martinez; Maria Luísa Guillaumon Emmel; Roseli Esquerdo Lopes","Roseli Esquerdo Lopes","HFSE"
"https://openalex.org/W1526857849","10.20396/rho.v13i49.8640335","Progressão continuada como promoção automática","2013","Revista HISTEDBR On-line","https://openalex.org/S4210224784","1676-2584","https://doi.org/10.20396/rho.v13i49.8640335","aberto","Vagno Emygdio Machado Dias","Vagno Emygdio Machado Dias","HFSE"
"https://openalex.org/W2000920696","10.1590/s0103-636x2013000400009","Quando professores que ensinam Matemática elaboram produtos educacionais, coletivamente, no âmbito do Mestrado Profissional","2013","Bolema Boletim de Educação Matemática","https://openalex.org/S4210176729","0103-636X","https://doi.org/10.1590/s0103-636x2013000400009","aberto","Maria do Carmo de Sousa","Maria do Carmo de Sousa","ECM"
"https://openalex.org/W2230101053","10.20396/rho.v13i49.8640320","Reflexões em torno da pesquisa e da produção do conhecimento em educação no Brasil","2013","Revista HISTEDBR On-line","https://openalex.org/S4210224784","1676-2584","https://doi.org/10.20396/rho.v13i49.8640320","aberto","Carlos Roberto Massao Hayashi","Carlos Roberto Massao Hayashi","HFSE"
"https://openalex.org/W2070533896","10.5007/1981-1322.2013v8n2p100","Reflexões sobre percepções de crianças do 1º ano do Ensino Fundamental sobre o conceito de número Reflections on the perceptions of children 1 year of elementary school on the concept of number","2013","Revista Eletrônica de Educação Matemática","https://openalex.org/S4210233558","1981-1322","https://doi.org/10.5007/1981-1322.2013v8n2p100","aberto","Juliane Dias Guillen; Maria do Carmo de Sousa","Maria do Carmo de Sousa","ECM"
"https://openalex.org/W2022149109","10.1590/s0103-636x2013000400013","Tendência profissionalizante da universidade: o caso da Licenciatura em Matemática da UFSCar","2013","Bolema Boletim de Educação Matemática","https://openalex.org/S4210176729","0103-636X","https://doi.org/10.1590/s0103-636x2013000400013","aberto","Denise Silva Vilela","Denise Silva Vilela","ECM"
"https://openalex.org/W2343839679","10.35699/1981-3171.2013.650","The Sims 3","2013","Licere","https://openalex.org/S4210168781","1516-2168","https://doi.org/10.35699/1981-3171.2013.650","aberto","Paulo César Antonini de Souza; Clayton da Silva Carmo; Luiz Gonçalves","Luiz Gonçalves Junior","PSPE"
"https://openalex.org/W2035159445","10.1590/s1413-24782013000200011","Trabalho do professor pesquisador diante da expansão da pós-graduação no Brasil pós-LDB","2013","Revista Brasileira de Educação","https://openalex.org/S2736711335","1413-2478","https://doi.org/10.1590/s1413-24782013000200011","aberto","João dos Reis Silva Júnior; Luciana Rodrigues Ferreira; Fabíola Bouth Grello Kato","Joao dos Reis Silva Junior","EPFH"
"https://openalex.org/W2344309460","10.20396/rho.v13i51.8640277","Trabalho e educação na construção da Russia socialista","2013","Revista HISTEDBR On-line","https://openalex.org/S4210224784","1676-2584","https://doi.org/10.20396/rho.v13i51.8640277","aberto","Vanderlei Amboni; Luiz Bezerra Neto; Maria Cristina dos Santos Bezerra","Luiz Bezerra Neto; Maria Cristina dos Santos","EPFH; RED"
"https://openalex.org/W1974487067","10.5102/univhum.v9i2.2105","Uma compreensão dos estudos de Joseph Campbell em mitologia comparada","2013","Universitas Humanas","https://openalex.org/S4210213027","1984-9419","https://doi.org/10.5102/univhum.v9i2.2105","aberto","Marcel Henrique Rodrigues; Luís Antônio Groppo","Luís Antonio Groppo","HFSE"
"https://openalex.org/W2344080749","10.20396/rho.v13i51.8640274","Vestígios da presença das ideias educacionais de John Dewey em uma escola normal paulista nas décadas de 10 e 20 do século XX","2013","Revista HISTEDBR On-line","https://openalex.org/S4210224784","1676-2584","https://doi.org/10.20396/rho.v13i51.8640274","aberto","Michele Varotto; Alessandra Arce Hai","Alessandra Arce Hai","ECS"
"https://openalex.org/W2344989492","10.20396/rho.v9i33.8639568","“Notas sobre os alunos internos na Escola Rural D. Silvério, na Fazenda do Rosário” – pela sua diretora dona Iolanda Barbosa","2012","Revista HISTEDBR On-line","https://openalex.org/S4210224784","1676-2584","https://doi.org/10.20396/rho.v9i33.8639568","aberto","Heulália Charalo Rafante; Roseli Esquerdo Lopes","Roseli Esquerdo Lopes","HFSE"
"https://openalex.org/W2104175332","10.14244/19827199406","""SIGA OS EXEMPLOS"" DOS ALUNOS: APRENDIZAGENS EM AULAS EXPLORATÓRIO-INVESTIGATIVAS NO 4o. ANO DO ENSINO FUNDAMENTAL","2012","Revista Eletrônica de Educação","https://openalex.org/S2736679368","1982-7199","https://doi.org/10.14244/19827199406","aberto","Maiza Lamonato; Cármen Lúcia Brancaglion Passos","Carmen Lucia Brancaglion Passos","ECM"
"https://openalex.org/W2994238406","10.20396/rdbci.v10i1.1896","A arte da pesquisa bibliográfica na busca do conhecimento The art of literature in search of knowledge","2012","RDBCI Revista Digital de Biblioteconomia e Ciência da Informação","https://openalex.org/S2737422535","1678-765X","https://doi.org/10.20396/rdbci.v10i1.1896","aberto","Luciana Pizzani; Rosemary Cristina da Silva; Suzelei Faria Bello; María Cristina Piumbato Innocentini Hayashi","Maria Cristina Piumbato Innocentini Hayashi","HFSE"
"https://openalex.org/W2169868357","10.25755/int.463","A construção de saberes docentes por licenciandos e sua influência na identificação inicial com a profissão","2012","Revistas SARC","https://openalex.org/S7407051322","","https://doi.org/10.25755/int.463","aberto","Mariana dos Santos; Denise de Freitas","Denise de Freitas","ECM"
"https://openalex.org/W2084407655","10.1590/s0101-73302012000400002","A cultura digital e a formação dos professores: uma questão em debate","2012","Educação & Sociedade","https://openalex.org/S2737687728","0101-7330","https://doi.org/10.1590/s0101-73302012000400002","aberto","Ivany Rodrigues Pino; Antônio Álvaro Soares Zuin","Antonio Alvaro Soares Zuin","ECS"
"https://openalex.org/W2345834798","10.20396/rho.v9i33.8639559","A educação anarquista e a educação pública estatal brasileira: o encontro de dois paradigmas","2012","Revista HISTEDBR On-line","https://openalex.org/S4210224784","1676-2584","https://doi.org/10.20396/rho.v9i33.8639559","aberto","Juliana Guedes dos Santos Marconi; Luiz Bezerra Neto","Luiz Bezerra Neto","EPFH"
"https://openalex.org/W786606390","10.20396/rho.v11i41e.8639916","A educação na rússia de Lênin","2012","Revista HISTEDBR On-line","https://openalex.org/S4210224784","1676-2584","https://doi.org/10.20396/rho.v11i41e.8639916","aberto","Marisa Bittar; Amarílio Ferreira","Marisa Bittar","HFSE"
"https://openalex.org/W2317802119","10.5216/rp.v22i1.21212","A escola da prisão como espaço de dupla inclusão: no contexto e para além das grades","2012","Revista Polyphonía","https://openalex.org/S4210188653","2236-0514","https://doi.org/10.5216/rp.v22i1.21212","aberto","Elenice Maria Cammarosano Onofre","Elenice Maria Cammarosano Onofre","EPFH"
"https://openalex.org/W2344050628","10.20396/rho.v9i34.8639590","A escola pública: considerações a partir da divisão social do trabalho","2012","Revista HISTEDBR On-line","https://openalex.org/S4210224784","1676-2584","https://doi.org/10.20396/rho.v9i34.8639590","aberto","Maria Isabel Moura Nascimento; Manoel Nelito Matheus Nascimento","Manoel Nelito Matheus Nascimento","RED"
"https://openalex.org/W2038790746","10.1590/s0102-46982012000100009","A escrita de diários na formação docente","2012","Educação em Revista","https://openalex.org/S4210230971","0102-4698","https://doi.org/10.1590/s0102-46982012000100009","aberto","Ana Paula Gestoso de Souza; Reginaldo Fernando Carneiro; Silvia Maria Perez; Evaldo Ribeiro Oliveira; Aline Maria de Medeiros Rodrigues Reali; Rosa Maria Moraes Anunciato","Ana Paula Gestoso de Souza; Rosa Maria Moraes Anunciato","FPOAE"
"https://openalex.org/W1487019254","10.14393/revedfil.issn.0102-6801.v26n52a2012-p465a489","A FACE OCULTA DA UNIVERSIDADE BRASILEIRA: PERCEPÇÕES DE COMPORTAMENTOS ILÍCITOS NA EDUCAÇÃO SUPERIOR POR ALUNOS E PROFESSORES","2012","EDUCAÇÃO E FILOSOFIA","https://openalex.org/S4210237095","0102-6801","https://doi.org/10.14393/revedfil.issn.0102-6801.v26n52a2012-p465a489","aberto","José Augusto Dela Coleta; Luiz Roberto Gomes","Luiz Roberto Gomes","ECS"
"https://openalex.org/W4255663559","10.14393/revedfil.issn.0102-6801.v26n52a2013-p465a490","A FACE OCULTA DA UNIVERSIDADE BRASILEIRA: PERCEPÇÕES DE COMPORTAMENTOS ILÍCITOS NA EDUCAÇÃO SUPERIOR POR ALUNOS E PROFESSORES","2012","EDUCAÇÃO E FILOSOFIA","https://openalex.org/S4210237095","0102-6801","https://doi.org/10.14393/revedfil.issn.0102-6801.v26n52a2013-p465a490","aberto","José Augusto Dela Coleta; Luiz Roberto Gomes","Luiz Roberto Gomes","ECS"
"https://openalex.org/W2341641410","10.20396/rho.v11i44.8639984","A formação superior nos romances memórias póstumas de Brás Cubas, de machado de assis, e os Irmãos Karamázovi, de Fiódor Dostoiévski","2012","Revista HISTEDBR On-line","https://openalex.org/S4210224784","1676-2584","https://doi.org/10.20396/rho.v11i44.8639984","aberto","Luís Henrique de Freitas Calabresi; Marisa Bittar","Marisa Bittar","HFSE"
"https://openalex.org/W2320682838","10.20396/rho.v10i38e.8639762","A importância do materialismo histórico na formação do educador do campo","2012","Revista HISTEDBR On-line","https://openalex.org/S4210224784","1676-2584","https://doi.org/10.20396/rho.v10i38e.8639762","aberto","Luiz Bezerra Neto; Maria Cristina dos Santos Bezerra","Luiz Bezerra Neto; Maria Cristina dos Santos","EPFH; RED"
"https://openalex.org/W1780285185","10.20396/etd.v14i1.1243","A obra do Padre Antonio Vieira na agenda das pesquisas acadêmicas no Brasil","2012","ETD - Educação Temática Digital","https://openalex.org/S2737549463","1676-2592","https://doi.org/10.20396/etd.v14i1.1243","aberto","María Cristina Piumbato Innocentini Hayashi; Amarílio Ferreira; Marisa Bittar; Carlos Roberto Massao Hayashi","Carlos Roberto Massao Hayashi; Maria Cristina Piumbato Innocentini Hayashi; Marisa Bittar","HFSE"
"https://openalex.org/W2344685871","10.20396/rho.v10i39.8639726","A participação dos conselhos de educação na proposição de políticas públicas e seus limites","2012","Revista HISTEDBR On-line","https://openalex.org/S4210224784","1676-2584","https://doi.org/10.20396/rho.v10i39.8639726","aberto","Luiz Bezerra Neto; Maria Cristina dos Santos Bezerra; Manoel Nelito Matheus Nascimento","Luiz Bezerra Neto; Maria Cristina dos Santos; Manoel Nelito Matheus Nascimento","EPFH; RED"
"https://openalex.org/W2245700676","10.20396/rho.v10i37.8639668","A universidade de elite ou para todos?","2012","Revista HISTEDBR On-line","https://openalex.org/S4210224784","1676-2584","https://doi.org/10.20396/rho.v10i37.8639668","aberto","José Carlos Rothen","Jose Carlos Rothen","EPFH"
"https://openalex.org/W2319433068","10.4322/cto.2012.023","Adolescentes em medidas socioeducativas em meio aberto e a escola","2012","Cadernos Brasileiros de Terapia Ocupacional ","https://openalex.org/S4210189390","0104-4931","https://doi.org/10.4322/cto.2012.023","aberto","Roseli Esquerdo Lopes; Sara Caram Sfair; Marisa Bittar","Marisa Bittar; Roseli Esquerdo Lopes","HFSE"
"https://openalex.org/W2614755041","10.1590/s0100-55022012000400008","Análise das situações simuladas da prática médica","2012","Revista Brasileira de Educação Médica","https://openalex.org/S4210232660","0100-5502","https://doi.org/10.1590/s0100-55022012000400008","aberto","Roseli Ferreira da Silva; Aline Guerra Aquilante; Sílvia Helena Zem-Mascarenhas; Renata Giannecchini Bongiovanni Kishi; Cássia Regina Rodrigues Varga","Aline Guerra Aquilante","PSPE"
"https://openalex.org/W2006600001","10.1590/s0100-55022012000100008","Análise das situações simuladas da prática médica","2012","Revista Brasileira de Educação Médica","https://openalex.org/S4210232660","0100-5502","https://doi.org/10.1590/s0100-55022012000100008","aberto","Roseli Ferreira da Silva; Aline Guerra Aquilante; Sílvia Helena Zem-Mascarenhas; Renata Giannecchini Bongiovanni Kishi; Cássia Regina Rodrigues Varga","Aline Guerra Aquilante","PSPE"
"https://openalex.org/W1562535929","10.19091/reced.v0i27.208","Apontamentos sobre educação e sociedade capitalista em Marx, Durkheim e Weber: indícios da educação não formal e de uma concepção plural de educação","2012","REVISTA DE CIÊNCIAS DA EDUCAÇÃO","https://openalex.org/S2736723182","1518-7039","https://doi.org/10.19091/reced.v0i27.208","aberto","Luís Antônio Groppo","Luís Antonio Groppo","HFSE"
"https://openalex.org/W1985554190","10.5212/olharprofr.v.15i1.0008","Aprendizagem da docência em uma escola do campo: ressignificações na trajetória de professores.","2012","Olhar de Professor","https://openalex.org/S4210229168","1518-5648","https://doi.org/10.5212/olharprofr.v.15i1.0008","aberto","Juliana Pereira de Araújo; Rosa Maria Moraes Anunciato","Rosa Maria Moraes Anunciato","FPOAE"
"https://openalex.org/W4231887008","10.5212/olharprofr.v.15.3627","Aprendizagem da docência em uma escola do campo: ressignificações na trajetória de professores. DOI: 10.5212/OlharProfr.v.15i1.0008","2012","Olhar de Professor","https://openalex.org/S4210229168","1518-5648","https://doi.org/10.5212/olharprofr.v.15.3627","aberto","Juliana Pereira de Araújo; Rosa Maria Moraes Anunciato","Rosa Maria Moraes Anunciato","FPOAE"
"https://openalex.org/W1973945108","10.1590/s1413-24782012000300012","Artes liberais e ofícios mecânicos nos colégios jesuíticos do Brasil colonial","2012","Revista Brasileira de Educação","https://openalex.org/S2736711335","1413-2478","https://doi.org/10.1590/s1413-24782012000300012","aberto","Amarílio Ferreira; Marisa Bittar","Marisa Bittar","HFSE"
"https://openalex.org/W1982858517","10.11606/issn.1980-7686.v6i12p25-48","As influências de uma parceria entre leitor e escrito na produção de textos","2012","Acolhendo a Alfabetização nos Países de Língua Portuguesa","https://openalex.org/S4210237415","1980-7686","https://doi.org/10.11606/issn.1980-7686.v6i12p25-48","aberto","Poliana Bruno Zuin; Cláudia Raimundo Reyes","Poliana Bruno Zuin","HFSE"
"https://openalex.org/W4381188786","10.14244/19827199566","CARTA AO LEITOR","2012","Revista Eletrônica de Educação","https://openalex.org/S2736679368","1982-7199","https://doi.org/10.14244/19827199566","aberto","Aline Maria de Medeiros Rodrigues Reali; Anete Abramowicz; Cármen Lúcia Brancaglion Passos; Elenice Maria Cammarosano Onofre; Emilía Freitas de Lima; João dos Reis Silva Júnior; João Virgílio Tagliavini","Carmen Lucia Brancaglion Passos; Emilia Freitas de Lima; Elenice Maria Cammarosano Onofre; Joao dos Reis Silva Junior","ECM; EETPC; EPFH"
"https://openalex.org/W2045881046","10.5007/2175-7941.2012v29n3p1074","Compreensões sobre o processo de formação para a docência: concepções de bacharéis e licenciandos sobre a licenciatura em Física","2012","Caderno Brasileiro de Ensino de Física","https://openalex.org/S4210189768","1677-2334","https://doi.org/10.5007/2175-7941.2012v29n3p1074","aberto","Frederico Augusto Toti; Alice Helena Campos Pierson","Alice Helena Campos Pierson","ECM"
"https://openalex.org/W1586213761","10.23901/1679-4605.2012v8n3p205-211","Comunidades de aprendizagem: construindo uma nova forma de ser escola","2012","Revista Ciência em Extensão","https://openalex.org/S4387285731","1679-4605","https://doi.org/10.23901/1679-4605.2012v8n3p205-211","aberto","Francisca de Lima Constantino; Fabiana Marini Braga; Flávia Maria Gonçalves de Sant'ana; Juliana Barbosa Consoni; Ernesto Ferreira Galli","Fabiana Marini Braga","EETPC"
"https://openalex.org/W2096645396","10.14572/nuances.v21i22.1728","CONHECIMENTOS & PRÁTICAS DE PROFESSORES QUE ENSINAM MATEMÁTICA NA INFÂNCIA E SUAS RELAÇÕES COM A AMPLIAÇÃO DO ENSINO FUNDAMENTAL","2012","Nuances estudos sobre Educação","https://openalex.org/S4210191935","1413-9855","https://doi.org/10.14572/nuances.v21i22.1728","aberto","Klinger Teodoro Ciríaco","Klinger Teodoro Ciríaco","FPOAE"
"https://openalex.org/W1976172149","10.5212/praxeduc.v.7i2.0009","Conhecimentos mobilizados por professoras dos anos iniciais na elaboração de histórias infantis com conteúdos matemáticos.","2012","Praxis Educativa","https://openalex.org/S4210204466","1809-4031","https://doi.org/10.5212/praxeduc.v.7i2.0009","aberto","Reginaldo Fernando Carneiro; Ana Paula Gestoso de Souza","Ana Paula Gestoso de Souza","FPOAE"
"https://openalex.org/W1996413753","10.5212/olharprofr.v.15i2.0006","Contribuições de um programa de Educação a Distância sobre Educação Inclusiva para a formação continuada do professor em início de carreira.","2012","Olhar de Professor","https://openalex.org/S4210229168","1518-5648","https://doi.org/10.5212/olharprofr.v.15i2.0006","aberto","Ione Arsenio Silva; Aline Maria de Medeiros Rodrigues Reali","Aline Maria de Medeiros Rodrigues Reali","FPOAE"
"https://openalex.org/W2069030764","10.1590/s0080-62342012000300004","Corpo e sexualidade na gravidez","2012","Revista da Escola de Enfermagem da USP","https://openalex.org/S114438711","0080-6234","https://doi.org/10.1590/s0080-62342012000300004","aberto","Natalucia Matos Araújo; Natália Rejane Salim; Dulce María Rosa Gualda; Lúcia Cristina Florentino Pereira da Silva","Natália Rejane Salim","PSPE"
"https://openalex.org/W2232674362","10.20396/rho.v12i47.8640048","Desafio histórico na educação prisional brasileira: ressignificando a formação de professores ... Um quê de utopia?","2012","Revista HISTEDBR On-line","https://openalex.org/S4210224784","1676-2584","https://doi.org/10.20396/rho.v12i47.8640048","aberto","Elenice Maria Cammarosano Onofre","Elenice Maria Cammarosano Onofre","EPFH"
"https://openalex.org/W2122701450","10.20949/rhhj.v1i1.16","Diásporas e comunidades quilombolas: perspectivas metodológicas para o ensino de história da África e da cultura afro-brasileira","2012","Revista História Hoje","https://openalex.org/S4210205447","1806-3993","https://doi.org/10.20949/rhhj.v1i1.16","aberto","Maria Walburga dos Santos; Ana Cristina Juvenal da Cruz","Ana Cristina Juvenal da Cruz","RED"
"https://openalex.org/W1958695841","10.20396/etd.v14i1.1241","Discursos sobre homossexualidade e gênero em um curso de formação em psicologia","2012","ETD - Educação Temática Digital","https://openalex.org/S2737549463","1676-2592","https://doi.org/10.20396/etd.v14i1.1241","aberto","Nilson Fernandes Dinis","Nilson Fernandes Dinis","ECS"
"https://openalex.org/W2334457628","10.5747/ch.2012.v09.n1.h115","DISCUSSÕES SOBRE AS IMPLICAÇÕES DO ENSINO DE NOVE ANOS: INICIAÇÃO AO ENSINO DA MATEMÁTICA","2012","Colloquium humanarum","https://openalex.org/S2738472558","1679-6470","https://doi.org/10.5747/ch.2012.v09.n1.h115","aberto","Klinger Teodoro Ciríaco","Klinger Teodoro Ciríaco","FPOAE"
"https://openalex.org/W2270931285","10.20396/rho.v10i38.8639696","Educação do campo ou educação no campo?","2012","Revista HISTEDBR On-line","https://openalex.org/S4210224784","1676-2584","https://doi.org/10.20396/rho.v10i38.8639696","aberto","Luiz Bezerra Neto","Luiz Bezerra Neto","EPFH"
"https://openalex.org/W2031233802","10.1590/s0100-55022012000200003","Educação e saúde: territórios de responsabilidade, comunidade e demandas sociais","2012","Revista Brasileira de Educação Médica","https://openalex.org/S4210232660","0100-5502","https://doi.org/10.1590/s0100-55022012000200003","aberto","Roseli Esquerdo Lopes; Ana Paula Serrata Malfitano; Ariane Machado Palma; Paula Giovana Furlan; Eni Marçal de Brito","Roseli Esquerdo Lopes","HFSE"
"https://openalex.org/W2343269796","10.20396/rho.v11i41e.8639911","Educação e trabalho: é possível uma leitura marxista sobre os discursos e práticas educacionais no campo?","2012","Revista HISTEDBR On-line","https://openalex.org/S4210224784","1676-2584","https://doi.org/10.20396/rho.v11i41e.8639911","aberto","Elianeide Nascimento Lima; Luiz Bezerra Neto","Luiz Bezerra Neto","EPFH"
"https://openalex.org/W1989093691","10.1590/s0103-636x2012000200002","Educação matemática na escola indígena sob uma abordagem crítica","2012","Bolema Boletim de Educação Matemática","https://openalex.org/S4210176729","0103-636X","https://doi.org/10.1590/s0103-636x2012000200002","aberto","Lucí Teresinha Marchiori dos Santos Bernardi; Ademir Donizeti Caldeira","Ademir Donizeti Caldeira","ECM"
"https://openalex.org/W2347009466","10.20396/rho.v10i40.8639809","Estado, educação e tecnocracia na ditadura civil-militar brasileira","2012","Revista HISTEDBR On-line","https://openalex.org/S4210224784","1676-2584","https://doi.org/10.20396/rho.v10i40.8639809","aberto","Flávio Reis dos Santos; Luiz Bezerra Neto","Luiz Bezerra Neto","EPFH"
"https://openalex.org/W2342701775","10.20396/rho.v10i38e.8639760","Estranhamento e desumanização nas relações de trabalho na instituição universitária pública","2012","Revista HISTEDBR On-line","https://openalex.org/S4210224784","1676-2584","https://doi.org/10.20396/rho.v10i38e.8639760","aberto","Eduardo Pinto e Silva; João dos Reis Silva Júnior","Eduardo Pinto e Silva; Joao dos Reis Silva Junior","EPFH"
"https://openalex.org/W2017249403","10.4067/s0718-07052012000400014","Etnomotricidad: juegos de resistencia cultural en la comunidad caizara de Ilhabela - Brasil","2012","Estudios pedagógicos","https://openalex.org/S4210230295","0716-050X","https://doi.org/10.4067/s0718-07052012000400014","aberto","Luiz Gonçalves; Denise Aparecida Corrêa; Clayton da Silva Carmo; Silmara Elena Alves de Campos; Sergio Toro Arévalo","Denise Aparecida Correa; Luiz Gonçalves Junior","PSPE"
"https://openalex.org/W151428519","10.4471/ijep.2012.08","From Constructivism to Dialogism in the Classroom. Theory and Learning Environments","2012","International Journal of Educational Psychology","https://openalex.org/S4210223620","2014-3591","https://doi.org/10.4471/ijep.2012.08","aberto","Roseli Rodrigues de Mello","Roseli Rodrigues de Mello","EETPC"
"https://openalex.org/W1530773247","10.20396/rho.v9i33.8639564","Gestão educacional e trabalho docente: aspectos socioinstitucionais e psicossociais dos processos de saùdedoença","2012","Revista HISTEDBR On-line","https://openalex.org/S4210224784","1676-2584","https://doi.org/10.20396/rho.v9i33.8639564","aberto","Eduardo Pinto e Silva; Roberto Heloani","Eduardo Pinto e Silva","EPFH"
"https://openalex.org/W1859049940","10.20396/rho.v12i47.8640036","Globalização e a mudança do papel da universidade federal brasileira: uma perspectiva da economia política","2012","Revista HISTEDBR On-line","https://openalex.org/S4210224784","1676-2584","https://doi.org/10.20396/rho.v12i47.8640036","aberto","João dos Reis Silva Júnior; Eric Spears","Joao dos Reis Silva Junior","EPFH"
"https://openalex.org/W2343934981","10.20396/rho.v9i33.8639565","Helena Antipoff e a educação dos “excepcionais”: uma análise do trabalho como princípio educativo","2012","Revista HISTEDBR On-line","https://openalex.org/S4210224784","1676-2584","https://doi.org/10.20396/rho.v9i33.8639565","aberto","Heulália Charalo Rafante; Roseli Esquerdo Lopes","Roseli Esquerdo Lopes","HFSE"
"https://openalex.org/W1483029629","10.4025/actascieduc.v34i2.17497","História da Educação no Brasil: a escola pública no processo de democratização da sociedade","2012","Acta Scientiarum Education","https://openalex.org/S2738354532","2178-5198","https://doi.org/10.4025/actascieduc.v34i2.17497","aberto","Marisa Bittar; Mariluce Bittar","Marisa Bittar","HFSE"
"https://openalex.org/W2161815034","10.20396/rho.v10i38e.8639763","História, trabalho e educação: relações de produção e qualificação da força de trabalho na agroindústria canavieira","2012","Revista HISTEDBR On-line","https://openalex.org/S4210224784","1676-2584","https://doi.org/10.20396/rho.v10i38e.8639763","aberto","Manoel Nelito Matheus Nascimento","Manoel Nelito Matheus Nascimento","RED"
"https://openalex.org/W2042602107","10.5402/2012/651426","Implementation of Competency-Based Curriculum in Medical Education: Perspective of Different Roles","2012","ISRN Education","https://openalex.org/S2736555531","2090-8652","https://doi.org/10.5402/2012/651426","aberto","Aline Guerra Aquilante; Roseli Ferreira da Silva; Mariza Borges Brito de Souza; Renata Giannecchini Bongiovanni Kishi","Aline Guerra Aquilante","PSPE"
"https://openalex.org/W2115045902","10.24220/2318-0870v17n2a1002","Indústria cultural, docência e as implicações da semiformação na compreensão da relação sociedade-natureza","2012","Revista de Educação PUC-Campinas","https://openalex.org/S4210186489","1519-3993","https://doi.org/10.24220/2318-0870v17n2a1002","aberto","Janaína Roberta dos Santos; Luiz Roberto Gomes","Luiz Roberto Gomes","ECS"
"https://openalex.org/W2164920358","10.1590/s0103-863x2012000200010","Infância e educação infantil: aspectos inconscientes das relações educativas","2012","Paidéia (Ribeirão Preto)","https://openalex.org/S4210173126","0103-863X","https://doi.org/10.1590/s0103-863x2012000200010","aberto","Aline Sommerhalder; Fernando Donizete Alves","Aline Sommerhalder; Fernando Donizete Alves","EETPC"
"https://openalex.org/W1653680139","10.1590/s0103-636x2012000300012","Modelagem na Sala de Aula: resistências e obstáculos","2012","Bolema Boletim de Educação Matemática","https://openalex.org/S4210176729","0103-636X","https://doi.org/10.1590/s0103-636x2012000300012","aberto","Everaldo Silveira; Ademir Donizeti Caldeira","Ademir Donizeti Caldeira","ECM"
"https://openalex.org/W1518499118","10.20396/rho.v12i46.8640081","Modernidade e sociedade brasileira: “entusiasmo”, “otimismo” e iniciativas libertárias na educação","2012","Revista HISTEDBR On-line","https://openalex.org/S4210224784","1676-2584","https://doi.org/10.20396/rho.v12i46.8640081","aberto","Juliana Guedes dos Santos Marconi; Luiz Bezerra Neto","Luiz Bezerra Neto","EPFH"
"https://openalex.org/W2346809480","10.20396/rho.v10i39.8639725","Mundialização do capital e ciência: elementos da teoria do valor de Marx para o debate sobre o trabalho do professor pesquisador em ciência & tecnologia","2012","Revista HISTEDBR On-line","https://openalex.org/S4210224784","1676-2584","https://doi.org/10.20396/rho.v10i39.8639725","aberto","Eduardo Pinto e Silva; Leonardo Freitas Sacramento","Eduardo Pinto e Silva","EPFH"
"https://openalex.org/W2344653621","10.20396/rho.v10i37.8639665","Mundialização do capital, reforma do estado, pós-graduação e pesquisa no Brasil","2012","Revista HISTEDBR On-line","https://openalex.org/S4210224784","1676-2584","https://doi.org/10.20396/rho.v10i37.8639665","aberto","João dos Reis Silva Júnior; Fabíola Bouth Grello Kato","Joao dos Reis Silva Junior","EPFH"
"https://openalex.org/W2047129975","10.5216/ia.v37i1.18869","O ENSINO DA LEITURA EM SALA DE AULA COM CRIANÇAS: A TERTÚLIA LITERÁRIA DIALÓGICA","2012","Revista Inter-Ação","https://openalex.org/S2738165242","0101-7136","https://doi.org/10.5216/ia.v37i1.18869","aberto","Vanessa Cristina Girotto; Roseli Rodrigues de Mello","Roseli Rodrigues de Mello","EETPC"
"https://openalex.org/W2087059074","10.1590/s0102-46982012000300003","O intelectual universitário e seu trabalho em tempos de ""pesquisa administrada""","2012","Educação em Revista","https://openalex.org/S4210230971","0102-4698","https://doi.org/10.1590/s0102-46982012000300003","aberto","Lucídio Bianchetti; Antônio Álvaro Soares Zuin","Antonio Alvaro Soares Zuin","ECS"
"https://openalex.org/W2346396064","10.20396/rho.v10i38.8639698","O lugar da história na formação do professor","2012","Revista HISTEDBR On-line","https://openalex.org/S4210224784","1676-2584","https://doi.org/10.20396/rho.v10i38.8639698","aberto","Maria Isabel Moura Nascimento; Manoel Nelito Matheus Nascimento","Manoel Nelito Matheus Nascimento","RED"
"https://openalex.org/W1601767309","10.20396/rho.v9i34.8639578","O papel dos professores na formação social brasileira: 1827-1889","2012","Revista HISTEDBR On-line","https://openalex.org/S4210224784","1676-2584","https://doi.org/10.20396/rho.v9i34.8639578","aberto","André Paulo Castanha; Marisa Bittar","Marisa Bittar","HFSE"
"https://openalex.org/W1990252595","10.1179/otb.2012.66.1.021","Occupational therapy professional education and research in the social field","2012","World Federation of Occupational Therapists Bulletin","https://openalex.org/S2764349063","1447-3828","https://doi.org/10.1179/otb.2012.66.1.021","fechado","Roseli Esquerdo Lopes; Ana Paula Serrata Malfitano; Carla Regina Silva; ́Patrícia Leme de Oliveira Borba; Michelle Hahn","Roseli Esquerdo Lopes","HFSE"
"https://openalex.org/W2079974369","10.5380/ce.v17i4.30358","OS SENTIDOS DO CUIDADO NO PARTO: UM ESTUDO INTERGERACIONAL","2012","Cogitare Enfermagem","https://openalex.org/S4210210021","1414-8536","https://doi.org/10.5380/ce.v17i4.30358","aberto","Natália Rejane Salim; Glauce Cristine Ferreira Soares; Jacqueline Isaac Machado Brigagão; Dulce María Rosa Gualda","Natália Rejane Salim","PSPE"
"https://openalex.org/W2229133435","10.20396/rho.v11i44.8639989","Política educacional, justiça distributiva e equidade: considerações sobre as políticas compensatórias para a educação","2012","Revista HISTEDBR On-line","https://openalex.org/S4210224784","1676-2584","https://doi.org/10.20396/rho.v11i44.8639989","aberto","Sandra Aparecida Riscal","Sandra Aparecida Riscal","ECS"
"https://openalex.org/W1852909855","10.18617/liinc.v8i1.460","Por dentro dos “reservatórios de idéias”","2012","Liinc em Revista","https://openalex.org/S2736391685","1808-3536","https://doi.org/10.18617/liinc.v8i1.460","aberto","Camila Carneiro Dias Rigolin; María Cristina Piumbato Innocentini Hayashi","Maria Cristina Piumbato Innocentini Hayashi","HFSE"
"https://openalex.org/W4234328858","10.18225/liinc.v8i1.460","Por dentro dos “reservatórios de idéias”: uma agenda de pesquisa para os think tanks brasileiros | Inside ""think tanks"": a research agenda for Brazilian think tanks","2012","Liinc em Revista","https://openalex.org/S2736391685","1808-3536","https://doi.org/10.18225/liinc.v8i1.460","aberto","Camila Carneiro Dias Rigolin; María Cristina Piumbato Innocentini Hayashi","Maria Cristina Piumbato Innocentini Hayashi","HFSE"
"https://openalex.org/W2060342828","10.5902/1984686x4412","Produção científica sobre avaliação da visão em crianças: um estudo bibliométrico na base de dados LILACS","2012","Revista Educação Especial","https://openalex.org/S2737780775","1808-270X","https://doi.org/10.5902/1984686x4412","aberto","Raquel Cristina Pinheiro; Luciana Pizzani; Cláudia Maria Simões Martinez; María Cristina Piumbato Innocentini Hayashi","Maria Cristina Piumbato Innocentini Hayashi","HFSE"
"https://openalex.org/W1939626234","10.24220/2318-0870v0n28a76","Professoras em formação: dimensões do estágio supervisionado","2012","Revista de Educação PUC-Campinas","https://openalex.org/S4210186489","1519-3993","https://doi.org/10.24220/2318-0870v0n28a76","aberto","Maria Márcia Sigrist Malavasi; Luana Costa Almeida; Laura Noemi Chaluh","Luana Costa Almeida","EETPC"
"https://openalex.org/W1594289307","10.15210/caduc.v0i34.1643","Saberes e fontes de aprendizagens de professoras consideradas bem-sucedidas","2012","Cadernos de Educação","https://openalex.org/S4210181824","0104-1371","https://doi.org/10.15210/caduc.v0i34.1643","aberto","Ana Paula Gestoso de Souza; Lilian Maria de Medeiros; Reginaldo Fernando Carneiro; Regina Maria Simões Puccinelli Tancredi","Ana Paula Gestoso de Souza","FPOAE"
"https://openalex.org/W1496627075","10.20396/rho.v10i39.8639731","Teoria crítica e educação política em Theodor Adorno","2012","Revista HISTEDBR On-line","https://openalex.org/S4210224784","1676-2584","https://doi.org/10.20396/rho.v10i39.8639731","aberto","Luiz Roberto Gomes","Luiz Roberto Gomes","ECS"
"https://openalex.org/W2087337666","10.11606/issn.2238-6149.v23i3p237-244","Terapia ocupacional e sexualidade: uma revisão nos periódicos nacionais e internacionais da área","2012","Revista de Terapia Ocupacional da Universidade de São Paulo","https://openalex.org/S4210174686","1415-9104","https://doi.org/10.11606/issn.2238-6149.v23i3p237-244","aberto","Gustavo Artur Monzeli; Roseli Esquerdo Lopes","Roseli Esquerdo Lopes","HFSE"
"https://openalex.org/W2330703599","10.4322/cto.2012.003","Terapia Ocupacional no campo social no Brasil e na América Latina: panorama, tensões e reflexões a partir de práticas profissionais","2012","Cadernos Brasileiros de Terapia Ocupacional ","https://openalex.org/S4210189390","0104-4931","https://doi.org/10.4322/cto.2012.003","aberto","Roseli Esquerdo Lopes; Patrícia Leme de Oliveira Borba; Carla Regina Silva; Ana Paula Serrata Malfitano","Roseli Esquerdo Lopes","HFSE"
"https://openalex.org/W2343303921","10.20396/rho.v9i33e.8639540","Trabalho infantil na indústria de semi-jóias e suas repercussões nos processos de escolarização","2012","Revista HISTEDBR On-line","https://openalex.org/S4210224784","1676-2584","https://doi.org/10.20396/rho.v9i33e.8639540","aberto","Luiz Bezerra Neto; Eduardo Pinto e Silva; Maria Cristina dos Santos Bezerra; Tammy Ticiane Locali","Eduardo Pinto e Silva; Luiz Bezerra Neto; Maria Cristina dos Santos","EPFH; RED"
"https://openalex.org/W1982957672","10.5007/2175-7984.2012v11n20p99","Transgênicos e sociedade na agenda das pesquisas acadêmicas brasileiras","2012","Política & Sociedade","https://openalex.org/S4210192251","1677-4140","https://doi.org/10.5007/2175-7984.2012v11n20p99","aberto","María Cristina Piumbato Innocentini Hayashi; Camila Carneiro Dias Rigolin; Carlos Roberto Massao Hayashi","Carlos Roberto Massao Hayashi; Maria Cristina Piumbato Innocentini Hayashi","HFSE"
"https://openalex.org/W2342998166","10.20396/rho.v9i34.8639580","Violência, escola e jovens de grupos populares urbanos: o caso de estudantes de ensino médio São Carlos/SP","2012","Revista HISTEDBR On-line","https://openalex.org/S4210224784","1676-2584","https://doi.org/10.20396/rho.v9i34.8639580","aberto","Roseli Esquerdo Lopes; Carla Regina Silva; Beatriz Rocha Moura; Jorge Oishi","Roseli Esquerdo Lopes","HFSE"
"https://openalex.org/W2223348050","10.5935/1676-4285.20120026","Women's perception of the process of labor coaching: study descriptive","2012","Online Brazilian Journal of Nursing","https://openalex.org/S2764830343","1676-4285","https://doi.org/10.5935/1676-4285.20120026","aberto","Jane da Rosa Palinski; Silvana Regina Rossi Kissula Souza; Juliana Taques Pessoa da Silveira; Natália Rejane Salim; Dulce María Rosa Gualda","Natália Rejane Salim","PSPE"
"https://openalex.org/W2069242657","10.1590/s1414-40772011000200003","A ""RAIES"" e a Revista Avaliação a construção de um marco teórico, político e metodológico","2011","Avaliação Revista da Avaliação da Educação Superior (Campinas)","https://openalex.org/S4210180283","1414-4077","https://doi.org/10.1590/s1414-40772011000200003","aberto","José Carlos Rothen; Gladys Beatriz Barreyro","Jose Carlos Rothen","EPFH"
"https://openalex.org/W2023430280","10.5216/rir.v1i10.1144","A ATUALIDADE DA METODOLOGIA ANARQUISTA DE EDUCAÇÃO: REFLEXÕES ACERCA DO CONSTRUTIVISMO E DA PÓS-MODERNIDADE","2011","Itinerarius Reflectionis","https://openalex.org/S2737048891","1679-2009","https://doi.org/10.5216/rir.v1i10.1144","aberto","Juliana Guedes dos Santos Marconi; Luiz Bezerra Neto","Luiz Bezerra Neto","EPFH"
"https://openalex.org/W2004499502","10.1590/s0103-84782011005000054","A comunicação dialógica como fator determinante para os processos de ensino-aprendizagem que ocorrem na capacitação rural: um estudo de caso em um órgão público de extensão localizado no interior do Estado de São Paulo","2011","Ciência Rural","https://openalex.org/S140190424","0103-8478","https://doi.org/10.1590/s0103-84782011005000054","aberto","Luís Fernando Soares Zuin; Poliana Bruno Zuin; Miguel Alejandro Díaz Manrique","Poliana Bruno Zuin","HFSE"
"https://openalex.org/W1516850946","10.7213/rde.v11i32.4120","A educação superior em prova: o perfi l da educação superior apresentado pelos resultados do Enade 2005 e 2006","2011","Revista Diálogo Educacional","https://openalex.org/S4306527104","1518-3483","https://doi.org/10.7213/rde.v11i32.4120","aberto","José Carlos Rothen; Fernanda Nasciutti","Jose Carlos Rothen","EPFH"
"https://openalex.org/W2110163641","10.1590/s0104-40362011000300003","A escola de tempo integral: desafios e possibilidades","2011","Ensaio Avaliação e Políticas Públicas em Educação","https://openalex.org/S4210237110","0104-4036","https://doi.org/10.1590/s0104-40362011000300003","aberto","Adriana de Castro; Roseli Esquerdo Lopes","Roseli Esquerdo Lopes","HFSE"
"https://openalex.org/W2158780453","10.64729/an.acervo.v18i1-2.184","A Gênese das Instituições Escolares no Brasil: Os jesuítas e as casas de bê-á-bá no século XVI","2011","Acervo","https://openalex.org/S2736507771","0102-700X","https://doi.org/10.64729/an.acervo.v18i1-2.184","aberto","Amarílio Ferreira; Marisa Bittar","Marisa Bittar","HFSE"
"https://openalex.org/W2325731868","10.5212/publicatiohum.v.19i2.0001","A INTRODUÇÃO DA RACIONALIDADE CIENTÍFICA NA PRODUÇÃO E NA EDUCAÇÃO EM SÃO PAULO.","2011","Linguistica Letras e Artes","https://openalex.org/S4210198697","1676-8493","https://doi.org/10.5212/publicatiohum.v.19i2.0001","aberto","Manoel Nelito Matheus Nascimento","Manoel Nelito Matheus Nascimento","RED"
"https://openalex.org/W1513987116","10.5212/publ.humanas.v19i2.3656","A INTRODUÇÃO DA RACIONALIDADE CIENTÍFICA NA PRODUÇÃO E NA EDUCAÇÃO EM SÃO PAULO. Doi: 10.5212/PublicatioHum.v.19i2.0001","2011","Publicatio UEPG: Ciências Humanas, Linguistica, Letras e Artes","https://openalex.org/S4306525007","2316-3755","https://doi.org/10.5212/publ.humanas.v19i2.3656","fechado","Manoel Nelito Matheus Nascimento","Manoel Nelito Matheus Nascimento","RED"
"https://openalex.org/W2407387527","10.19091/reced.v0i24.38","A medida socioeducativa de liberdade assistida como alternativa de educação não formal","2011","REVISTA DE CIÊNCIAS DA EDUCAÇÃO","https://openalex.org/S2736723182","1518-7039","https://doi.org/10.19091/reced.v0i24.38","aberto","Aline Fávaro Dias; Elenice Maria Cammarosano Onofre","Elenice Maria Cammarosano Onofre","EPFH"
"https://openalex.org/W1910276362","10.22421/1517-7130.2010v12n1p48","A percepção de farmacêuticos acerca da possibilidade de implantação da atenção farmacêutica na prática profissional","2011","Espaço para a Saúde - Revista de Saúde Pública do Paraná","https://openalex.org/S4210194251","0103-3832","https://doi.org/10.22421/1517-7130.2010v12n1p48","aberto","Cláudia Fegadolli; D. R. dos Santos; Débora Cristina Fonseca; Tatiane Cristina Marques","Débora Cristina Fonseca","EPFH"
"https://openalex.org/W2010615118","10.1590/s1980-65742011000300008","A perspectiva do lazer entre lideranças sindicais das áreas metropolitanas de São Paulo e de Lisboa","2011","Motriz Revista de Educação Física","https://openalex.org/S54036821","1415-9805","https://doi.org/10.1590/s1980-65742011000300008","aberto","Luiz Gonçalves; Fábio Ricardo Mizuno Lemos; Denise Aparecida Corrêa","Denise Aparecida Correa; Luiz Gonçalves Junior","PSPE"
"https://openalex.org/W42873053","10.35362/rie5521606","A programação infantil na televisão aberta: a (des)informação das crianças","2011","Revista Iberoamericana de Educación","https://openalex.org/S4210174514","1022-6508","https://doi.org/10.35362/rie5521606","aberto","Jomar Barros Filho; João Luiz Pegoraro; Luiz Roberto Gomes; Ive de Souza; Juliana Aureo Ferreira; Fernanda Oliveira Simon; Estéfano Vizconde Veraszto","Luiz Roberto Gomes","ECS"
"https://openalex.org/W2516429069","10.15343/0104-7809.20112233238","Acompanhamento individual e articulação de recursos em Terapia Ocupacional Social: compartilhando uma experiência","2011","O Mundo da Saúde","https://openalex.org/S4210177534","0104-7809","https://doi.org/10.15343/0104-7809.20112233238","aberto","Roseli Esquerdo Lopes; Patrícia Leme de Oliveira Borba; Mayra Cappellaro","Roseli Esquerdo Lopes","HFSE"
"https://openalex.org/W2032242441","10.11606/issn.2178-2075.v2i1p110-129","Análise bibliométrica e cientométrica: desafios para especialistas que atuam no campo","2011","InCID Revista de Ciência da Informação e Documentação","https://openalex.org/S4210218408","2178-2075","https://doi.org/10.11606/issn.2178-2075.v2i1p110-129","aberto","Márcia Regina da Silva; Carlos Roberto Massao Hayashi; María Cristina Piumbato Innocentini Hayashi","Carlos Roberto Massao Hayashi; Maria Cristina Piumbato Innocentini Hayashi","HFSE"
"https://openalex.org/W2090998432","10.1590/s0101-73302011000300012","As relações entre o ensino médio e a educação superior no Brasil: profissionalização e privatização","2011","Educação & Sociedade","https://openalex.org/S2737687728","0101-7330","https://doi.org/10.1590/s0101-73302011000300012","aberto","João dos Reis Silva Júnior; Carlos Lucena; Luciana Rodrigues Ferreira","Joao dos Reis Silva Junior","EPFH"
"https://openalex.org/W1597288580","10.1590/s0101-73302011000100002","Avaliação da educação superior no segundo governo Lula: ""provão II"" ou a reedição de velhas práticas?","2011","Educação & Sociedade","https://openalex.org/S2737687728","0101-7330","https://doi.org/10.1590/s0101-73302011000100002","aberto","José Carlos Rothen; Gladys Beatriz Barreyro","Jose Carlos Rothen","EPFH"
"https://openalex.org/W1610989347","10.21713/2358-2332.2011.v8.212","Balanço bibliométrico da produção científica em Educação Física e Educação Especial oriunda de teses e dissertações","2011","Revista Brasileira de Pós-Graduação","https://openalex.org/S4210217201","1806-8405","https://doi.org/10.21713/2358-2332.2011.v8.212","aberto","Michele Silva Sacardo; María Cristina Piumbato Innocentini Hayashi","Maria Cristina Piumbato Innocentini Hayashi","HFSE"
"https://openalex.org/W2087609385","10.1016/j.fsigss.2011.08.028","Colombian results of the interlaboratory Quality Control Exercise 2009–2010","2011","Forensic science international. Genetics supplement series","https://openalex.org/S70509887","1875-175X","https://doi.org/10.1016/j.fsigss.2011.08.028","aberto","J.J. Builes; D. Aguirre; A. Manrique; Yamirka González Puerto; M.L.J. Bravo; A. Gaviria; Asunción Gutiérrez; María Cristina García Muñoz; Débora Cristina Fonseca; William Usaquén; A. Castillo; C. Pineda; Noelia Nathaly Arteaga Ugalde; Regina Maria Barretto Cicarelli; A. Ibarra; D.M. Trejos; L.D. Hudy; M. De Castro; Luis F. Dı́az; D. Quiceno; Adela Johanna Pinzón; Martín Gavilán; Dora Sánchez; Maria Farina V. Roa; H. Ossa; Gian Carlo Iannacone; L. Mendoza; Miguel Ángel Luna Ruiz; Luis Solís; Laia Selva Pareja; A Guevara; Ãngel Carracedo; Leonor Gusmão","Débora Cristina Fonseca","EPFH"
"https://openalex.org/W2267977244","10.4025/tpe.v12i3.13877.g7177","COMUNIDADES DE APRENDIZAGEM: BUSCANDO RELAÇÕES MAIS DIALÓGICAS E APRENDIZAGENS MAIS EFETIVAS ENTRE TODAS/OS","2011","Teoria e Prática da Educação","https://openalex.org/S4210190143","1415-837X","https://doi.org/10.4025/tpe.v12i3.13877.g7177","aberto","Fabiana Marini Braga; Roseli Rodrigues de Mello","Fabiana Marini Braga; Roseli Rodrigues de Mello","EETPC"
"https://openalex.org/W2058979625","10.1177/1077800410397809","Contrasting Scientific Knowledge With Knowledge From the Lifeworld: The Dialogic Inclusion Contract","2011","Qualitative Inquiry","https://openalex.org/S208038180","1077-8004","https://doi.org/10.1177/1077800410397809","fechado","María Padrós Cuxart; Rocío García-Carrión; Roseli Rodrigues de Mello; Silvia Molina","Roseli Rodrigues de Mello","EETPC"
"https://openalex.org/W2140844703","10.1590/s1414-40772011000100003","Da universidade autônoma ao ensino superior operacional: considerações sobre a crise da universidade e a crise do Estado nacional","2011","Avaliação Revista da Avaliação da Educação Superior (Campinas)","https://openalex.org/S4210180283","1414-4077","https://doi.org/10.1590/s1414-40772011000100003","aberto","Luís Antônio Groppo","Luís Antonio Groppo","HFSE"
"https://openalex.org/W2017601723","10.11606/issn.2238-6149.v22i3p298-307","Desafios da educação em Terapia Ocupacional na América Latina para a próxima década","2011","Revista de Terapia Ocupacional da Universidade de São Paulo","https://openalex.org/S4210174686","1415-9104","https://doi.org/10.11606/issn.2238-6149.v22i3p298-307","aberto","Fátima Corrêa Oliver; Marta Carvalho de Almeida; Rosé Colóm Toldrá; Sandra Maria Galheigo; Selma Lancman; Roseli Esquerdo Lopes; Rosibeth del Carmen Muñoz Palm","Roseli Esquerdo Lopes","HFSE"
"https://openalex.org/W2782267273","10.25059/2527-2594/retratosdeassentamentos/2011.v14i1.83","Do Romper da Cerca ao Acesso à Terra: Resgate e Registro dos Caminhos Percorridos pelas Famílias Pioneiras da Comunidade Agrária 21 de Dezembro, Descalvado-SP","2011","Retratos de Assentamentos","https://openalex.org/S4210210437","1516-8182","https://doi.org/10.25059/2527-2594/retratosdeassentamentos/2011.v14i1.83","aberto","Ana Carolina Hepe Teixeira; Henrique Carmona Duval; Maria Cristina dos Santos Bezerra","Maria Cristina dos Santos","RED"
"https://openalex.org/W2606154422","10.25059/2527-2594/retratosdeassentamentos/2011.v14i2.95","Educação em dois Tempos nas Terras do Bela Vista: Usina de Cana-de-Açúcar e Assentamento em Araraquara/SP","2011","Retratos de Assentamentos","https://openalex.org/S4210210437","1516-8182","https://doi.org/10.25059/2527-2594/retratosdeassentamentos/2011.v14i2.95","aberto","Ana Flávia Flores; Vera Lúcia Silveira Botta Ferrante; Maria Cristina dos Santos Bezerra","Maria Cristina dos Santos","RED"
"https://openalex.org/W2174129053","10.64729/an.acervo.v18i1-2.188","Educação no MST: Um encontro com o ruralismo pedagógico","2011","Acervo","https://openalex.org/S2736507771","0102-700X","https://doi.org/10.64729/an.acervo.v18i1-2.188","aberto","Luiz Bezerra Neto","Luiz Bezerra Neto","EPFH"
"https://openalex.org/W4405765611","10.69906/gepem.2176-2988.2011.282","Ensino da matemática com textos infantis: a apropriação do conhecimento e a receptividade dos alunos","2011","Boletim GEPEM","https://openalex.org/S4210184809","0104-9739","https://doi.org/10.69906/gepem.2176-2988.2011.282","aberto","Ana Paula Gestoso de Souza; Rosa Maria Moraes Anunciato","Ana Paula Gestoso de Souza; Rosa Maria Moraes Anunciato","FPOAE"
"https://openalex.org/W2060021440","10.1590/s0101-73302011000400009","Ensino médio: em busca do princípio pedagógico","2011","Educação & Sociedade","https://openalex.org/S2737687728","0101-7330","https://doi.org/10.1590/s0101-73302011000400009","aberto","Paolo Nosella","Paolo Nosella","HFSE"
"https://openalex.org/W2088836944","10.1590/s1413-24782011000300008","Escolas municipais de Campinas e vulnerabilidade sociodemográfica: primeiras aproximações","2011","Revista Brasileira de Educação","https://openalex.org/S2736711335","1413-2478","https://doi.org/10.1590/s1413-24782011000300008","aberto","Sérgio Stoco; Luana Costa Almeida","Luana Costa Almeida","EETPC"
"https://openalex.org/W1547969703","10.24934/eef.v14i17.105","Formação no curso de Pedagogia: e a práxis, como vai?","2011","Educação em Foco","https://openalex.org/S2737392348","1519-3322","https://doi.org/10.24934/eef.v14i17.105","aberto","Luana Costa Almeida; Maria Márcia Sigrist Malavasi","Luana Costa Almeida","EETPC"
"https://openalex.org/W1852853388","10.1590/s0104-40602011000100004","Homofobia e educação: quando a omissão também é signo de violência","2011","Educar em Revista","https://openalex.org/S152657728","0104-4060","https://doi.org/10.1590/s0104-40602011000100004","aberto","Nilson Fernandes Dinis","Nilson Fernandes Dinis","ECS"
"https://openalex.org/W4405765571","10.69906/gepem.2176-2988.2011.294","Leitura e Escrita nas Aulas de Matemática","2011","Boletim GEPEM","https://openalex.org/S4210184809","0104-9739","https://doi.org/10.69906/gepem.2176-2988.2011.294","aberto","Reginaldo Fernando Carneiro; Ana Paula Gestoso de Souza","Ana Paula Gestoso de Souza","FPOAE"
"https://openalex.org/W2205839116","10.7213/rde.v11i32.4108","MÚLTIPLOS OLHARES SOBRE A PRODUÇÃO DO CONHECIMENTO EM EDUCAÇÃO ESPECIAL","2011","Revista Diálogo Educacional","https://openalex.org/S4306527104","1518-3483","https://doi.org/10.7213/rde.v11i32.4108","aberto","María Cristina Piumbato Innocentini Hayashi","Maria Cristina Piumbato Innocentini Hayashi","HFSE"
"https://openalex.org/W2560673788","10.15600/2238-121x/comunicacoes.v18n2p37-46","O Exercício da Docência em Espaços de Privação de Liberdade","2011","Comunicações","https://openalex.org/S4210224284","0104-8481","https://doi.org/10.15600/2238-121x/comunicacoes.v18n2p37-46","aberto","Elenice Maria Cammarosano Onofre","Elenice Maria Cammarosano Onofre","EPFH"
"https://openalex.org/W2114119625","10.1590/s1414-32832011000100021","Oficinas de atividades com jovens da escola pública: tecnologias sociais entre educação e terapia ocupacional","2011","Interface - Comunicação Saúde Educação","https://openalex.org/S4210167574","1414-3283","https://doi.org/10.1590/s1414-32832011000100021","aberto","Roseli Esquerdo Lopes; Patrícia Leme de Oliveira Borba; Natalia Keller de Almeida Trajber; Carla Regina Silva; Brena Talita Cuel","Roseli Esquerdo Lopes","HFSE"
"https://openalex.org/W2039146371","10.5585/eccos.v12i2.1904","Organizações Não Governamentais, Jovens Pobres e Educadores Sociais nas Cidades","2011","EccoS – Revista Científica","https://openalex.org/S4210177415","1517-1949","https://doi.org/10.5585/eccos.v12i2.1904","aberto","Patrícia Leme de Oliveira Borba; Roseli Esquerdo Lopes","Roseli Esquerdo Lopes","HFSE"
"https://openalex.org/W4242991567","10.5585/eccos.n2.1904","Organizações Não Governamentais, Jovens Pobres e Educadores Sociais nas Cidades","2011","EccoS – Revista Científica","https://openalex.org/S4210177415","1517-1949","https://doi.org/10.5585/eccos.n2.1904","aberto","Patrícia Leme de Oliveira Borba; Roseli Esquerdo Lopes","Roseli Esquerdo Lopes","HFSE"
"https://openalex.org/W2600329745","10.15600/2238-121x/comunicacoes.v18n1p85-100","Os Muitos Perfumes do Mestre: Depoimentos","2011","Comunicações","https://openalex.org/S4210224284","0104-8481","https://doi.org/10.15600/2238-121x/comunicacoes.v18n1p85-100","aberto","C.R.G. Marinelli; Elma Júlia Gonçalves de Carvalho; J. Taimo; José Carlos Rothen; Robson Carlos Loureiro; Nelson Cardoso Amaral; Sandra Soares Della Fonte; Sueli Mazzilli; Valdemir Pires","Jose Carlos Rothen","EPFH"
"https://openalex.org/W2093447525","10.1136/jech.2011.142976g.45","P1-455 Tooth loss associated with racial/ethnic disparities: a study pro-health","2011","Journal of Epidemiology & Community Health","https://openalex.org/S156988948","0141-7681","https://doi.org/10.1136/jech.2011.142976g.45","aberto","Luiz Gonçalves; Rodrigo Keller; Juliano Peixoto Bastos; Eduardo Faerstein","Luiz Gonçalves Junior","PSPE"
"https://openalex.org/W1622815228","10.19141/2236-2622/actacientifica.v20.n2.11-19","Pierre Bourdieu: da teoria da reprodução à teoria social","2011","Acta Científica","https://openalex.org/S4210188584","2236-2622","https://doi.org/10.19141/2236-2622/actacientifica.v20.n2.11-19","fechado","Luís Antônio Groppo","Luís Antonio Groppo","HFSE"
"https://openalex.org/W2072335137","10.5216/ia.v36i1.15029","POLÍTICAS DE EXPANSÃO DA EDUCAÇÃO SUPERIOR NO BRASIL PÓS-LDB/96 – DESAFIOS PARA A AVALIAÇÃO","2011","Revista Inter-Ação","https://openalex.org/S2738165242","0101-7136","https://doi.org/10.5216/ia.v36i1.15029","aberto","Maria das Graças Medeiros Tavares; Stela Maria Meneghel; Fabiane Robl; Gladys Beatriz Barreyro; José Carlos Rothen; José Vieira de Sousa","Jose Carlos Rothen","EPFH"
"https://openalex.org/W2023343501","10.1590/s1414-40772011000300009","Produção científica em dois periódicos da área de educação","2011","Avaliação Revista da Avaliação da Educação Superior (Campinas)","https://openalex.org/S4210180283","1414-4077","https://doi.org/10.1590/s1414-40772011000300009","aberto","Marisa Bittar; Márcia Regina da Silva; María Cristina Piumbato Innocentini Hayashi","Maria Cristina Piumbato Innocentini Hayashi; Marisa Bittar","HFSE"
"https://openalex.org/W1743047777","10.1590/s0104-40602011000500014","Professores, tecnologias digitais e a distração concentrada","2011","Educar em Revista","https://openalex.org/S152657728","0104-4060","https://doi.org/10.1590/s0104-40602011000500014","aberto","Vânia Gomes Zuin; Antônio Álvaro Soares Zuin","Antonio Alvaro Soares Zuin","ECS"
"https://openalex.org/W2251662813","10.35699/2447-6218.2011.752","Projeto de Educação Ambiental e Lazer (Pedal)","2011","Licere","https://openalex.org/S4210168781","1516-2168","https://doi.org/10.35699/2447-6218.2011.752","aberto","Luiz Gonçalves; Clayton da Silva Carmo; Edson Aparecido Colloca; Denise Aparecida Corrêa","Denise Aparecida Correa; Luiz Gonçalves Junior","PSPE"
"https://openalex.org/W4405765605","10.69906/gepem.2176-2988.2011.291","Reflexões sobre os nexos conceituais do número e de seu ensino na Educação Básica","2011","Boletim GEPEM","https://openalex.org/S4210184809","0104-9739","https://doi.org/10.69906/gepem.2176-2988.2011.291","aberto","Wilson Pereira de Jesus; Maria do Carmo de Sousa","Maria do Carmo de Sousa","ECM"
"https://openalex.org/W1517223484","10.14572/nuances.v16i17.320","REPRESENTAÇÕES SOCIAIS DE ALUNAS DE PEDAGOGIA SOBRE O TRABALHO DOCENTE: ESTÁGIO E EXPERIÊNCIA","2011","Nuances estudos sobre Educação","https://openalex.org/S4210191935","1413-9855","https://doi.org/10.14572/nuances.v16i17.320","aberto","Rita de Cássia Pereira Lima; Maria Cristina da Silveira Galan Fernandes; Marlene Fagundes Carvalho Gonçalves","Maria Cristina da Silveira Galan Fernandes","EPFH"
"https://openalex.org/W1980946096","10.1590/s0100-55022011000200002","Situações-problema simuladas: uma análise do processo de construção","2011","Revista Brasileira de Educação Médica","https://openalex.org/S4210232660","0100-5502","https://doi.org/10.1590/s0100-55022011000200002","aberto","Aline Guerra Aquilante; Roseli Ferreira da Silva; Lucimar Retto da Silva de Avó; Flávia Gomes Pileggi Gonçalves; Mariza Borges Brito de Souza","Aline Guerra Aquilante","PSPE"
"https://openalex.org/W251762456","10.19091/reced.v0i0.108","Sociologias da Educação: contribuições da Sociologia da Educação escolar para uma Sociologia da Educação Sociocomunitária","2011","REVISTA DE CIÊNCIAS DA EDUCAÇÃO","https://openalex.org/S2736723182","1518-7039","https://doi.org/10.19091/reced.v0i0.108","aberto","Luís Antônio Groppo","Luís Antonio Groppo","HFSE"
"https://openalex.org/W2222571103","10.5935/1676-4285.20113332","The practice of episiotomy: a qualitative descriptive study on perceptions of a group of women","2011","Online Brazilian Journal of Nursing","https://openalex.org/S2764830343","1676-4285","https://doi.org/10.5935/1676-4285.20113332","aberto","Chang Yi Wey; Natália Rejane Salim; Hudson P. Santos; Dulce María Rosa Gualda","Natália Rejane Salim","PSPE"
"https://openalex.org/W1568548110","10.1590/s1519-38292011000300012","Utilização da ""linha púrpura"" como método clínico auxiliar para avaliação da fase ativa do trabalho de parto","2011","Revista Brasileira de Saúde Materno Infantil","https://openalex.org/S4210225962","1519-3829","https://doi.org/10.1590/s1519-38292011000300012","aberto","Nádia Zanon Narchi; Joyce da Costa Silveira de Camargo; Natália Rejane Salim; Mariane de Oliveira Menezes; Mariana Montenegro Bertolino","Natália Rejane Salim","PSPE"
"https://openalex.org/W2142675787","10.11606/issn.1980-7686.v4i8p69-92","""Ruim é copiar, é escrever"": a escola para as crianças assentadas","2010","Acolhendo a Alfabetização nos Países de Língua Portuguesa","https://openalex.org/S4210237415","1980-7686","https://doi.org/10.11606/issn.1980-7686.v4i8p69-92","aberto","Giana Amaral Yamin; Roseli Rodrigues de Mello","Roseli Rodrigues de Mello","EETPC"
"https://openalex.org/W2144424706","10.1590/s1413-24782010000100013","A pesquisa em educação: um balanço da produção dos programas de pós-graduação","2010","Revista Brasileira de Educação","https://openalex.org/S2736711335","1413-2478","https://doi.org/10.1590/s1413-24782010000100013","aberto","Paolo Nosella","Paolo Nosella","HFSE"
"https://openalex.org/W2092414945","10.5335/ree.v29i1.428","A TRANSVERSALIDADE COMO PRINCÍPIO PEDAGÓGICO NO ENSINO SUPERIOR DE ENGENHARIA: o ProGAmAR da Engenharia Ambiental da UNESP - Campus de Rio Claro","2010","Revista de Ensino de Engenharia","https://openalex.org/S4210213200","0101-5001","https://doi.org/10.5335/ree.v29i1.428","fechado","Rodrigo Braga Moruzzi; Andrea Braga Moruzzi","Andrea Braga Moruzzi","RED"
"https://openalex.org/W1981173170","10.1590/s0101-73302010000200011","Alguma memória do futuro","2010","Educação & Sociedade","https://openalex.org/S2737687728","0101-7330","https://doi.org/10.1590/s0101-73302010000200011","aberto","Milton José de Almeida; Alan Victor Pimenta de Almeida Pales Costa","Alan Victor Pimenta de Almeida Pales Costa","RED"
"https://openalex.org/W2101138191","10.14244/19827199174","Algumas reflexões sobre a prática da gestão democrática na cultura e organização escolar","2010","Revista Eletrônica de Educação","https://openalex.org/S2736679368","1982-7199","https://doi.org/10.14244/19827199174","aberto","Maria Cecília Luiz","Maria Cecilia Luiz","ECS"
"https://openalex.org/W2087600515","10.1590/s1516-73132010000100012","Analisando conhecimentos e práticas de agentes educacionais e professoras relacionados à alimentação infantil","2010","Ciência & Educação (Bauru)","https://openalex.org/S2736612050","1516-7313","https://doi.org/10.1590/s1516-73132010000100012","aberto","Andréia Cristina de Almeida Silva; Rodolpho Telarolli Júnior; María Iolanda Monteiro","Maria Iolanda Monteiro","ECS"
"https://openalex.org/W4381163222","10.14244/19827199172","Apresentação","2010","Revista Eletrônica de Educação","https://openalex.org/S2736679368","1982-7199","https://doi.org/10.14244/19827199172","aberto","Anete Abramowicz; Aline Maria de Medeiros Rodrigues Reali; Antônio Álvaro Soares Zuin","Antonio Alvaro Soares Zuin","ECS"
"https://openalex.org/W4381188971","10.14244/1982719934","Apresentação","2010","Revista Eletrônica de Educação","https://openalex.org/S2736679368","1982-7199","https://doi.org/10.14244/1982719934","aberto","Aline Maria de Medeiros Rodrigues Reali; Anete Abramowicz; Antônio Álvaro Soares Zuin","Antonio Alvaro Soares Zuin","ECS"
"https://openalex.org/W2122626795","10.1590/s1414-32832010000200014","As concepções de adolescência construídas por profissionais da Estratégia de Saúde da Família (ESF)","2010","Interface - Comunicação Saúde Educação","https://openalex.org/S4210167574","1414-3283","https://doi.org/10.1590/s1414-32832010000200014","aberto","Débora Cristina Fonseca; Sérgio Ozella","Débora Cristina Fonseca","EPFH"
"https://openalex.org/W1748479680","10.14244/19827199119","As necessidades informacionais dos bacharéis em Direito na defesa das pessoas com necessidades especiais","2010","Revista Eletrônica de Educação","https://openalex.org/S2736679368","1982-7199","https://doi.org/10.14244/19827199119","aberto","Aline Droppé Bravo; María Cristina Piumbato Innocentini Hayashi","Maria Cristina Piumbato Innocentini Hayashi","HFSE"
"https://openalex.org/W2019097298","10.1590/s0104-11692010000400011","Body and Sexuality: Puerperas' Experiences","2010","Revista Latino-Americana de Enfermagem","https://openalex.org/S124508484","0104-1169","https://doi.org/10.1590/s0104-11692010000400011","aberto","Natália Rejane Salim; Natalucia Matos Araújo; Dulce María Rosa Gualda","Natália Rejane Salim","PSPE"
"https://openalex.org/W1543091334","10.5902/1984686x1426","Caracterização da produção científica em Educação Especial na Biblioteca Virtual em Saúde (BVS): um estudo bibliométrico","2010","Revista Educação Especial","https://openalex.org/S2737780775","1808-270X","https://doi.org/10.5902/1984686x1426","aberto","Luciana Pizzani; Suzelei Faria Bello; María Cristina Piumbato Innocentini Hayashi","Maria Cristina Piumbato Innocentini Hayashi","HFSE"
"https://openalex.org/W4381163112","10.14244/1982719940","Carta ao Leitor","2010","Revista Eletrônica de Educação","https://openalex.org/S2736679368","1982-7199","https://doi.org/10.14244/1982719940","aberto","Aline Maria de Medeiros Rodrigues Reali; Anete Abramowicz; Antônio Álvaro Soares Zuin","Antonio Alvaro Soares Zuin","ECS"
"https://openalex.org/W2019889107","10.1590/s1517-97022010000300004","Cidadania, relações étnico-raciais e educação: desafios e potencialidades do ensino de ciências","2010","Educação e Pesquisa","https://openalex.org/S2736467988","1517-9702","https://doi.org/10.1590/s1517-97022010000300004","aberto","Douglas Verrangia; Petronilha Beatriz Gonçalves e Silva","Douglas Verrangia Correa da Silva","RED"
"https://openalex.org/W4244470591","10.3738/1982.2278-286","CONDIÇÕES DE TRABALHO E PRECARIZAÇÃO DO ENSINO MÉDIO PÚBLICO","2010","Nucleus","https://openalex.org/S4210173927","1678-6602","https://doi.org/10.3738/1982.2278-286","aberto","Rodrigo Tavarayama; Maria Cristina da Silveira Galan Fernandes","Maria Cristina da Silveira Galan Fernandes","EPFH"
"https://openalex.org/W2109626748","10.14244/19827199177","Conselho Escolar, participação e qualidade da educação no âmbito da gestão democrática","2010","Revista Eletrônica de Educação","https://openalex.org/S2736679368","1982-7199","https://doi.org/10.14244/19827199177","aberto","Maria Cristina da Silveira Galan Fernandes; Géssica Priscila Ramos","Gessica Priscila Ramos; Maria Cristina da Silveira Galan Fernandes","EPFH"
"https://openalex.org/W1826142234","10.21723/riaee.v4i2.2771","Contribuições para compreender o que é desenvolver o racicínio lógico dos alunos: estudo do livro Alice no país das maravilhas","2010","Revista Ibero-Americana de Estudos em Educação","https://openalex.org/S2737552301","1982-5587","https://doi.org/10.21723/riaee.v4i2.2771","aberto","Denise Silva Vilela; Deizieli Dorta","Denise Silva Vilela","ECM"
"https://openalex.org/W2016933464","10.1590/s0103-73072010000300008","Discursos sobre homossexualidade e gênero na formação docente em biologia","2010","Pro-Posições","https://openalex.org/S4210208850","0103-7307","https://doi.org/10.1590/s0103-73072010000300008","aberto","Leandro Corsico Souza; Nilson Fernandes Dinis","Nilson Fernandes Dinis","ECS"
"https://openalex.org/W2031513820","10.1007/s10649-010-9261-6","Discussing a philosophical background for the ethnomathematical program","2010","Educational Studies in Mathematics","https://openalex.org/S119483640","0013-1954","https://doi.org/10.1007/s10649-010-9261-6","fechado","Denise Silva Vilela","Denise Silva Vilela","ECM"
"https://openalex.org/W2268277081","10.15343/0104-7809.20102140147","Educação profissional, pesquisa e aprendizagem no território: notas sobre a experiência de formação de terapeutas ocupacionais","2010","O Mundo da Saúde","https://openalex.org/S4210177534","0104-7809","https://doi.org/10.15343/0104-7809.20102140147","aberto","Roseli Esquerdo Lopes; Ana Paula Serrata Malfitano; Carla Regina Silva; Patrícia Leme de Oliveira Borba; Michelle Hahn","Roseli Esquerdo Lopes","HFSE"
"https://openalex.org/W58558639","10.35362/rie5141824","Educação, paixão e conhecimento: sobre a dimensão inconsciente do ensinar e do aprender","2010","Revista Iberoamericana de Educación","https://openalex.org/S4210174514","1022-6508","https://doi.org/10.35362/rie5141824","aberto","Fernando Donizete Alves; Aline Sommerhalder","Aline Sommerhalder; Fernando Donizete Alves","EETPC"
"https://openalex.org/W2052494432","10.5935/1676-4285.20102785","Everyday behavioral and physical changes in women during the postpartum period - a qualitative approach","2010","Online Brazilian Journal of Nursing","https://openalex.org/S2764830343","1676-4285","https://doi.org/10.5935/1676-4285.20102785","aberto","Natália Rejane Salim; Hudson P. Santos; Dulce María Rosa Gualda","Natália Rejane Salim","PSPE"
"https://openalex.org/W1506729015","10.21723/riaee.v4i1.2696","FUNDEF versus FUNDEB: uma análise introdutória sobre a continuidade e as descontinuidades da política de valorização docente","2010","Revista Ibero-Americana de Estudos em Educação","https://openalex.org/S2737552301","1982-5587","https://doi.org/10.21723/riaee.v4i1.2696","aberto","Géssica Priscila Ramos","Gessica Priscila Ramos","EPFH"
"https://openalex.org/W1994372859","10.20396/rfe.v2i1.8635521","Gramsci, os pioneiros e a educação integral","2010","Filosofia e Educação","https://openalex.org/S4210174746","1984-9605","https://doi.org/10.20396/rfe.v2i1.8635521","aberto","Adriana de Castro; Roseli Esquerdo Lopes","Roseli Esquerdo Lopes","HFSE"
"https://openalex.org/W2147686855","10.14244/19827199100","Lúdico, infância e educação escolar: (des)encontros","2010","Revista Eletrônica de Educação","https://openalex.org/S2736679368","1982-7199","https://doi.org/10.14244/19827199100","aberto","Fernando Donizete Alves; Aline Sommerhalder","Aline Sommerhalder; Fernando Donizete Alves","EETPC"
"https://openalex.org/W2153191187","10.14244/19827199176","Notas sobre o conceito de participação política e sua articulação com a concepção de gestão democrática","2010","Revista Eletrônica de Educação","https://openalex.org/S2736679368","1982-7199","https://doi.org/10.14244/19827199176","aberto","Sandra Aparecida Riscal; Raquel Pereira Chainho Gandini","Sandra Aparecida Riscal","ECS"
"https://openalex.org/W2162512085","10.1590/s1414-40772010000300009","O campo da história da educação no Brasil: um estudo baseado nos grupos de pesquisa","2010","Avaliação Revista da Avaliação da Educação Superior (Campinas)","https://openalex.org/S4210180283","1414-4077","https://doi.org/10.1590/s1414-40772010000300009","aberto","Carlos Roberto Massao Hayashi; Amarílio Ferreira","Carlos Roberto Massao Hayashi","HFSE"
"https://openalex.org/W1569085646","10.24220/2318-0870v0n28a74","O construtivismo no programa de formação de professores alfabetizadores","2010","Revista de Educação PUC-Campinas","https://openalex.org/S4210186489","1519-3993","https://doi.org/10.24220/2318-0870v0n28a74","aberto","Géssica Priscila Ramos","Gessica Priscila Ramos","EPFH"
"https://openalex.org/W2112600742","10.24220/2318-0870v0n29a51","O homem das árvores","2010","Revista de Educação PUC-Campinas","https://openalex.org/S4210186489","1519-3993","https://doi.org/10.24220/2318-0870v0n29a51","aberto","Paulo César Antonini de Souza; Luiz Gonçalves","Luiz Gonçalves Junior","PSPE"
"https://openalex.org/W1971805563","10.1590/s0101-73302010000300016","O Plano nacional de educação e as tecnologias da informação e comunicação","2010","Educação & Sociedade","https://openalex.org/S2737687728","0101-7330","https://doi.org/10.1590/s0101-73302010000300016","aberto","Antônio Álvaro Soares Zuin","Antonio Alvaro Soares Zuin","ECS"
"https://openalex.org/W2091925774","10.1007/s10518-010-9227-1","Peak and integral seismic parameters of L’Aquila 2009 ground motions: observed versus code provision values","2010","Bulletin of Earthquake Engineering","https://openalex.org/S144568777","1570-761X","https://doi.org/10.1007/s10518-010-9227-1","fechado","Angelo Masi; Leonardo Chiauzzi; Fabiana Marini Braga; Marco Mucciarelli; Marco Vona; Rocco Ditommaso","Fabiana Marini Braga","EETPC"
"https://openalex.org/W2072875363","10.1007/s10518-010-9205-7","Performance of non-structural elements in RC buildings during the L’Aquila, 2009 earthquake","2010","Bulletin of Earthquake Engineering","https://openalex.org/S144568777","1570-761X","https://doi.org/10.1007/s10518-010-9205-7","fechado","Fabiana Marini Braga; Vincenzo Manfredi; Angelo Masi; Antonello Salvatori; Marco Vona","Fabiana Marini Braga","EETPC"
"https://openalex.org/W2088073008","10.11606/issn.2238-6149.v21i3p207-214","Pesquisa em terapia ocupacional: apontamentos acerca dos caminhos acadêmicos no cenário nacional","2010","Revista de Terapia Ocupacional da Universidade de São Paulo","https://openalex.org/S4210174686","1415-9104","https://doi.org/10.11606/issn.2238-6149.v21i3p207-214","aberto","Roseli Esquerdo Lopes; Ana Paula Serrata Malfitano; Fátima Corrêa Oliver; Sara Caram Sfair; Thaís Juliana Medeiros","Roseli Esquerdo Lopes","HFSE"
"https://openalex.org/W2159284547","10.14244/19827199175","Política pública, o trabalho e a formação docente. Referências para uma agenda de pesquisa","2010","Revista Eletrônica de Educação","https://openalex.org/S2736679368","1982-7199","https://doi.org/10.14244/19827199175","aberto","José Carlos Rothen; Celso Luiz Aparecido Conti","Celso Luiz Aparecido Conti; Jose Carlos Rothen","EETPC; EPFH"
"https://openalex.org/W1945716147","10.14244/19827199173","Políticas federais como indução de políticas municipais e locais na educação básica","2010","Revista Eletrônica de Educação","https://openalex.org/S2736679368","1982-7199","https://doi.org/10.14244/19827199173","aberto","Flávio Caetano da Silva","Flavio Caetano da Silva","ECS"
"https://openalex.org/W1765953807","10.20396/etd.v12i1.852","Por uma interlocução interpelante entre Foucault e a psicanálise nas críticas às práticas educacionais","2010","ETD - Educação Temática Digital","https://openalex.org/S2737549463","1676-2592","https://doi.org/10.20396/etd.v12i1.852","aberto","Eduardo Pinto e Silva","Eduardo Pinto e Silva","EPFH"
"https://openalex.org/W1558495690","10.34112/2317-0972a2010v28n55p84-89","Possibilidades de leitura na escola: o olhar de professores de diferentes disciplinas das séries finais do Ensino Fundamental","2010","Leitura Teoria & Prática","https://openalex.org/S4210186676","0102-387X","https://doi.org/10.34112/2317-0972a2010v28n55p84-89","aberto","Maria Vitória da Silva; Rosa Maria Moraes Anunciato","Rosa Maria Moraes Anunciato","FPOAE"
"https://openalex.org/W1543078601","10.5902/198464441368","Práticas incentivadoras e controle de aprendizagem na alfabetização","2010","Educação (UFSM)","https://openalex.org/S2738869710","0101-9031","https://doi.org/10.5902/198464441368","aberto","María Iolanda Monteiro","Maria Iolanda Monteiro","ECS"
"https://openalex.org/W1496078649","10.20396/rfe.v2i2.8635498","Pressupostos teórico-metodológicos da genealogia: composições para um debate na educação","2010","Filosofia e Educação","https://openalex.org/S4210174746","1984-9605","https://doi.org/10.20396/rfe.v2i2.8635498","aberto","Andrea Braga Moruzzi; Anete Abramowicz","Andrea Braga Moruzzi","RED"
"https://openalex.org/W1643652151","10.14572/nuances.v15i16.184","REPRESENTAÇÕES E DIFICULDADES DO TRABALHO PEDAGÓGICO DE PROFESSORAS QUE FREQÜENTAM OS CURSOS DE FORMAÇÃO","2010","Nuances estudos sobre Educação","https://openalex.org/S4210191935","1413-9855","https://doi.org/10.14572/nuances.v15i16.184","aberto","María Iolanda Monteiro","Maria Iolanda Monteiro","ECS"
"https://openalex.org/W2025704732","10.5007/2175-795x.2009v27n1p217","Robótica pedagógica livre: sobre inclusão sócio-digital e democratização do conhecimento","2010","Perspectiva","https://openalex.org/S2737309421","0102-5473","https://doi.org/10.5007/2175-795x.2009v27n1p217","aberto","Daniel Mill; Danilo Rodrigues César","Daniel Ribeiro Silva Mill","ECS"
"https://openalex.org/W1856435327","10.1590/s0080-62342010000400005","Sexuality in the puerperium: the experience of a group of women","2010","Revista da Escola de Enfermagem da USP","https://openalex.org/S114438711","0080-6234","https://doi.org/10.1590/s0080-62342010000400005","aberto","Natália Rejane Salim; Dulce María Rosa Gualda","Natália Rejane Salim","PSPE"
"https://openalex.org/W2417623620","10.3895/rts.v6n11.2562","Sociologia da ciência: primeiras aproximações ao campo","2010","Revista Tecnologia e Sociedade","https://openalex.org/S2736415861","1809-0044","https://doi.org/10.3895/rts.v6n11.2562","aberto","María Cristina Piumbato Innocentini Hayashi; Gabriela Zauith; Suzelei Faria Bello; C. L. Gomes; Rafaela Francisconi Gutierrez; Vera Aparecida Lui Guimarães; Camila Carneiro Dias Rigolin","Maria Cristina Piumbato Innocentini Hayashi","HFSE"
"https://openalex.org/W2402214263","10.19091/reced.v0i23.59","Trajetórias das pedagogas da terra do MST no estado de São Paulo: intencionalidades e atuações possíveis a partir desta formação","2010","REVISTA DE CIÊNCIAS DA EDUCAÇÃO","https://openalex.org/S2736723182","1518-7039","https://doi.org/10.19091/reced.v0i23.59","aberto","Janaína Ribeiro de Rezende; Luiz Bezerra Neto","Luiz Bezerra Neto","EPFH"
"https://openalex.org/W1526255809","10.14572/nuances.v15i16.182","VALORIZAÇÃO X IDENTIDADE: UM PARADOXO DA QUESTÃO MUNICIPAL NA VALORIZAÇÃO DOCENTE COM O FUNDEF","2010","Nuances estudos sobre Educação","https://openalex.org/S4210191935","1413-9855","https://doi.org/10.14572/nuances.v15i16.182","aberto","Géssica Priscila Ramos","Gessica Priscila Ramos","EPFH"
"https://openalex.org/W2019137895","10.5216/sec.v11i2.4497","A Esquizoanálise: um olhar oblíquo sobre corpos, gêneros e sexualidades","2009","Sociedade e Cultura","https://openalex.org/S140628543","1415-8566","https://doi.org/10.5216/sec.v11i2.4497","aberto","Nilson Fernandes Dinis","Nilson Fernandes Dinis","ECS"
"https://openalex.org/W1550365882","10.5902/198464441595","A formação inicial de professores e a didática na perspectiva inter/ multicultural","2009","Educação (UFSM)","https://openalex.org/S2738869710","0101-9031","https://doi.org/10.5902/198464441595","aberto","Emilía Freitas de Lima","Emilia Freitas de Lima","EETPC"
"https://openalex.org/W2103115002","10.5212/olharprofr.v.10.1486","A INICIAÇÃO NA DOCÊNCIA: ANALISANDO EXPERIÊNCIAS DE ALUNOS PROFESSORES DAS LICENCIATURAS","2009","Olhar de Professor","https://openalex.org/S4210229168","1518-5648","https://doi.org/10.5212/olharprofr.v.10.1486","aberto","Josilene Silva da Costa; Rosa Maria Moraes Anunciato","Rosa Maria Moraes Anunciato","FPOAE"
"https://openalex.org/W2025039029","10.1590/s0100-55022009000300014","Aprendizagem Baseada em Problemas na formação médica e o currículo tradicional de Medicina: uma revisão bibliográfica","2009","Revista Brasileira de Educação Médica","https://openalex.org/S4210232660","0100-5502","https://doi.org/10.1590/s0100-55022009000300014","aberto","Romeu Gomes; Rachel de Faria Brino; Aline Guerra Aquilante; Lucimar Retto da Silva de Avó","Aline Guerra Aquilante","PSPE"
"https://openalex.org/W2096110038","10.5212/olharprofr.v.10.1476","APRENDIZAGEM DA DOCÊNCIA EM CURSO A DISTÂNCIA: A VERSÃO DOS PROFESSORES","2009","Olhar de Professor","https://openalex.org/S4210229168","1518-5648","https://doi.org/10.5212/olharprofr.v.10.1476","aberto","Maria Elizabete Souza Couto; Emilía Freitas de Lima","Emilia Freitas de Lima","EETPC"
"https://openalex.org/W2472041372","10.3895/rts.v5n9.2539","Apropriação social das TICs: cidadania e inclusão sociodigital com o Programa Gesac","2009","Revista Tecnologia e Sociedade","https://openalex.org/S2736415861","1809-0044","https://doi.org/10.3895/rts.v5n9.2539","aberto","Carlos Roberto Massao Hayashi; Vinicius Wagner Oliveira Santos","Carlos Roberto Massao Hayashi","HFSE"
"https://openalex.org/W2047188323","10.1590/s0104-40362009000400010","Avaliação, agências e especialistas: padrões oficiais de qualidade da educação superior","2009","Ensaio Avaliação e Políticas Públicas em Educação","https://openalex.org/S4210237110","0104-4036","https://doi.org/10.1590/s0104-40362009000400010","aberto","José Carlos Rothen; Gladys Beatriz Barreyro","Jose Carlos Rothen","EPFH"
"https://openalex.org/W2174983957","10.20435/série-estudos.v0i28.164","Da universidade autônoma ao ensino superior operacional: considerações sobre a crise da universidade e a crise do Estado nacional","2009","Série-Estudos - Periódico do Programa de Pós-Graduação em Educação da UCDB","https://openalex.org/S4210238243","1414-5138","https://doi.org/10.20435/série-estudos.v0i28.164","aberto","Luís Antônio Groppo","Luís Antonio Groppo","HFSE"
"https://openalex.org/W2025085128","10.1590/s1413-65382009000200010","Delineamentos intrassujeitos nas dissertações e teses do PPGEES/UFSCAR","2009","Revista Brasileira de Educação Especial","https://openalex.org/S4210190154","1413-6538","https://doi.org/10.1590/s1413-65382009000200010","aberto","Érica Aparecida Garrutti de Lourenço; María Cristina Piumbato Innocentini Hayashi; Maria Amélia Almeida","Maria Cristina Piumbato Innocentini Hayashi","HFSE"
"https://openalex.org/W2035168810","10.1174/113564009788345871","Diálogo y escuela en Brasil: comunidades de aprendizaje","2009","Culture and Education","https://openalex.org/S4210187011","1135-6405","https://doi.org/10.1174/113564009788345871","fechado","Roseli Rodrigues de Mello","Roseli Rodrigues de Mello","EETPC"
"https://openalex.org/W1967742409","10.1590/s0101-32622009000300006","Educação popular, ações em saúde, demandas e intervenções sociais: o papel dos agentes comunitários de saúde","2009","Cadernos CEDES","https://openalex.org/S63371229","0101-3262","https://doi.org/10.1590/s0101-32622009000300006","aberto","Ana Paula Serrata Malfitano; Roseli Esquerdo Lopes","Roseli Esquerdo Lopes","HFSE"
"https://openalex.org/W1494585324","10.5585/cpg.v4n0.1794","Educação superior e desenvolvimento no Estado de São Paulo","2009","Cadernos de Pós-graduação","https://openalex.org/S4210200815","1678-4103","https://doi.org/10.5585/cpg.v4n0.1794","aberto","Paolo Nosella; Ester Buffa","Paolo Nosella","HFSE"
"https://openalex.org/W2058377390","10.1590/s0101-73302009000200010","História, epistemologia marxista e pesquisa educacional brasileira","2009","Educação & Sociedade","https://openalex.org/S2737687728","0101-7330","https://doi.org/10.1590/s0101-73302009000200010","aberto","Marisa Bittar; Amarílio Ferreira","Marisa Bittar","HFSE"
"https://openalex.org/W3196692208","10.5212/publ.humanas.v17i2.1781","HISTÓRIA, TRABALHO E EDUCAÇÃO: RELAÇÕES DE PRODUÇÃO E QUALIFICAÇÃO DA FORÇA DE TRABALHO NA AGROINDÚSTRIA CANAVIEIRA","2009","Publicatio UEPG: Ciências Humanas, Linguistica, Letras e Artes","https://openalex.org/S4306525007","2316-3755","https://doi.org/10.5212/publ.humanas.v17i2.1781","fechado","Manoel Nelito Matheus Nascimento","Manoel Nelito Matheus Nascimento","RED"
"https://openalex.org/W2018960154","10.3895/s1982-873x2009000200002","Imaginário dos alunos sobre a atividade científica: reflexões a partir do Ensino por Investigação em aulas de Biologia","2009","Revista Brasileira de Ensino de Ciência e Tecnologia","https://openalex.org/S4210197677","1982-873X","https://doi.org/10.3895/s1982-873x2009000200002","aberto","Guilherme Trópia; Ademir Donizeti Caldeira","Ademir Donizeti Caldeira","ECM"
"https://openalex.org/W2036321091","10.1590/s0103-73072009000300012","Infâncias em Educação Infantil","2009","Pro-Posições","https://openalex.org/S4210208850","0103-7307","https://doi.org/10.1590/s0103-73072009000300012","aberto","Anete Abramowicz; Diana Levcovitz; Tatiane Cosentino Rodrigues","Tatiane Cosentino Rodrigues","RED"
"https://openalex.org/W1501853411","10.35699/1981-3171.2009.873","Lazer e Processos Educativos","2009","Licere","https://openalex.org/S4210168781","1516-2168","https://doi.org/10.35699/1981-3171.2009.873","aberto","Robson Amaral da Silva; Luiz Gonçalves","Luiz Gonçalves Junior","PSPE"
"https://openalex.org/W2089389717","10.4013/edu.2009.131.4928","Limites e possibilidades de apropriação da pedagogia histórico-crítica na prática escolar","2009","Educação Unisinos","https://openalex.org/S2736521713","1519-387X","https://doi.org/10.4013/edu.2009.131.4928","aberto","Carlos Henrique Ferreira Magalhães; João dos Reis Silva Júnior","Joao dos Reis Silva Junior","EPFH"
"https://openalex.org/W4401743642","10.53000/cma.v16i28.19439","Marx, Gramsci e o conhecimento","2009","Crítica Marxista.","https://openalex.org/S4404663420","0104-9321","https://doi.org/10.53000/cma.v16i28.19439","aberto","Luís Antônio Groppo","Luís Antonio Groppo","HFSE"
"https://openalex.org/W1976451616","10.1016/s1098-3015(10)75297-9","MC4 COMPARISON OF DATA AVAILABILITY AND QUALITY FOR PHARMACOECONOMIC ANALYSIS IN BRAZIL VERSUS THE UNITED STATES AND EUROPEAN UNION: THE CASES OF DIABETES & HYPERTENSION","2009","Value in Health","https://openalex.org/S678965","1098-3015","https://doi.org/10.1016/s1098-3015(10)75297-9","aberto","G. P. de Araujo; Jane Campbell; H. Parekh; MCM Fonseca; Luiz Gonçalves; A. Incze; G Vincze; Diego Thompson","Luiz Gonçalves Junior","PSPE"
"https://openalex.org/W1980761662","10.1590/s0080-62342009000600030","O corpo e a saúde da mulher","2009","Revista da Escola de Enfermagem da USP","https://openalex.org/S114438711","0080-6234","https://doi.org/10.1590/s0080-62342009000600030","aberto","Dulce María Rosa Gualda; Neide de Souza Praça; Míriam Aparecida Barbosa Merighi; Luíza Akiko Komura Hoga; Roselena Bazilli Bergamasco; Natália Rejane Salim; Fabiana de Souza Orlandi; Sebastião Caldeira","Natália Rejane Salim","PSPE"
"https://openalex.org/W1995960319","10.5007/2175-795x.2008v26n2p693","O discurso sobre a homossexualidade na visão de estudantes de Educação Física","2009","Perspectiva","https://openalex.org/S2737309421","0102-5473","https://doi.org/10.5007/2175-795x.2008v26n2p693","aberto","Francis Madlener de Lima; Nilson Fernandes Dinis","Nilson Fernandes Dinis","ECS"
"https://openalex.org/W2014341262","10.11606/issn.2316-9060.v1i0p79-82","O programa ‘ABC na educação científica’ — Mão na massa","2009","Revista de Cultura e Extensão USP","https://openalex.org/S4210217302","2175-6805","https://doi.org/10.11606/issn.2316-9060.v1i0p79-82","aberto","Sandra Fagionato Ruffino; Angelina Sofia Orlandi Xavier; Carolina Rodrigues de Souza; Dietrich Schiel","Carolina Rodrigues de Souza","ECM"
"https://openalex.org/W4235363197","10.5212/olharprofr.v.11.1525","PROCESSOS COMPARTILHADOS DE FORMAÇÃO PEDAGÓGICA NO ENSINO SUPERIOR (SHARED PROCESSES OF PEDAGOGICAL FORMATION IN HIGHER EDUCATION) - Doi: http://dx.doi.org/10.5212/OlharProfr.v.11i2.313325","2009","Olhar de Professor","https://openalex.org/S4210229168","1518-5648","https://doi.org/10.5212/olharprofr.v.11.1525","aberto","Elenice Maria Cammarosano Onofre","Elenice Maria Cammarosano Onofre","EPFH"
"https://openalex.org/W1570142599","10.31505/rbtcc.v11i2.401","Produção científica em habilidades sociais: estudo bibliométrico.","2009","Revista Brasileira de Terapia Comportamental e Cognitiva","https://openalex.org/S4210182078","1517-5545","https://doi.org/10.31505/rbtcc.v11i2.401","aberto","Vivian Maria Stabile Fumo; Carina Luiza Manólio; Suzelei Faria Bello; María Cristina Piumbato Innocentini Hayashi","Maria Cristina Piumbato Innocentini Hayashi","HFSE"
"https://openalex.org/W2147282827","10.17533/udea.rccp.324458","Produção de alimentos tradicionais: valorizando o produto pecuário por meio de certiﬁ cações de indicação de procedência","2009","Revista Colombiana de Ciencias Pecuarias","https://openalex.org/S18588752","0120-0690","https://doi.org/10.17533/udea.rccp.324458","aberto","Luís Fernando Soares Zuin; Poliana Bruno Zuin","Poliana Bruno Zuin","HFSE"
"https://openalex.org/W1990857289","10.1590/s1516-73132009000300003","Professor pesquisador: o caso Rosa","2009","Ciência & Educação (Bauru)","https://openalex.org/S2736612050","1516-7313","https://doi.org/10.1590/s1516-73132009000300003","aberto","Alberto Villani; Denise de Freitas; Rosa Brasilis","Denise de Freitas","ECM"
"https://openalex.org/W1975994045","10.1590/s0102-46982009000200013","Quietas e caladas: as atividades de movimento com as crianças na Educação Infantil","2009","Educação em Revista","https://openalex.org/S4210230971","0102-4698","https://doi.org/10.1590/s0102-46982009000200013","aberto","Dijnane Vedovatto; Maria Aparecida Mello","Maria Aparecida Mello; Dijnane Fernanda Vedovatto Machado","EETPC; FPOAE"
"https://openalex.org/W1542430613","10.14572/nuances.v4i4.80","Reações De Crianças E Professores Diante Da Dificuldade De Entendimento Em Salas De Aula: A Visão Dos Alunos","2009","Nuances estudos sobre Educação","https://openalex.org/S4210191935","1413-9855","https://doi.org/10.14572/nuances.v4i4.80","aberto","Alda Junqueira Marin; María Iolanda Monteiro","Maria Iolanda Monteiro","ECS"
"https://openalex.org/W2065716568","10.1590/s1981-77462009000300006","Residência multiprofissional em saúde e pós-graduação lato sensu no Brasil: apontamentos históricos","2009","Trabalho Educação e Saúde","https://openalex.org/S2738869887","1678-1007","https://doi.org/10.1590/s1981-77462009000300006","aberto","Soraya Diniz Rosa; Roseli Esquerdo Lopes","Roseli Esquerdo Lopes","HFSE"
"https://openalex.org/W1994621386","10.1007/s11192-009-0125-8","Scientific knowledge and digital democracy in Brazil: how to assess public health policy debate with applied Scientometrics","2009","Scientometrics","https://openalex.org/S148561398","0138-9130","https://doi.org/10.1007/s11192-009-0125-8","fechado","María Cristina Piumbato Innocentini Hayashi; Danilo Rothberg; Carlos Roberto Massao Hayashi","Carlos Roberto Massao Hayashi; Maria Cristina Piumbato Innocentini Hayashi","HFSE"
"https://openalex.org/W2078927676","10.5585/eccos.v10i2.1346","Visões sociais do magistério","2009","EccoS – Revista Científica","https://openalex.org/S4210177415","1517-1949","https://doi.org/10.5585/eccos.v10i2.1346","aberto","Celso Luiz Aparecido Conti","Celso Luiz Aparecido Conti","EETPC"
"https://openalex.org/W1963832085","10.1590/s0101-73302008000200014","A educação de Sísifo: sobre ressentimento, vingança e amok entre professores e alunos","2008","Educação & Sociedade","https://openalex.org/S2737687728","0101-7330","https://doi.org/10.1590/s0101-73302008000200014","aberto","Antônio Álvaro Soares Zuin","Antonio Alvaro Soares Zuin","ECS"
"https://openalex.org/W4234962875","10.5216/sec.v11i2.5293","A esquizoanálise: um olhar oblíquo sobre corpos, gêneros e sexualidades","2008","Sociedade e Cultura","https://openalex.org/S140628543","1415-8566","https://doi.org/10.5216/sec.v11i2.5293","aberto","Nilson Fernandes Dinis","Nilson Fernandes Dinis","ECS"
"https://openalex.org/W2035476826","10.11606/issn.1984-4506.v0i7p107-122","A problemática socioambiental na formação do arquiteto: perspectivas e desafios apontados por um estudo do currículo de um curso de arquitetura e urbanismo","2008","Risco Revista de Pesquisa em Arquitetura e Urbanismo (Online)","https://openalex.org/S2738686483","1679-3498","https://doi.org/10.11606/issn.1984-4506.v0i7p107-122","aberto","Alessandra Pavesi; Denise de Freitas","Denise de Freitas","ECM"
"https://openalex.org/W2378113300","10.18225/liinc.v4i1.274","Análise de redes de co-autoria na produção científica em educação especial | Analysis of scientific co-authorship in specialized education","2008","Liinc em Revista","https://openalex.org/S2736391685","1808-3536","https://doi.org/10.18225/liinc.v4i1.274","aberto","Maycke Young de Lima; Carlos Roberto Massao Hayashi; María Cristina Piumbato Innocentini Hayashi","Carlos Roberto Massao Hayashi; Maria Cristina Piumbato Innocentini Hayashi","HFSE"
"https://openalex.org/W2016328237","10.5585/eccos.v7i2.421","As pesquisas sobre instituições escolares: o método dialético marxista de investigação","2008","EccoS – Revista Científica","https://openalex.org/S4210177415","1517-1949","https://doi.org/10.5585/eccos.v7i2.421","aberto","Paolo Nosella; Ester Buffa","Paolo Nosella","HFSE"
"https://openalex.org/W2343279007","10.20396/etd.v7i1.592","Competências informacionais para utilização da análise bibliométrica em educação e educação especial","2008","ETD - Educação Temática Digital","https://openalex.org/S2737549463","1676-2592","https://doi.org/10.20396/etd.v7i1.592","aberto","María Cristina Piumbato Innocentini Hayashi; Márcia Regina da Silva; Carlos Roberto Massao Hayashi; Amarílio Ferreira; Leandro Innocentini Lopes de Faria","Carlos Roberto Massao Hayashi; Maria Cristina Piumbato Innocentini Hayashi","HFSE"
"https://openalex.org/W2085905927","10.5585/eccos.v6i1.365","Compromisso político e competência técnica: 20 anos depois","2008","EccoS – Revista Científica","https://openalex.org/S4210177415","1517-1949","https://doi.org/10.5585/eccos.v6i1.365","aberto","Paolo Nosella","Paolo Nosella","HFSE"
"https://openalex.org/W2073404923","10.1590/s0103-73072008000200008","Discursos sobre homossexualidade e gênero na formação em pedagogia","2008","Pro-Posições","https://openalex.org/S4210208850","0103-7307","https://doi.org/10.1590/s0103-73072008000200008","aberto","Nilson Fernandes Dinis; Roberta Ferreira Cavalcanti","Nilson Fernandes Dinis","ECS"
"https://openalex.org/W2134879030","10.1590/s0102-71822008000100004","Do bullying ao preconceito: os desafios da barbárie à educação","2008","Psicologia & Sociedade","https://openalex.org/S102196823","0102-7182","https://doi.org/10.1590/s0102-71822008000100004","aberto","Déborah Christina Antunes; Antônio Álvaro Soares Zuin","Antonio Alvaro Soares Zuin","ECS"
"https://openalex.org/W2070760872","10.1590/s0101-32622008000300004","Educação e ideologia tecnocrática na ditadura militar","2008","Cadernos CEDES","https://openalex.org/S63371229","0101-3262","https://doi.org/10.1590/s0101-32622008000300004","aberto","Amarílio Ferreira; Marisa Bittar","Marisa Bittar","HFSE"
"https://openalex.org/W2107350449","10.1590/s0101-73302008000200009","Educação, relações de gênero e diversidade sexual","2008","Educação & Sociedade","https://openalex.org/S2737687728","0101-7330","https://doi.org/10.1590/s0101-73302008000200009","aberto","Nilson Fernandes Dinis","Nilson Fernandes Dinis","ECS"
"https://openalex.org/W2075875883","10.1590/s0101-73302008000100013","Ética e pesquisa","2008","Educação & Sociedade","https://openalex.org/S2737687728","0101-7330","https://doi.org/10.1590/s0101-73302008000100013","aberto","Paolo Nosella","Paolo Nosella","HFSE"
"https://openalex.org/W2065290539","10.11606/issn.2238-6149.v19i3p144-152","Helena Antipoff e a Fazenda do Rosário: a educação pelo trabalho de meninos ""excepcionais"" na década de 1940","2008","Revista de Terapia Ocupacional da Universidade de São Paulo","https://openalex.org/S4210174686","1415-9104","https://doi.org/10.11606/issn.2238-6149.v19i3p144-152","aberto","Heulália Charalo Rafante; Roseli Esquerdo Lopes","Roseli Esquerdo Lopes","HFSE"
"https://openalex.org/W1574289564","10.1590/s0101-73302008000100010","História da educação brasileira: a produção científica na biblioteca eletrônica SCIELO","2008","Educação & Sociedade","https://openalex.org/S2737687728","0101-7330","https://doi.org/10.1590/s0101-73302008000100010","aberto","María Cristina Piumbato Innocentini Hayashi; Amarílio Ferreira; Marisa Bittar; Carlos Roberto Massao Hayashi; Márcia Regina da Silva","Carlos Roberto Massao Hayashi; Maria Cristina Piumbato Innocentini Hayashi; Marisa Bittar","HFSE"
"https://openalex.org/W1489406876","10.21709/casa.v2i1.636","Inconsciente Et Verbum: Psicanálise, Semiótica, Ciência, Estrutura","2008","CASA Cadernos de Semiótica Aplicada","https://openalex.org/S4210169624","1679-3404","https://doi.org/10.21709/casa.v2i1.636","aberto","Maria Cristina da Silveira Galan Fernandes","Maria Cristina da Silveira Galan Fernandes","EPFH"
"https://openalex.org/W1545044689","10.14393/revedfil.v22n43a2008-913","Indústria cultural, resistência e educação. A teoria do agir comunicativo enquanto possibilidade de emancipação","2008","EDUCAÇÃO E FILOSOFIA","https://openalex.org/S4210237095","0102-6801","https://doi.org/10.14393/revedfil.v22n43a2008-913","aberto","Luiz Roberto Gomes","Luiz Roberto Gomes","ECS"
"https://openalex.org/W2160960049","10.1590/s0104-12902008000300008","Juventude pobre, violência e cidadania","2008","Saúde e Sociedade","https://openalex.org/S2732126","0104-1290","https://doi.org/10.1590/s0104-12902008000300008","aberto","Roseli Esquerdo Lopes; Rubens de Camargo Ferreira Adorno; Ana Paula Serrata Malfitano; Beatriz Akemi Takeiti; Carla Regina Silva; Patrícia Leme de Oliveira Borba","Roseli Esquerdo Lopes","HFSE"
"https://openalex.org/W2153582671","10.1080/00309230701865561","Knowledges and practices of successful literacy teachers (Brazil, 1950–1980)1","2008","Paedagogica Historica","https://openalex.org/S194633539","0030-9230","https://doi.org/10.1080/00309230701865561","fechado","María Iolanda Monteiro; Belmira Oliveira Bueno","Maria Iolanda Monteiro","ECS"
"https://openalex.org/W1966641569","10.5585/eccos.v5i1.329","Novas faces da educação superior no brasil: o neopragmatismo nstitucionalizado","2008","EccoS – Revista Científica","https://openalex.org/S4210177415","1517-1949","https://doi.org/10.5585/eccos.v5i1.329","aberto","João dos Reis Silva Júnior; Celso Prado de Ferraz Carvalho","Joao dos Reis Silva Junior","EPFH"
"https://openalex.org/W1970977596","10.5007/1981-1322.2008v3n1p5","O conceito de número na proposta curricular de matemática do Estado de Santa Catarina: uma análise a luz da abordagem histórico - cultural","2008","Revista Eletrônica de Educação Matemática","https://openalex.org/S4210233558","1981-1322","https://doi.org/10.5007/1981-1322.2008v3n1p5","aberto","Josélia Euzébio da Rosa; Ademir Donizeti Caldeira; Ademir Damázio","Ademir Donizeti Caldeira","ECM"
"https://openalex.org/W2066365169","10.1590/s0101-73302008000200008","Os bastidores da reforma universitária de 1968","2008","Educação & Sociedade","https://openalex.org/S2737687728","0101-7330","https://doi.org/10.1590/s0101-73302008000200008","aberto","José Carlos Rothen","Jose Carlos Rothen","EPFH"
"https://openalex.org/W2136139300","10.1590/s1414-40772008000100008","Para uma história da avaliação da educação superior brasileira: análise dos documentos do PARU, CNRES, GERES e PAIUB","2008","Avaliação Revista da Avaliação da Educação Superior (Campinas)","https://openalex.org/S4210180283","1414-4077","https://doi.org/10.1590/s1414-40772008000100008","aberto","Gladys Beatriz Barreyro; José Carlos Rothen","Jose Carlos Rothen","EPFH"
"https://openalex.org/W2344432181","10.20396/etd.v9i1.746","Párabola do avesso do deserto","2008","ETD - Educação Temática Digital","https://openalex.org/S2737549463","1676-2592","https://doi.org/10.20396/etd.v9i1.746","aberto","Alan Victor Pimenta de Almeida Pales Costa","Alan Victor Pimenta de Almeida Pales Costa","RED"
"https://openalex.org/W1583052324","10.5585/eccos.v9i1.493","Paulo Freire: orgulho dos educadores brasileiros","2008","EccoS – Revista Científica","https://openalex.org/S4210177415","1517-1949","https://doi.org/10.5585/eccos.v9i1.493","aberto","Paolo Nosella","Paolo Nosella","HFSE"
"https://openalex.org/W2797472498","10.5585/eccos.n1.493","Paulo Freire: orgulho dos educadores brasileiros DOI: 10.5585/EccoS.v9i1.493","2008","EccoS – Revista Científica","https://openalex.org/S4210177415","1517-1949","https://doi.org/10.5585/eccos.n1.493","aberto","Paolo Nosella","Paolo Nosella","HFSE"
"https://openalex.org/W2055456497","10.1590/s0101-32622008000100007","Práticas escolares de mobilização de cultura matemática","2008","Cadernos CEDES","https://openalex.org/S63371229","0101-3262","https://doi.org/10.1590/s0101-32622008000100007","aberto","Antônio Miguel; Denise Silva Vilela","Denise Silva Vilela","ECM"
"https://openalex.org/W2235872495","10.5212/olharprofr.v.11i2.313325","PROCESSOS COMPARTILHADOS DE FORMACAO PEDAGOGICA NO ENSINO SUPERIOR ( SHARED PROCESSES OF PEDAGOGICAL FORMATION IN HIGHER EDUCATION )","2008","Olhar de Professor","https://openalex.org/S4210229168","1518-5648","https://doi.org/10.5212/olharprofr.v.11i2.313325","aberto","Elenice Maria Cammarosano Onofre","Elenice Maria Cammarosano Onofre","EPFH"
"https://openalex.org/W1550133548","10.20435/serie-estudos.v0i25.249","Professores e instituições escolares no contexto do regionalismo mato-grossense","2008","Série-Estudos - Periódico do Programa de Pós-Graduação em Educação da UCDB","https://openalex.org/S4210238243","1414-5138","https://doi.org/10.20435/serie-estudos.v0i25.249","aberto","Marisa Bittar; Amarílio Ferreira","Marisa Bittar","HFSE"
"https://openalex.org/W1990725812","10.1590/s1517-97022008000100006","Programa de mentoria online: espaço para o desenvolvimento profissional de professoras iniciantes e experientes","2008","Educação e Pesquisa","https://openalex.org/S2736467988","1517-9702","https://doi.org/10.1590/s1517-97022008000100006","aberto","Aline Maria de Medeiros Rodrigues Reali; Regina Maria Simões Puccinelli Tancredi; Maria da Graça Nicoletti Mizukami","Aline Maria de Medeiros Rodrigues Reali","FPOAE"
"https://openalex.org/W2075189086","10.1590/s1516-73132008000200010","Promovendo o desenvolvimento profissional na formação de professores: a produção de histórias infantis com conteúdo matemático","2008","Ciência & Educação (Bauru)","https://openalex.org/S2736612050","1516-7313","https://doi.org/10.1590/s1516-73132008000200010","aberto","Rosa Maria Moraes Anunciato; Cármen Lúcia Brancaglion Passos","Carmen Lucia Brancaglion Passos; Rosa Maria Moraes Anunciato","ECM; FPOAE"
"https://openalex.org/W1985324453","10.1590/s0103-73072008000100004","Quatro vértices e o vento sobre fundo branco","2008","Pro-Posições","https://openalex.org/S4210208850","0103-7307","https://doi.org/10.1590/s0103-73072008000100004","aberto","Alan Victor Pimenta de Almeida Pales Costa","Alan Victor Pimenta de Almeida Pales Costa","RED"
"https://openalex.org/W2050111628","10.2174/157018008786898554","Synthesis and Biological Evaluation of Novel 6-Deoxy-β -D-Psicofuranosyl Mercaptoheterocyclic Compounds","2008","Letters in Drug Design & Discovery","https://openalex.org/S106940122","1570-1808","https://doi.org/10.2174/157018008786898554","fechado","I. De Lade; Fabiana Marini Braga; Richard Michael Grazul; Elaine Soares Coimbra; A. Da Silva","Fabiana Marini Braga","EETPC"
"https://openalex.org/W2074394572","10.1590/s0103-73072008000200010","Tabus sexuais entre professores e alunos","2008","Pro-Posições","https://openalex.org/S4210208850","0103-7307","https://doi.org/10.1590/s0103-73072008000200010","aberto","Antônio Álvaro Soares Zuin","Antonio Alvaro Soares Zuin","ECS"
"https://openalex.org/W2766877598","10.7213/rfa.v20i26.1459","TOCQUEVILLE, O ASSOCIATIVISMO E ALGUNS APONTAMENTOS SOBRE O TERCEIRO SETOR","2008","Revista de Filosofia Aurora","https://openalex.org/S72374489","0104-4443","https://doi.org/10.7213/rfa.v20i26.1459","aberto","Luís Antônio Groppo","Luís Antonio Groppo","HFSE"
"https://openalex.org/W2029483685","10.4000/eces.1356","Um projeto socioambiental para o currículo: problematizações e perspectivas para a educação superior","2008","e-cadernos CES","https://openalex.org/S2738611004","1647-0737","https://doi.org/10.4000/eces.1356","aberto","Carmen Roselaine de Oliveira Faria; Denise de Freitas","Denise de Freitas","ECM"
"https://openalex.org/W1994738380","10.11606/issn.2238-6149.v19i3p159-166","XI Encontro Nacional de Docentes de Terapia Ocupacional: refletindo sobre os processos de formação acadêmica e profissional","2008","Revista de Terapia Ocupacional da Universidade de São Paulo","https://openalex.org/S4210174686","1415-9104","https://doi.org/10.11606/issn.2238-6149.v19i3p159-166","aberto","Roseli Esquerdo Lopes; Fátima Corrêa Oliver; Ana Paula Serrata Malfitano; Sandra Maria Galheigo; Marta Carvalho de Almeida","Roseli Esquerdo Lopes","HFSE"
"https://openalex.org/W1835844116","10.20435/serie-estudos.v0i24.254","""A Sociologia dos Países Subdesenvolvidos"" como configuração do vale de lágrimas: do manuscrito de Álvaro Vieira Pinto","2007","Série-Estudos - Periódico do Programa de Pós-Graduação em Educação da UCDB","https://openalex.org/S4210238243","1414-5138","https://doi.org/10.20435/serie-estudos.v0i24.254","aberto","José Ernesto de Fáveri; Paolo Nosella","Paolo Nosella","HFSE"
"https://openalex.org/W2102522431","10.1590/s0104-80232007000100004","A homossexualidade e a perspectiva foucaultiana","2007","Revista do Departamento de Psicologia UFF","https://openalex.org/S2739420042","0104-8023","https://doi.org/10.1590/s0104-80232007000100004","aberto","Francis Madlener; Nilson Fernandes Dinis","Nilson Fernandes Dinis","ECS"
"https://openalex.org/W2093938059","10.5007/1518-2924.2006v11n21p49","A temática do desenvolvimento sustentável em grupos de pesquisa","2007","Encontros Bibli Revista Eletrônica de Biblioteconomia e Ciência da Informação","https://openalex.org/S2738714733","1518-2924","https://doi.org/10.5007/1518-2924.2006v11n21p49","aberto","María Cristina Comunian Ferraz; María Cristina Piumbato Innocentini Hayashi; Carlos Roberto Massao Hayashi","Carlos Roberto Massao Hayashi; Maria Cristina Piumbato Innocentini Hayashi","HFSE"
"https://openalex.org/W2143549583","10.11606/issn.1981-0490.v10i1p105-120","Aspectos teóricos e metodológicos da pesquisa em saúde mental e trabalho: reflexões a partir de uma análise comparativa do estresse em jornalistas e guardas municipais","2007","Cadernos de Psicologia Social do Trabalho","https://openalex.org/S4210176090","1516-3717","https://doi.org/10.11606/issn.1981-0490.v10i1p105-120","aberto","Eduardo Pinto e Silva; Roberto Heloani","Eduardo Pinto e Silva","EPFH"
"https://openalex.org/W1997866374","10.1590/s0104-40602007000200006","Educação sexual na perspectiva histórico-cultural","2007","Educar em Revista","https://openalex.org/S152657728","0104-4060","https://doi.org/10.1590/s0104-40602007000200006","aberto","Nilson Fernandes Dinis; Araci Asinelli-Luz","Nilson Fernandes Dinis","ECS"
"https://openalex.org/W2142387841","10.5212/publ.humanas.v15i2.602","EDUCAÇÃO, CONSENSO E EMANCIPAÇÃO NA TEORIA DA AÇÃO COMUNICATIVA DE HABERMAS","2007","Publicatio UEPG: Ciências Humanas, Linguistica, Letras e Artes","https://openalex.org/S4306525007","2316-3755","https://doi.org/10.5212/publ.humanas.v15i2.602","fechado","Luiz Roberto Gomes","Luiz Roberto Gomes","ECS"
"https://openalex.org/W1723584044","10.5212/publ.humanas.v15i1.594","ENSINO MÉDIO NO BRASIL: DETERMINAÇÕES HISTÓRICAS","2007","Publicatio UEPG: Ciências Humanas, Linguistica, Letras e Artes","https://openalex.org/S4306525007","2316-3755","https://doi.org/10.5212/publ.humanas.v15i1.594","fechado","Manoel Nelito Matheus Nascimento","Manoel Nelito Matheus Nascimento","RED"
"https://openalex.org/W2203075963","10.7213/rde.v7i22.4222","FORMAÇÃO DE PROFESSORES COMO PESQUISADORES EM EDUCAÇÃO","2007","Revista Diálogo Educacional","https://openalex.org/S4306527104","1518-3483","https://doi.org/10.7213/rde.v7i22.4222","aberto","Marcos Francisco Martins; Luís Antônio Groppo","Luís Antonio Groppo","HFSE"
"https://openalex.org/W1984044980","10.1590/s0103-37862007000200007","Indicadores da participação feminina em Ciência e Tecnologia","2007","Transinformação","https://openalex.org/S182966198","0103-3786","https://doi.org/10.1590/s0103-37862007000200007","aberto","María Cristina Piumbato Innocentini Hayashi; Rodrigo de Castro Cabrero; Maria da Piedade Resende da Costa; Carlos Roberto Massao Hayashi","Carlos Roberto Massao Hayashi; Maria Cristina Piumbato Innocentini Hayashi","HFSE"
"https://openalex.org/W2085853144","10.11606/issn.2238-6149.v18i3p158-164","O campo da educação e demandas para a terapia ocupacional no Brasil","2007","Revista de Terapia Ocupacional da Universidade de São Paulo","https://openalex.org/S4210174686","1415-9104","https://doi.org/10.11606/issn.2238-6149.v18i3p158-164","aberto","Roseli Esquerdo Lopes; Carla Regina Silva","Roseli Esquerdo Lopes","HFSE"
"https://openalex.org/W2344521160","10.3895/rts.v3n5.2504","Proposta de um modelo de desenvolvimento de produtos para propriedades familiares fundamentado na metodologia de Paulo Freire para extensão rural","2007","Revista Tecnologia e Sociedade","https://openalex.org/S2736415861","1809-0044","https://doi.org/10.3895/rts.v3n5.2504","aberto","Poliana Bruno Zuin; Luís Fernando Soares Zuin","Poliana Bruno Zuin","HFSE"
"https://openalex.org/W2392475552","10.37781/vidya.v27i1.346","PSICOPEDAGOGIA: APARANDO ARESTAS PELA HISTÓRIA","2007","VIDYA","https://openalex.org/S4306534263","","https://doi.org/10.37781/vidya.v27i1.346","fechado","Géssica Priscila Ramos","Gessica Priscila Ramos","EPFH"
"https://openalex.org/W1530895561","10.20396/conex.v5i1.8637978","Quem dita os “rumos” das publicações científicas originadas de dissertações e teses? Reflexão para a área da educação física","2007","Conexões","https://openalex.org/S4210226967","1516-4381","https://doi.org/10.20396/conex.v5i1.8637978","aberto","Michele Silva Sacardo; María Cristina Piumbato Innocentini Hayashi","Maria Cristina Piumbato Innocentini Hayashi","HFSE"
"https://openalex.org/W2050140175","10.1007/s11191-007-9116-4","Science Teacher Education in Brazil: 1950–2000","2007","Science & Education","https://openalex.org/S4210167823","0926-7220","https://doi.org/10.1007/s11191-007-9116-4","fechado","Alberto Villani; Jesuína Lopes de Almeida Pacca; Denise de Freitas","Denise de Freitas","ECM"
"https://openalex.org/W1698306547","10.7213/rde.v7i21.4588","SINAES: DO DOCUMENTO ORIGINAL À LEGISLAÇÃO","2007","Revista Diálogo Educacional","https://openalex.org/S4306527104","1518-3483","https://doi.org/10.7213/rde.v7i21.4588","aberto","José Carlos Rothen; Almiro Schulz","Jose Carlos Rothen","EPFH"
"https://openalex.org/W2322271848","10.15603/2176-1043/el.v10n15p138-160","Sobrevivendo ao Início da Carreira Docente e Permanecendo Nela. Como? Por quê? O que Dizem Alguns Estudos","2007","Educação & Linguagem","https://openalex.org/S2736761992","1415-9902","https://doi.org/10.15603/2176-1043/el.v10n15p138-160","aberto","Emilía Freitas de Lima; A.M. Corsi; Andreas Mariano; Heloisa Helena Cavalcante Monteiro; S.V. Pizzo; G.A. Rocha; M.F.L. Silveira","Emilia Freitas de Lima","EETPC"
"https://openalex.org/W1995911638","10.1590/s0101-73302007000400014","The Matrix: a aventura da formação no mundo tecnologizado","2007","Educação & Sociedade","https://openalex.org/S2737687728","0101-7330","https://doi.org/10.1590/s0101-73302007000400014","aberto","Flávio Caetano da Silva","Flavio Caetano da Silva","ECS"
"https://openalex.org/W2019854522","10.1590/s1413-24782007000100011","Trabalho e perspectivas de formação dos trabalhadores: para além da formação politécnica","2007","Revista Brasileira de Educação","https://openalex.org/S2736711335","1413-2478","https://doi.org/10.1590/s1413-24782007000100011","aberto","Paolo Nosella","Paolo Nosella","HFSE"
"https://openalex.org/W2068860210","10.1590/s0101-73302006000300015","""SINAES"" contraditórios: considerações sobre a elaboração e implantação do Sistema Nacional de Avaliação da Educação Superior","2006","Educação & Sociedade","https://openalex.org/S2737687728","0101-7330","https://doi.org/10.1590/s0101-73302006000300015","aberto","Gladys Beatriz Barreyro; José Carlos Rothen","Jose Carlos Rothen","EPFH"
"https://openalex.org/W2139474205","10.1590/s0101-73302006000400005","A ditadura militar e a proletarização dos professores","2006","Educação & Sociedade","https://openalex.org/S2737687728","0101-7330","https://doi.org/10.1590/s0101-73302006000400005","aberto","Amarílio Ferreira; Marisa Bittar","Marisa Bittar","HFSE"
"https://openalex.org/W2083935709","10.1590/s0101-73302006000100004","A vingança do fetiche: reflexões sobre indústria cultural, educação pela dureza e vício","2006","Educação & Sociedade","https://openalex.org/S2737687728","0101-7330","https://doi.org/10.1590/s0101-73302006000100004","aberto","Antônio Álvaro Soares Zuin","Antonio Alvaro Soares Zuin","ECS"
"https://openalex.org/W2086723986","10.1590/s1414-32832006000200016","Ação social e intersetorialidade: relato de uma experiência na interface entre saúde, educação e cultura","2006","Interface - Comunicação Saúde Educação","https://openalex.org/S4210167574","1414-3283","https://doi.org/10.1590/s1414-32832006000200016","aberto","Roseli Esquerdo Lopes; Ana Paula Serrata Malfitano","Roseli Esquerdo Lopes","HFSE"
"https://openalex.org/W2073345396","10.1590/s1413-65382006000300006","Avaliação de aspectos formais em quatro periódicos científicos na área de educação especial","2006","Revista Brasileira de Educação Especial","https://openalex.org/S4210190154","1413-6538","https://doi.org/10.1590/s1413-65382006000300006","aberto","María Cristina Piumbato Innocentini Hayashi; Carlos Roberto Massao Hayashi; Maycke Young de Lima; Márcia Regina da Silva; Érica Aparecida Garrutti","Carlos Roberto Massao Hayashi; Maria Cristina Piumbato Innocentini Hayashi","HFSE"
"https://openalex.org/W1587503110","10.5433/1981-8920.2006v11n2p100","Competências em CT&I: um estudo exploratório no Portal Inovação","2006","Informação & Informação","https://openalex.org/S2739172281","1414-2139","https://doi.org/10.5433/1981-8920.2006v11n2p100","aberto","María Cristina Piumbato Innocentini Hayashi; Carlos Roberto Massao Hayashi; Márcia Regina da Silva","Carlos Roberto Massao Hayashi; Maria Cristina Piumbato Innocentini Hayashi","HFSE"
"https://openalex.org/W2148817860","10.1590/s0101-73302006000300014","Educação a distância ou educação distante?O Programa Universidade Aberta do Brasil, o tutor e o professor virtual","2006","Educação & Sociedade","https://openalex.org/S2737687728","0101-7330","https://doi.org/10.1590/s0101-73302006000300014","aberto","Antônio Álvaro Soares Zuin","Antonio Alvaro Soares Zuin","ECS"
"https://openalex.org/W1550511002","10.20396/rdbci.v3i2.2042","Indicadores de CT&I no Pólo Tecnológico de São Carlos","2006","RDBCI Revista Digital de Biblioteconomia e Ciência da Informação","https://openalex.org/S2737422535","1678-765X","https://doi.org/10.20396/rdbci.v3i2.2042","aberto","María Cristina Piumbato Innocentini Hayashi; Leandro Innocentini Lopes de Faria; Wanda Aparecida Machado Hoffmann; Carlos Roberto Massao Hayashi; María Cristina Comunian Ferraz","Carlos Roberto Massao Hayashi; Maria Cristina Piumbato Innocentini Hayashi","HFSE"
"https://openalex.org/W1571941762","10.11606/issn.2177-580x.v1i1p175-191","Pesquisa em Educação Ambiental: um panorama de suas tendências metodológicas","2006","Pesquisa em Educação Ambiental","https://openalex.org/S4210169803","1980-1165","https://doi.org/10.11606/issn.2177-580x.v1i1p175-191","aberto","Denise de Freitas; Haydée Torres de Oliveira","Denise de Freitas","ECM"
"https://openalex.org/W2073560313","10.1071/rdv18n2ab66","66 HISTIOTROPHIC NUTRITION AND IRON TRANSFER ACROSS THE MATERNO-FETAL INTERFACE IN NUCLEAR TRANSFER-DERIVED SOMATIC CATTLE CLONES","2005","Reproduction Fertility and Development","https://openalex.org/S199941106","1031-3613","https://doi.org/10.1071/rdv18n2ab66","fechado","Fernando Silva Pereira; Flávio Vieira Meirelles; Fabiana Marini Braga; J. A. Visintin; R. Rumpf; Joaquim Mansano Garcia; José Roberto Kfoury; Lilian J. Oliveira; Jhonatas Sirino Monteiro; Paula de Carvalho Papa; Ana Catarina Carvalho; Aristóteles Passos Araújo Neto; Carlos Eduardo Ambrósio; FW Bazer; M. A. Miglino","Fabiana Marini Braga","EETPC"
"https://openalex.org/W1904436228","10.20396/cemarx.v2i2.10824","A concepção de homem em Marx e Engels e o programa socialista do século XXI","2005","Cadernos Cemarx","https://openalex.org/S4210176898","1980-2099","https://doi.org/10.20396/cemarx.v2i2.10824","aberto","Marisa Bittar; Amarílio Ferreira","Marisa Bittar","HFSE"
"https://openalex.org/W1995673292","10.11606/issn.2238-6149.v16i2p54-61","A experimentação teórico-prática do aluno de Terapia Ocupacional no campo social: uma vivência com a população em situação de rua","2005","Revista de Terapia Ocupacional da Universidade de São Paulo","https://openalex.org/S4210174686","1415-9104","https://doi.org/10.11606/issn.2238-6149.v16i2p54-61","aberto","Roseli Esquerdo Lopes; Ariane Machado Palma; Tiy de Albuquerque Maranhão Reis","Roseli Esquerdo Lopes","HFSE"
"https://openalex.org/W2019043286","10.1590/s1516-73132005000100012","A interdisciplinaridade e o trabalho coletivo: análise de um planejamento interdisciplinar","2005","Ciência & Educação (Bauru)","https://openalex.org/S2736612050","1516-7313","https://doi.org/10.1590/s1516-73132005000100012","aberto","Célia Weigert; Alberto Villani; Denise de Freitas","Denise de Freitas","ECM"
"https://openalex.org/W2073701129","10.1590/s1413-24782005000200002","A nova lei de educação superior: fortalecimento do setor público e regulação do privado/mercantil ou continuidade da privatização e mercantilização do público?","2005","Revista Brasileira de Educação","https://openalex.org/S2736711335","1413-2478","https://doi.org/10.1590/s1413-24782005000200002","aberto","João dos Reis Silva Júnior; Valdemar Sguíssardi","Joao dos Reis Silva Junior","EPFH"
"https://openalex.org/W4234775434","10.1590/0104-4060.380","Apresentação","2005","Educar em Revista","https://openalex.org/S152657728","0104-4060","https://doi.org/10.1590/0104-4060.380","aberto","Nilson Fernandes Dinis","Nilson Fernandes Dinis","ECS"
"https://openalex.org/W2161839128","10.1590/s0101-73302005000100010","Compromisso político e competência técnica: 20 anos depois","2005","Educação & Sociedade","https://openalex.org/S2737687728","0101-7330","https://doi.org/10.1590/s0101-73302005000100010","aberto","Paolo Nosella","Paolo Nosella","HFSE"
"https://openalex.org/W3128769797","10.30979/rev.abeno.v5i1.1477","Dental students and education","2005","Revista da ABENO","https://openalex.org/S4210200158","1679-5954","https://doi.org/10.30979/rev.abeno.v5i1.1477","aberto","Aline Guerra Aquilante","Aline Guerra Aquilante","PSPE"
"https://openalex.org/W2614340212","10.1590/0104-4060.384","Educação, cinema e alteridade","2005","Educar em Revista","https://openalex.org/S152657728","0104-4060","https://doi.org/10.1590/0104-4060.384","aberto","Nilson Fernandes Dinis","Nilson Fernandes Dinis","ECS"
"https://openalex.org/W2061123172","10.11606/issn.2238-6149.v16i1p31-39","Estudo sobre a incorporação da terapia ocupacional no contexto das ações de saúde mental e saúde da pessoa com deficiência no Município de São Paulo entre 1989 e 1993","2005","Revista de Terapia Ocupacional da Universidade de São Paulo","https://openalex.org/S4210174686","1415-9104","https://doi.org/10.11606/issn.2238-6149.v16i1p31-39","aberto","Fátima Corrêa Oliver; Denise Dias Barros; Roseli Esquerdo Lopes","Roseli Esquerdo Lopes","HFSE"
"https://openalex.org/W1847389649","10.20396/cemarx.v1i2.10794","O marxismo como referencial teórico nas dissertações de mestrado em educação da UFSCar (1976-1993)","2005","Cadernos Cemarx","https://openalex.org/S4210176898","1980-2099","https://doi.org/10.20396/cemarx.v1i2.10794","aberto","Amarílio Ferreira; Marisa Bittar","Marisa Bittar","HFSE"
"https://openalex.org/W2061026295","10.1590/s0102-64452005000100006","Tranculturação e novas utopias","2005","Lua Nova Revista de Cultura e Política","https://openalex.org/S2739021707","0102-6445","https://doi.org/10.1590/s0102-64452005000100006","aberto","Luís Antônio Groppo","Luís Antonio Groppo","HFSE"
"https://openalex.org/W1547904964","10.1071/rdv17n2ab118","118 TRANSFER OF IRON FROM MOTHER TO FETUS IN WATER BUFFALO: ERYTROPHAGOCYTOSIS AND UTEROFERRIN","2004","Reproduction Fertility and Development","https://openalex.org/S199941106","1031-3613","https://doi.org/10.1071/rdv17n2ab118","aberto","Fernando Silva Pereira; Fabiana Marini Braga; José Roberto Kfoury; Lilian J. Oliveira; Paula de Carvalho Papa; Ana Catarina Carvalho; Aguemi Kohayagawa; William C. Hamlett; Sı́lvia Catarina Salgado Oloris; M.L. Dagli; FW Bazer; María Angélica Miglino","Fabiana Marini Braga","EETPC"
"https://openalex.org/W1997908850","10.1016/j.jmmm.2003.11.359","Anomalous slow dynamics in quantum spin chains","2004","Journal of Magnetism and Magnetic Materials","https://openalex.org/S3649266","0304-8853","https://doi.org/10.1016/j.jmmm.2003.11.359","fechado","Joelson Gonçalves de Carvalho; Djalma Medeiros; G. G. Cabrera","Joelson Gonçalves de Carvalho","EPFH"
"https://openalex.org/W2123245042","10.1590/s0101-73302004000100009","Pluralidade lingüística, escola de bê-á-bá e teatro jesuítico no Brasil do século XVI","2004","Educação & Sociedade","https://openalex.org/S2737687728","0101-7330","https://doi.org/10.1590/s0101-73302004000100009","aberto","Amarílio Ferreira; Marisa Bittar","Marisa Bittar","HFSE"
"https://openalex.org/W2085512147","10.14507/epaa.v12n2.2004","Privatization of Rights in the Nineties: The Role Of Political Municipal Education","2004","Education Policy Analysis Archives","https://openalex.org/S137104927","1068-2341","https://doi.org/10.14507/epaa.v12n2.2004","aberto","João dos Reis Silva Júnior","Joao dos Reis Silva Junior","EPFH"
"https://openalex.org/W2061485223","10.1179/otb.2004.49.1.007","The Education of Occupational Therapists in Brazil: History and Perspectives","2004","World Federation of Occupational Therapists Bulletin","https://openalex.org/S2764349063","1447-3828","https://doi.org/10.1179/otb.2004.49.1.007","fechado","Roseli Esquerdo Lopes; Michelle Hahn","Roseli Esquerdo Lopes","HFSE"
"https://openalex.org/W1999282624","10.1590/s1678-77572003000400003","Análise do perfil profissional de cirurgiões-dentistas graduados na Faculdade de Odontologia de Bauru- USP entre os anos de 1996 e 2000","2003","Journal of Applied Oral Science","https://openalex.org/S127170475","1678-7757","https://doi.org/10.1590/s1678-77572003000400003","aberto","José Roberto de Magalhães Bastos; Aline Guerra Aquilante; Beatriz Simões de Almeida; José Roberto Pereira Lauris; Vitoriano Truvijo Bijella","Aline Guerra Aquilante","PSPE"
"https://openalex.org/W4251821119","10.1590/s0101-73302003000200002","Apresentação","2003","Educação & Sociedade","https://openalex.org/S2737687728","0101-7330","https://doi.org/10.1590/s0101-73302003000200002","aberto","Antônio Álvaro Soares Zuin; Bruno Pucci; Newton Ramos-de-Oliveira","Antonio Alvaro Soares Zuin","ECS"
"https://openalex.org/W2009850226","10.1590/s0100-15742003000100007","Escola e fábrica: vozes de trabalhadores em uma indústria de ponta","2003","Cadernos de Pesquisa","https://openalex.org/S4210172135","0100-1574","https://doi.org/10.1590/s0100-15742003000100007","aberto","Celso João Ferretti; Dagmar M. I. Zibas; Gisela Lobo B. P. Tartuce; João dos Reis Silva Júnior","Joao dos Reis Silva Junior","EPFH"
"https://openalex.org/W2049806193","10.5380/rel.v59i0.2835","NA BUSCA DA PERCEPÇÃO PERDIDA: CAMINHOS MERLEAU-PONTYANOS EM CLARICE LISPECTOR","2003","Revista Letras","https://openalex.org/S4210207674","0100-0888","https://doi.org/10.5380/rel.v59i0.2835","aberto","Nilson Fernandes Dinis","Nilson Fernandes Dinis","ECS"
"https://openalex.org/W1993922245","10.5380/psi.v7i1.3211","Nobreza e Servidão em Nietzsche: um desafio ético para a Psicologia Social","2003","Interação em Psicologia","https://openalex.org/S4210218465","1981-8068","https://doi.org/10.5380/psi.v7i1.3211","aberto","Nilson Fernandes Dinis","Nilson Fernandes Dinis","ECS"
"https://openalex.org/W2614622140","10.1590/0104-4060.295","Pedagogia e literatura: crianças e bichos na literatura infantil de Clarice Lispector","2003","Educar em Revista","https://openalex.org/S152657728","0104-4060","https://doi.org/10.1590/0104-4060.295","aberto","Nilson Fernandes Dinis","Nilson Fernandes Dinis","ECS"
"https://openalex.org/W2016397021","10.11606/issn.2238-6149.v14i3p110-117","Programa de saúde da família e agentes comunitários: demandas para além da saúde básica","2003","Revista de Terapia Ocupacional da Universidade de São Paulo","https://openalex.org/S4210174686","1415-9104","https://doi.org/10.11606/issn.2238-6149.v14i3p110-117","aberto","Ana Paula Serrata Malfitano; Roseli Esquerdo Lopes","Roseli Esquerdo Lopes","HFSE"
"https://openalex.org/W2124893319","10.1590/s1413-24782003000300007","Reformas do Estado e da educação e as políticas públicas para a formação de professores a distância: implicações políticas e teóricas","2003","Revista Brasileira de Educação","https://openalex.org/S2736711335","1413-2478","https://doi.org/10.1590/s1413-24782003000300007","aberto","João dos Reis Silva Júnior","Joao dos Reis Silva Junior","EPFH"
"https://openalex.org/W2035218916","10.1590/s0101-73302003000200005","Sobre a atualidade dos tabus com relação aos professores","2003","Educação & Sociedade","https://openalex.org/S2737687728","0101-7330","https://doi.org/10.1590/s0101-73302003000200005","aberto","Antônio Álvaro Soares Zuin","Antonio Alvaro Soares Zuin","ECS"
"https://openalex.org/W2165657963","10.1590/s0101-73302002008000011","Mudanças estruturais no capitalismo e a política educacional do Governo FHC: o caso do ensino médio","2002","Educação & Sociedade","https://openalex.org/S2737687728","0101-7330","https://doi.org/10.1590/s0101-73302002008000011","aberto","João dos Reis Silva Júnior","Joao dos Reis Silva Junior","EPFH"
"https://openalex.org/W2021772032","10.1590/s1413-24782002000300017","O empresariamento da educação: novos contornos do ensino superior no Brasil dos anos 1990","2002","Revista Brasileira de Educação","https://openalex.org/S2736711335","1413-2478","https://doi.org/10.1590/s1413-24782002000300017","aberto","João dos Reis Silva Júnior","Joao dos Reis Silva Junior","EPFH"
"https://openalex.org/W2038526038","10.1590/s0101-73302002000300012","O trote no curso de pedagogia e a prazerosa integração sadomasoquista","2002","Educação & Sociedade","https://openalex.org/S2737687728","0101-7330","https://doi.org/10.1590/s0101-73302002000300012","aberto","Antônio Álvaro Soares Zuin","Antonio Alvaro Soares Zuin","ECS"
"https://openalex.org/W2094187981","10.11606/issn.2238-6149.v13i2p56-63","Terapeutas ocupacionais e os centros de convivência e cooperativas: novas ações de saúde","2002","Revista de Terapia Ocupacional da Universidade de São Paulo","https://openalex.org/S4210174686","1415-9104","https://doi.org/10.11606/issn.2238-6149.v13i2p56-63","aberto","Roseli Esquerdo Lopes; Adriana Leão","Roseli Esquerdo Lopes","HFSE"
"https://openalex.org/W2089008271","10.11606/issn.2238-6149.v13i3p95-103","Terapia ocupacional social","2002","Revista de Terapia Ocupacional da Universidade de São Paulo","https://openalex.org/S4210174686","1415-9104","https://doi.org/10.11606/issn.2238-6149.v13i3p95-103","aberto","Denise Dias Barros; Maria Isabel Garcez Ghirardi; Roseli Esquerdo Lopes","Roseli Esquerdo Lopes","HFSE"
"https://openalex.org/W1553316292","10.31496/rpd.v1i1.27","EDUCAÇÃO AMBIENTAL E SUAS IMPLICAÇÕES NA FORMAÇÃO DO PROFESSOR DE MATEMÁTICA","2001","Revista Profissão Docente","https://openalex.org/S4210167576","1519-0919","https://doi.org/10.31496/rpd.v1i1.27","aberto","Ademir Donizeti Caldeira","Ademir Donizeti Caldeira","ECM"
"https://openalex.org/W2116221048","10.1590/s1414-98932001000400003","Ética, loucura e normalização: um diálogo entre a psicanálise e Michel Foucault","2001","Psicologia Ciência e Profissão","https://openalex.org/S2739370219","1414-9893","https://doi.org/10.1590/s1414-98932001000400003","aberto","Eduardo Pinto e Silva","Eduardo Pinto e Silva","EPFH"
"https://openalex.org/W4399255976","10.11606/issn.2238-6149.rto.2001.224307","O espaço do brincante na experiência do Projeto Casarão","2001","Revista de Terapia Ocupacional da Universidade de São Paulo","https://openalex.org/S4210174686","1415-9104","https://doi.org/10.11606/issn.2238-6149.rto.2001.224307","aberto","Roseli Esquerdo Lopes; Denise Dias Barros; Ana Paula Serrata Malfitano; Débora Galvani","Roseli Esquerdo Lopes","HFSE"
"https://openalex.org/W4399255978","10.11606/issn.2238-6149.rto.2001.224298","Políticas de saúde no Brasil: construções, contradições e avanços","2001","Revista de Terapia Ocupacional da Universidade de São Paulo","https://openalex.org/S4210174686","1415-9104","https://doi.org/10.11606/issn.2238-6149.rto.2001.224298","aberto","Roseli Esquerdo Lopes","Roseli Esquerdo Lopes","HFSE"
"https://openalex.org/W1991425619","10.1080/13632460109350398","REPEATABLE DYNAMIC RELEASE TESTS ON A BASE-ISOLATED BUILDING","2001","Journal of Earthquake Engineering","https://openalex.org/S99961174","1363-2469","https://doi.org/10.1080/13632460109350398","fechado","A. Bixio; Mauro Dolce; Domenico Salvatore Nigro; Felice Carlo Ponzo; Fabiana Marini Braga; M. Nicoletti","Fabiana Marini Braga","EETPC"
"https://openalex.org/W2074095714","10.1590/s0101-32622001000200002","Sobre a atualidade do conceito de Indústria Cultural","2001","Cadernos CEDES","https://openalex.org/S63371229","0101-3262","https://doi.org/10.1590/s0101-32622001000200002","aberto","Antônio Álvaro Soares Zuin","Antonio Alvaro Soares Zuin","ECS"
"https://openalex.org/W4230437224","10.1163/15718080120493146","Toward the Elimination of Substandard Shipping: The Report of the International Commission on Shipping","2001","The International Journal of Marine and Coastal Law","https://openalex.org/S20683218","0927-3522","https://doi.org/10.1163/15718080120493146","fechado","María Cristina Piumbato Innocentini Hayashi","Maria Cristina Piumbato Innocentini Hayashi","HFSE"
"https://openalex.org/W2733836700","10.48075/rfc.v12i16.7435","A ATUAL POLÍTICA PARA A EDUCAÇÃO NO BRASIL: A ESCOLA E A CULTURA DO DESEMPENHO","2000","Revista Faz Ciência","https://openalex.org/S4210211737","1677-0439","https://doi.org/10.48075/rfc.v12i16.7435","aberto","Paolo Nosella","Paolo Nosella","HFSE"
"https://openalex.org/W2164203991","10.1590/s0100-15742000000100003","Educação profissional numa sociedade sem empregos","2000","Cadernos de Pesquisa","https://openalex.org/S4210172135","0100-1574","https://doi.org/10.1590/s0100-15742000000100003","aberto","Celso João Ferretti; João dos Reis Silva Júnior","Joao dos Reis Silva Junior","EPFH"
"https://openalex.org/W2950764978","10.48160/18517072re13.875","Dewey y la universidad norteamericana. Una relación gramsciana","1999","Redes Revista de Estudios Sociales de la Ciencia y la Tecnología","https://openalex.org/S4210240056","0328-3186","https://doi.org/10.48160/18517072re13.875","aberto","José Carlos Rothen","Jose Carlos Rothen","EPFH"
"https://openalex.org/W1195549788","10.11606/issn.2238-6149.rto.1999.224493","Terapia ocupacional e sociedade","1999","Revista de Terapia Ocupacional da Universidade de São Paulo","https://openalex.org/S4210174686","1415-9104","https://doi.org/10.11606/issn.2238-6149.rto.1999.224493","aberto","Denise Dias Barros; Maria Isabel Garcez Ghirardi; Roseli Esquerdo Lopes","Roseli Esquerdo Lopes","HFSE"
"https://openalex.org/W4399257045","10.11606/issn.2238-6149.rto..225555","A direção que construímos: algumas reflexões sobre a formação do terapeuta ocupacional","1993","Revista de Terapia Ocupacional da Universidade de São Paulo","https://openalex.org/S4210174686","1415-9104","https://doi.org/10.11606/issn.2238-6149.rto..225555","aberto","Roseli Esquerdo Lopes","Roseli Esquerdo Lopes","HFSE"
"https://openalex.org/W1991810526","10.1590/s0004-282x1993000300012","Actinomicose do sistema nervoso central: uma rara complicação da actinomicose cervicofacial","1993","Arquivos de Neuro-Psiquiatria","https://openalex.org/S166523383","0004-282X","https://doi.org/10.1590/s0004-282x1993000300012","aberto","Adriana Cristina Pedroso Ferraz; Craveiro Melo; Ester Lavratti Pereira; João Norberto Stávale; R. G. Nogueira; Alberto A. Gabbai; Suzana Mária Fleury Malheiros; Mirto Nelso Prandini; Fabiana Marini Braga","Fabiana Marini Braga","EETPC"
"https://openalex.org/W4399253253","10.11606/issn.2238-6149.rto.1990.224304","Currículo mínimo para a Terapia Ocupacional; uma questão técnico-ideológica","1990","Revista de Terapia Ocupacional da Universidade de São Paulo","https://openalex.org/S4210174686","1415-9104","https://doi.org/10.11606/issn.2238-6149.rto.1990.224304","aberto","Roseli Esquerdo Lopes","Roseli Esquerdo Lopes","HFSE"
